BOARDID,TRADEDATE,SECID,OPEN,LOW,HIGH,CLOSE,OPENPOSITIONVALUE,VALUE,VOLUME,OPENPOSITION,SETTLEPRICE,SWAPRATE,WAPRICE,CHANGE,QTY,NUMTRADES,SHORTNAME,ASSETCODE,SECID_REQUESTED
RFUD,2024-01-03,MMH7,,,,,0.0,,,0,4575.45,0.0,,,,0,MXI-3.27,MXI,MMH7
RFUD,2024-01-04,MMH7,,,,,0.0,,,0,4565.05,0.0,,,,0,MXI-3.27,MXI,MMH7
RFUD,2024-01-05,MMH7,,,,,0.0,,,0,4212.35,0.0,,,,0,MXI-3.27,MXI,MMH7
RFUD,2024-01-08,MMH7,,,,,0.0,,,0,4211.85,0.0,,,,0,MXI-3.27,MXI,MMH7
RFUD,2024-01-09,MMH7,,,,,0.0,,,0,4228.95,0.0,,,,0,MXI-3.27,MXI,MMH7
RFUD,2024-01-10,MMH7,,,,,0.0,,,0,4223.3,0.0,,,,0,MXI-3.27,MXI,MMH7
RFUD,2024-01-11,MMH7,,,,,0.0,,,0,4227.5,0.0,,,,0,MXI-3.27,MXI,MMH7
RFUD,2024-01-12,MMH7,,,,,0.0,,,0,4289.4,0.0,,,,0,MXI-3.27,MXI,MMH7
RFUD,2024-01-15,MMH7,,,,,0.0,,,0,4293.05,0.0,,,,0,MXI-3.27,MXI,MMH7
RFUD,2024-01-16,MMH7,,,,,0.0,,,0,4291.1,0.0,,,,0,MXI-3.27,MXI,MMH7
RFUD,2024-01-17,MMH7,,,,,0.0,,,0,4299.5,0.0,,,,0,MXI-3.27,MXI,MMH7
RFUD,2024-01-18,MMH7,,,,,0.0,,,0,4296.85,0.0,,,,0,MXI-3.27,MXI,MMH7
RFUD,2024-01-19,MMH7,,,,,0.0,,,0,4294.45,0.0,,,,0,MXI-3.27,MXI,MMH7
RFUD,2024-01-22,MMH7,,,,,0.0,,,0,4281.6,0.0,,,,0,MXI-3.27,MXI,MMH7
RFUD,2024-01-23,MMH7,,,,,0.0,,,0,4287.25,0.0,,,,0,MXI-3.27,MXI,MMH7
RFUD,2024-01-24,MMH7,,,,,0.0,,,0,4274.05,0.0,,,,0,MXI-3.27,MXI,MMH7
RFUD,2024-01-25,MMH7,,,,,0.0,,,0,4273.35,0.0,,,,0,MXI-3.27,MXI,MMH7
RFUD,2024-01-26,MMH7,,,,,0.0,,,0,4056.1,0.0,,,,0,MXI-3.27,MXI,MMH7
RFUD,2024-01-29,MMH7,,,,,0.0,,,0,4097.55,0.0,,,,0,MXI-3.27,MXI,MMH7
RFUD,2024-01-30,MMH7,,,,,0.0,,,0,4098.25,0.0,,,,0,MXI-3.27,MXI,MMH7
RFUD,2024-01-31,MMH7,,,,,0.0,,,0,4091.45,0.0,,,,0,MXI-3.27,MXI,MMH7
RFUD,2024-02-01,MMH7,,,,,0.0,,,0,4091.05,0.0,,,,0,MXI-3.27,MXI,MMH7
RFUD,2024-02-02,MMH7,,,,,0.0,,,0,4162.4,0.0,,,,0,MXI-3.27,MXI,MMH7
RFUD,2024-02-05,MMH7,,,,,0.0,,,0,4156.15,0.0,,,,0,MXI-3.27,MXI,MMH7
RFUD,2024-02-06,MMH7,,,,,0.0,,,0,4160.9,0.0,,,,0,MXI-3.27,MXI,MMH7
RFUD,2024-02-07,MMH7,,,,,0.0,,,0,4153.7,0.0,,,,0,MXI-3.27,MXI,MMH7
RFUD,2024-02-08,MMH7,,,,,0.0,,,0,4140.9,0.0,,,,0,MXI-3.27,MXI,MMH7
RFUD,2024-02-09,MMH7,,,,,0.0,,,0,4145.6,0.0,,,,0,MXI-3.27,MXI,MMH7
RFUD,2024-02-12,MMH7,,,,,0.0,,,0,4151.6,0.0,,,,0,MXI-3.27,MXI,MMH7
RFUD,2024-02-13,MMH7,,,,,0.0,,,0,4134.35,0.0,,,,0,MXI-3.27,MXI,MMH7
RFUD,2024-02-14,MMH7,,,,,0.0,,,0,4132.7,0.0,,,,0,MXI-3.27,MXI,MMH7
RFUD,2024-02-15,MMH7,,,,,0.0,,,0,4145.7,0.0,,,,0,MXI-3.27,MXI,MMH7
RFUD,2024-02-16,MMH7,,,,,0.0,,,0,4133.55,0.0,,,,0,MXI-3.27,MXI,MMH7
RFUD,2024-02-19,MMH7,,,,,0.0,,,0,4137.9,0.0,,,,0,MXI-3.27,MXI,MMH7
RFUD,2024-02-20,MMH7,,,,,0.0,,,0,4126.45,0.0,,,,0,MXI-3.27,MXI,MMH7
RFUD,2024-02-21,MMH7,,,,,0.0,,,0,4142.5,0.0,,,,0,MXI-3.27,MXI,MMH7
RFUD,2024-02-22,MMH7,,,,,0.0,,,0,4210.95,0.0,,,,0,MXI-3.27,MXI,MMH7
RFUD,2024-02-26,MMH7,,,,,0.0,,,0,4290.3,0.0,,,,0,MXI-3.27,MXI,MMH7
RFUD,2024-02-27,MMH7,4420.55,3803.7,4420.55,3803.7,0.0,82242.5,2.0,0,3919.05,0.0,4112.13,,1.0,2,MXI-3.27,MXI,MMH7
RFUD,2024-02-28,MMH7,,,,,0.0,,,0,3911.45,0.0,,,,0,MXI-3.27,MXI,MMH7
RFUD,2024-02-29,MMH7,,,,,0.0,,,0,3919.75,0.0,,,,0,MXI-3.27,MXI,MMH7
RFUD,2024-03-01,MMH7,,,,,0.0,,,0,3903.35,0.0,,,,0,MXI-3.27,MXI,MMH7
RFUD,2024-03-04,MMH7,,,,,0.0,,,0,3887.25,0.0,,,,0,MXI-3.27,MXI,MMH7
RFUD,2024-03-05,MMH7,,,,,0.0,,,0,3891.4,0.0,,,,0,MXI-3.27,MXI,MMH7
RFUD,2024-03-06,MMH7,,,,,0.0,,,0,3868.75,0.0,,,,0,MXI-3.27,MXI,MMH7
RFUD,2024-03-07,MMH7,,,,,0.0,,,0,3892.9,0.0,,,,0,MXI-3.27,MXI,MMH7
RFUD,2024-03-11,MMH7,,,,,0.0,,,0,3938.15,0.0,,,,0,MXI-3.27,MXI,MMH7
RFUD,2024-03-12,MMH7,,,,,0.0,,,0,3835.75,0.0,,,,0,MXI-3.27,MXI,MMH7
RFUD,2024-03-13,MMH7,,,,,0.0,,,0,3822.9,0.0,,,,0,MXI-3.27,MXI,MMH7
RFUD,2024-03-14,MMH7,,,,,0.0,,,0,4195.75,0.0,,,,0,MXI-3.27,MXI,MMH7
RFUD,2024-03-15,MMH7,,,,,0.0,,,0,4192.8,0.0,,,,0,MXI-3.27,MXI,MMH7
RFUD,2024-03-18,MMH7,,,,,0.0,,,0,4197.15,0.0,,,,0,MXI-3.27,MXI,MMH7
RFUD,2024-03-19,MMH7,,,,,0.0,,,0,4196.8,0.0,,,,0,MXI-3.27,MXI,MMH7
RFUD,2024-03-20,MMH7,,,,,0.0,,,0,4191.65,0.0,,,,0,MXI-3.27,MXI,MMH7
RFUD,2024-03-21,MMH7,,,,,0.0,,,0,4186.4,0.0,,,,0,MXI-3.27,MXI,MMH7
RFUD,2024-03-22,MMH7,,,,,0.0,,,0,4173.1,0.0,,,,0,MXI-3.27,MXI,MMH7
RFUD,2024-03-25,MMH7,,,,,0.0,,,0,4168.15,0.0,,,,0,MXI-3.27,MXI,MMH7
RFUD,2024-03-26,MMH7,,,,,0.0,,,0,4152.35,0.0,,,,0,MXI-3.27,MXI,MMH7
RFUD,2024-03-27,MMH7,,,,,0.0,,,0,4163.9,0.0,,,,0,MXI-3.27,MXI,MMH7
RFUD,2024-03-28,MMH7,,,,,0.0,,,0,4163.5,0.0,,,,0,MXI-3.27,MXI,MMH7
RFUD,2024-03-29,MMH7,,,,,0.0,,,0,4159.0,0.0,,,,0,MXI-3.27,MXI,MMH7
RFUD,2024-04-01,MMH7,,,,,0.0,,,0,4157.65,0.0,,,,0,MXI-3.27,MXI,MMH7
RFUD,2024-04-02,MMH7,,,,,0.0,,,0,4156.05,0.0,,,,0,MXI-3.27,MXI,MMH7
RFUD,2024-04-03,MMH7,,,,,0.0,,,0,4145.05,0.0,,,,0,MXI-3.27,MXI,MMH7
RFUD,2024-04-04,MMH7,,,,,0.0,,,0,4093.65,0.0,,,,0,MXI-3.27,MXI,MMH7
RFUD,2024-04-05,MMH7,,,,,0.0,,,0,4097.75,0.0,,,,0,MXI-3.27,MXI,MMH7
RFUD,2024-04-08,MMH7,,,,,0.0,,,0,4126.8,0.0,,,,0,MXI-3.27,MXI,MMH7
RFUD,2024-04-09,MMH7,,,,,0.0,,,0,4078.2,0.0,,,,0,MXI-3.27,MXI,MMH7
RFUD,2024-04-10,MMH7,,,,,0.0,,,0,4210.75,0.0,,,,0,MXI-3.27,MXI,MMH7
RFUD,2024-04-11,MMH7,,,,,0.0,,,0,4211.7,0.0,,,,0,MXI-3.27,MXI,MMH7
RFUD,2024-04-12,MMH7,,,,,0.0,,,0,4213.95,0.0,,,,0,MXI-3.27,MXI,MMH7
RFUD,2024-04-15,MMH7,,,,,0.0,,,0,4104.15,0.0,,,,0,MXI-3.27,MXI,MMH7
RFUD,2024-04-16,MMH7,,,,,0.0,,,0,4057.65,0.0,,,,0,MXI-3.27,MXI,MMH7
RFUD,2024-04-17,MMH7,,,,,0.0,,,0,4047.4,0.0,,,,0,MXI-3.27,MXI,MMH7
RFUD,2024-04-18,MMH7,,,,,0.0,,,0,4050.45,0.0,,,,0,MXI-3.27,MXI,MMH7
RFUD,2024-04-19,MMH7,,,,,0.0,,,0,4038.65,0.0,,,,0,MXI-3.27,MXI,MMH7
RFUD,2024-04-22,MMH7,,,,,0.0,,,0,4029.5,0.0,,,,0,MXI-3.27,MXI,MMH7
RFUD,2024-04-23,MMH7,,,,,0.0,,,0,4006.45,0.0,,,,0,MXI-3.27,MXI,MMH7
RFUD,2024-04-24,MMH7,,,,,0.0,,,0,4036.5,0.0,,,,0,MXI-3.27,MXI,MMH7
RFUD,2024-04-25,MMH7,,,,,0.0,,,0,4031.95,0.0,,,,0,MXI-3.27,MXI,MMH7
RFUD,2024-04-26,MMH7,,,,,0.0,,,0,4025.55,0.0,,,,0,MXI-3.27,MXI,MMH7
RFUD,2024-04-27,MMH7,,,,,0.0,,,0,4024.2,0.0,,,,0,MXI-3.27,MXI,MMH7
RFUD,2024-04-29,MMH7,,,,,0.0,,,0,4018.25,0.0,,,,0,MXI-3.27,MXI,MMH7
RFUD,2024-04-30,MMH7,,,,,0.0,,,0,4021.3,0.0,,,,0,MXI-3.27,MXI,MMH7
RFUD,2024-05-02,MMH7,,,,,0.0,,,0,4001.65,0.0,,,,0,MXI-3.27,MXI,MMH7
RFUD,2024-05-03,MMH7,,,,,0.0,,,0,4002.25,0.0,,,,0,MXI-3.27,MXI,MMH7
RFUD,2024-05-06,MMH7,,,,,0.0,,,0,3995.25,0.0,,,,0,MXI-3.27,MXI,MMH7
RFUD,2024-05-07,MMH7,,,,,0.0,,,0,4043.1,0.0,,,,0,MXI-3.27,MXI,MMH7
RFUD,2024-05-08,MMH7,,,,,0.0,,,0,4046.45,0.0,,,,0,MXI-3.27,MXI,MMH7
RFUD,2024-05-10,MMH7,,,,,0.0,,,0,4052.3,0.0,,,,0,MXI-3.27,MXI,MMH7
RFUD,2024-05-13,MMH7,,,,,0.0,,,0,4098.55,0.0,,,,0,MXI-3.27,MXI,MMH7
RFUD,2024-05-14,MMH7,,,,,0.0,,,0,4356.9,0.0,,,,0,MXI-3.27,MXI,MMH7
RFUD,2024-05-15,MMH7,,,,,0.0,,,0,4190.7,0.0,,,,0,MXI-3.27,MXI,MMH7
RFUD,2024-05-16,MMH7,,,,,0.0,,,0,4172.2,0.0,,,,0,MXI-3.27,MXI,MMH7
RFUD,2024-05-17,MMH7,,,,,0.0,,,0,4167.1,0.0,,,,0,MXI-3.27,MXI,MMH7
RFUD,2024-05-20,MMH7,,,,,0.0,,,0,4178.7,0.0,,,,0,MXI-3.27,MXI,MMH7
RFUD,2024-05-21,MMH7,,,,,0.0,,,0,4170.55,0.0,,,,0,MXI-3.27,MXI,MMH7
RFUD,2024-05-22,MMH7,,,,,0.0,,,0,4171.8,0.0,,,,0,MXI-3.27,MXI,MMH7
RFUD,2024-05-23,MMH7,,,,,0.0,,,0,4183.5,0.0,,,,0,MXI-3.27,MXI,MMH7
RFUD,2024-05-24,MMH7,,,,,0.0,,,0,4194.2,0.0,,,,0,MXI-3.27,MXI,MMH7
RFUD,2024-05-27,MMH7,,,,,0.0,,,0,4239.0,0.0,,,,0,MXI-3.27,MXI,MMH7
RFUD,2024-05-28,MMH7,,,,,0.0,,,0,4159.55,0.0,,,,0,MXI-3.27,MXI,MMH7
RFUD,2024-05-29,MMH7,,,,,0.0,,,0,4120.95,0.0,,,,0,MXI-3.27,MXI,MMH7
RFUD,2024-05-30,MMH7,,,,,0.0,,,0,3924.85,0.0,,,,0,MXI-3.27,MXI,MMH7
RFUD,2024-05-31,MMH7,,,,,0.0,,,0,3970.3,0.0,,,,0,MXI-3.27,MXI,MMH7
RFUD,2024-06-03,MMH7,3734.4,3734.4,3734.4,3734.4,75820.0,37344.0,1.0,2,3791.0,0.0,3734.4,,1.0,1,MXI-3.27,MXI,MMH7
RFUD,2024-06-04,MMH7,,,,,75025.0,,,2,3751.25,0.0,,,,0,MXI-3.27,MXI,MMH7
RFUD,2024-06-05,MMH7,,,,,75529.0,,,2,3776.45,0.0,,,,0,MXI-3.27,MXI,MMH7
RFUD,2024-06-06,MMH7,,,,,75627.0,,,2,3781.35,0.0,,,,0,MXI-3.27,MXI,MMH7
RFUD,2024-06-07,MMH7,,,,,75159.0,,,2,3757.95,0.0,,,,0,MXI-3.27,MXI,MMH7
RFUD,2024-06-10,MMH7,,,,,81885.0,,,2,4094.25,0.0,,,,0,MXI-3.27,MXI,MMH7
RFUD,2024-06-11,MMH7,,,,,82052.0,,,2,4102.6,0.0,,,,0,MXI-3.27,MXI,MMH7
RFUD,2024-06-13,MMH7,,,,,80872.0,,,2,4043.6,0.0,,,,0,MXI-3.27,MXI,MMH7
RFUD,2024-06-14,MMH7,3882.5,3882.5,3882.55,3882.55,235860.0,77650.5,2.0,6,3931.0,0.0,3882.53,,1.0,2,MXI-3.27,MXI,MMH7
RFUD,2024-06-17,MMH7,3882.55,3882.55,3882.55,3882.55,247506.0,77651.0,2.0,6,4125.1,0.0,3882.55,0.0,1.0,2,MXI-3.27,MXI,MMH7
RFUD,2024-06-18,MMH7,,,,,248481.0,,,6,4141.35,0.0,,,,0,MXI-3.27,MXI,MMH7
RFUD,2024-06-19,MMH7,,,,,234306.0,,,6,3905.1,0.0,,,,0,MXI-3.27,MXI,MMH7
RFUD,2024-06-20,MMH7,,,,,233511.0,,,6,3891.85,0.0,,,,0,MXI-3.27,MXI,MMH7
RFUD,2024-06-21,MMH7,,,,,239313.0,,,6,3988.55,0.0,,,,0,MXI-3.27,MXI,MMH7
RFUD,2024-06-24,MMH7,,,,,234903.0,,,6,3915.05,0.0,,,,0,MXI-3.27,MXI,MMH7
RFUD,2024-06-25,MMH7,,,,,237519.0,,,6,3958.65,0.0,,,,0,MXI-3.27,MXI,MMH7
RFUD,2024-06-26,MMH7,,,,,233577.0,,,6,3892.95,0.0,,,,0,MXI-3.27,MXI,MMH7
RFUD,2024-06-27,MMH7,,,,,232122.0,,,6,3868.7,0.0,,,,0,MXI-3.27,MXI,MMH7
RFUD,2024-06-28,MMH7,,,,,232863.0,,,6,3881.05,0.0,,,,0,MXI-3.27,MXI,MMH7
RFUD,2024-07-01,MMH7,,,,,234555.0,,,6,3909.25,0.0,,,,0,MXI-3.27,MXI,MMH7
RFUD,2024-07-02,MMH7,,,,,230238.0,,,6,3837.3,0.0,,,,0,MXI-3.27,MXI,MMH7
RFUD,2024-07-03,MMH7,,,,,231153.0,,,6,3852.55,0.0,,,,0,MXI-3.27,MXI,MMH7
RFUD,2024-07-04,MMH7,,,,,229710.0,,,6,3828.5,0.0,,,,0,MXI-3.27,MXI,MMH7
RFUD,2024-07-05,MMH7,,,,,236352.0,,,6,3939.2,0.0,,,,0,MXI-3.27,MXI,MMH7
RFUD,2024-07-08,MMH7,,,,,229317.0,,,6,3821.95,0.0,,,,0,MXI-3.27,MXI,MMH7
RFUD,2024-07-09,MMH7,,,,,231549.0,,,6,3859.15,0.0,,,,0,MXI-3.27,MXI,MMH7
RFUD,2024-07-10,MMH7,,,,,229206.0,,,6,3820.1,0.0,,,,0,MXI-3.27,MXI,MMH7
RFUD,2024-07-11,MMH7,,,,,213822.0,,,6,3563.7,0.0,,,,0,MXI-3.27,MXI,MMH7
RFUD,2024-07-12,MMH7,,,,,214545.0,,,6,3575.75,0.0,,,,0,MXI-3.27,MXI,MMH7
RFUD,2024-07-15,MMH7,,,,,212004.0,,,6,3533.4,0.0,,,,0,MXI-3.27,MXI,MMH7
RFUD,2024-07-16,MMH7,,,,,228438.0,,,6,3807.3,0.0,,,,0,MXI-3.27,MXI,MMH7
RFUD,2024-07-17,MMH7,,,,,214620.0,,,6,3577.0,0.0,,,,0,MXI-3.27,MXI,MMH7
RFUD,2024-07-18,MMH7,3577.0,3577.0,3875.55,3875.55,357370.0,74525.5,2.0,10,3573.7,0.0,3726.28,,1.0,2,MXI-3.27,MXI,MMH7
RFUD,2024-07-19,MMH7,,,,,360700.0,,,10,3607.0,0.0,,,,0,MXI-3.27,MXI,MMH7
RFUD,2024-07-22,MMH7,,,,,361415.0,,,10,3614.15,0.0,,,,0,MXI-3.27,MXI,MMH7
RFUD,2024-07-23,MMH7,,,,,376540.0,,,10,3765.4,0.0,,,,0,MXI-3.27,MXI,MMH7
RFUD,2024-07-24,MMH7,,,,,363700.0,,,10,3637.0,0.0,,,,0,MXI-3.27,MXI,MMH7
RFUD,2024-07-25,MMH7,3637.0,3637.0,4028.3,4028.3,435582.0,76653.0,2.0,12,3629.85,0.0,3832.65,,1.0,2,MXI-3.27,MXI,MMH7
RFUD,2024-07-26,MMH7,3963.25,3629.85,3963.25,3825.0,589032.0,412467.0,11.0,16,3681.45,0.0,3749.7,-5.05,1.0,11,MXI-3.27,MXI,MMH7
RFUD,2024-07-29,MMH7,,,,,590408.0,,,16,3690.05,0.0,,,,0,MXI-3.27,MXI,MMH7
RFUD,2024-07-30,MMH7,,,,,609784.0,,,16,3811.15,0.0,,,,0,MXI-3.27,MXI,MMH7
RFUD,2024-07-31,MMH7,3691.4,3691.4,3766.35,3766.35,430890.0,74577.5,2.0,12,3590.75,0.0,3728.88,,1.0,2,MXI-3.27,MXI,MMH7
RFUD,2024-08-01,MMH7,,,,,438402.0,,,12,3653.35,0.0,,,,0,MXI-3.27,MXI,MMH7
RFUD,2024-08-02,MMH7,,,,,453570.0,,,12,3779.75,0.0,,,,0,MXI-3.27,MXI,MMH7
RFUD,2024-08-05,MMH7,,,,,453012.0,,,12,3775.1,0.0,,,,0,MXI-3.27,MXI,MMH7
RFUD,2024-08-06,MMH7,,,,,447744.0,,,12,3731.2,0.0,,,,0,MXI-3.27,MXI,MMH7
RFUD,2024-08-07,MMH7,,,,,460128.0,,,12,3834.4,0.0,,,,0,MXI-3.27,MXI,MMH7
RFUD,2024-08-08,MMH7,,,,,456288.0,,,12,3802.4,0.0,,,,0,MXI-3.27,MXI,MMH7
RFUD,2024-08-09,MMH7,,,,,455316.0,,,12,3794.3,0.0,,,,0,MXI-3.27,MXI,MMH7
RFUD,2024-08-12,MMH7,,,,,453936.0,,,12,3782.8,0.0,,,,0,MXI-3.27,MXI,MMH7
RFUD,2024-08-13,MMH7,,,,,458262.0,,,12,3818.85,0.0,,,,0,MXI-3.27,MXI,MMH7
RFUD,2024-08-14,MMH7,,,,,459966.0,,,12,3833.05,0.0,,,,0,MXI-3.27,MXI,MMH7
RFUD,2024-08-15,MMH7,,,,,455466.0,,,12,3795.55,0.0,,,,0,MXI-3.27,MXI,MMH7
RFUD,2024-08-16,MMH7,,,,,455010.0,,,12,3791.75,0.0,,,,0,MXI-3.27,MXI,MMH7
RFUD,2024-08-19,MMH7,,,,,448596.0,,,12,3738.3,0.0,,,,0,MXI-3.27,MXI,MMH7
RFUD,2024-08-20,MMH7,,,,,447666.0,,,12,3730.55,0.0,,,,0,MXI-3.27,MXI,MMH7
RFUD,2024-08-21,MMH7,,,,,445662.0,,,12,3713.85,0.0,,,,0,MXI-3.27,MXI,MMH7
RFUD,2024-08-22,MMH7,,,,,443934.0,,,12,3699.45,0.0,,,,0,MXI-3.27,MXI,MMH7
RFUD,2024-08-23,MMH7,,,,,437142.0,,,12,3642.85,0.0,,,,0,MXI-3.27,MXI,MMH7
RFUD,2024-08-26,MMH7,,,,,450210.0,,,12,3751.75,0.0,,,,0,MXI-3.27,MXI,MMH7
RFUD,2024-08-27,MMH7,,,,,426582.0,,,12,3554.85,0.0,,,,0,MXI-3.27,MXI,MMH7
RFUD,2024-08-28,MMH7,,,,,443718.0,,,12,3697.65,0.0,,,,0,MXI-3.27,MXI,MMH7
RFUD,2024-08-29,MMH7,,,,,410400.0,,,12,3420.0,0.0,,,,0,MXI-3.27,MXI,MMH7
RFUD,2024-08-30,MMH7,,,,,439614.0,,,12,3663.45,0.0,,,,0,MXI-3.27,MXI,MMH7
RFUD,2024-09-02,MMH7,,,,,440586.0,,,12,3671.55,0.0,,,,0,MXI-3.27,MXI,MMH7
RFUD,2024-09-03,MMH7,,,,,440022.0,,,12,3666.85,0.0,,,,0,MXI-3.27,MXI,MMH7
RFUD,2024-09-04,MMH7,,,,,454968.0,,,12,3791.4,0.0,,,,0,MXI-3.27,MXI,MMH7
RFUD,2024-09-05,MMH7,,,,,436314.0,,,12,3635.95,0.0,,,,0,MXI-3.27,MXI,MMH7
RFUD,2024-09-06,MMH7,,,,,431952.0,,,12,3599.6,0.0,,,,0,MXI-3.27,MXI,MMH7
RFUD,2024-09-09,MMH7,,,,,435924.0,,,12,3632.7,0.0,,,,0,MXI-3.27,MXI,MMH7
RFUD,2024-09-10,MMH7,3418.45,3418.45,3824.9,3732.55,431610.0,291273.5,8.0,12,3596.75,0.0,3640.92,,1.0,8,MXI-3.27,MXI,MMH7
RFUD,2024-09-11,MMH7,,,,,435414.0,,,12,3628.45,0.0,,,,0,MXI-3.27,MXI,MMH7
RFUD,2024-09-12,MMH7,,,,,432378.0,,,12,3603.15,0.0,,,,0,MXI-3.27,MXI,MMH7
RFUD,2024-09-13,MMH7,,,,,432402.0,,,12,3603.35,0.0,,,,0,MXI-3.27,MXI,MMH7
RFUD,2024-09-16,MMH7,,,,,418836.0,,,12,3490.3,0.0,,,,0,MXI-3.27,MXI,MMH7
RFUD,2024-09-17,MMH7,,,,,429906.0,,,12,3582.55,0.0,,,,0,MXI-3.27,MXI,MMH7
RFUD,2024-09-18,MMH7,,,,,445368.0,,,12,3711.4,0.0,,,,0,MXI-3.27,MXI,MMH7
RFUD,2024-09-19,MMH7,,,,,446040.0,,,12,3717.0,0.0,,,,0,MXI-3.27,MXI,MMH7
RFUD,2024-09-20,MMH7,,,,,449682.0,,,12,3747.35,0.0,,,,0,MXI-3.27,MXI,MMH7
RFUD,2024-09-23,MMH7,,,,,443586.0,,,12,3696.55,0.0,,,,0,MXI-3.27,MXI,MMH7
RFUD,2024-09-24,MMH7,,,,,429000.0,,,12,3575.0,0.0,,,,0,MXI-3.27,MXI,MMH7
RFUD,2024-09-25,MMH7,,,,,454080.0,,,12,3784.0,0.0,,,,0,MXI-3.27,MXI,MMH7
RFUD,2024-09-26,MMH7,,,,,450876.0,,,12,3757.3,0.0,,,,0,MXI-3.27,MXI,MMH7
RFUD,2024-09-27,MMH7,,,,,445650.0,,,12,3713.75,0.0,,,,0,MXI-3.27,MXI,MMH7
RFUD,2024-09-30,MMH7,,,,,446208.0,,,12,3718.4,0.0,,,,0,MXI-3.27,MXI,MMH7
RFUD,2024-10-01,MMH7,,,,,433182.0,,,12,3609.85,0.0,,,,0,MXI-3.27,MXI,MMH7
RFUD,2024-10-02,MMH7,,,,,442650.0,,,12,3688.75,0.0,,,,0,MXI-3.27,MXI,MMH7
RFUD,2024-10-03,MMH7,,,,,437892.0,,,12,3649.1,0.0,,,,0,MXI-3.27,MXI,MMH7
RFUD,2024-10-04,MMH7,,,,,441600.0,,,12,3680.0,0.0,,,,0,MXI-3.27,MXI,MMH7
RFUD,2024-10-07,MMH7,,,,,444108.0,,,12,3700.9,0.0,,,,0,MXI-3.27,MXI,MMH7
RFUD,2024-10-08,MMH7,,,,,444198.0,,,12,3701.65,0.0,,,,0,MXI-3.27,MXI,MMH7
RFUD,2024-10-09,MMH7,,,,,442002.0,,,12,3683.35,0.0,,,,0,MXI-3.27,MXI,MMH7
RFUD,2024-10-10,MMH7,,,,,441444.0,,,12,3678.7,0.0,,,,0,MXI-3.27,MXI,MMH7
RFUD,2024-10-11,MMH7,,,,,443988.0,,,12,3699.9,0.0,,,,0,MXI-3.27,MXI,MMH7
RFUD,2024-10-14,MMH7,,,,,448782.0,,,12,3739.85,0.0,,,,0,MXI-3.27,MXI,MMH7
RFUD,2024-10-15,MMH7,,,,,442920.0,,,12,3691.0,0.0,,,,0,MXI-3.27,MXI,MMH7
RFUD,2024-10-16,MMH7,,,,,444084.0,,,12,3700.7,0.0,,,,0,MXI-3.27,MXI,MMH7
RFUD,2024-10-17,MMH7,,,,,438888.0,,,12,3657.4,0.0,,,,0,MXI-3.27,MXI,MMH7
RFUD,2024-10-18,MMH7,,,,,438792.0,,,12,3656.6,0.0,,,,0,MXI-3.27,MXI,MMH7
RFUD,2024-10-21,MMH7,,,,,439230.0,,,12,3660.25,0.0,,,,0,MXI-3.27,MXI,MMH7
RFUD,2024-10-22,MMH7,,,,,441090.0,,,12,3675.75,0.0,,,,0,MXI-3.27,MXI,MMH7
RFUD,2024-10-23,MMH7,,,,,439782.0,,,12,3664.85,0.0,,,,0,MXI-3.27,MXI,MMH7
RFUD,2024-10-24,MMH7,,,,,426402.0,,,12,3553.35,0.0,,,,0,MXI-3.27,MXI,MMH7
RFUD,2024-10-25,MMH7,,,,,424734.0,,,12,3539.45,0.0,,,,0,MXI-3.27,MXI,MMH7
RFUD,2024-10-28,MMH7,,,,,416904.0,,,12,3474.2,0.0,,,,0,MXI-3.27,MXI,MMH7
RFUD,2024-10-29,MMH7,,,,,412530.0,,,12,3437.75,0.0,,,,0,MXI-3.27,MXI,MMH7
RFUD,2024-10-30,MMH7,,,,,414516.0,,,12,3454.3,0.0,,,,0,MXI-3.27,MXI,MMH7
RFUD,2024-10-31,MMH7,,,,,415434.0,,,12,3461.95,0.0,,,,0,MXI-3.27,MXI,MMH7
RFUD,2024-11-01,MMH7,,,,,417282.0,,,12,3477.35,0.0,,,,0,MXI-3.27,MXI,MMH7
RFUD,2024-11-02,MMH7,,,,,414504.0,,,12,3454.2,0.0,,,,0,MXI-3.27,MXI,MMH7
RFUD,2024-11-05,MMH7,,,,,414024.0,,,12,3450.2,0.0,,,,0,MXI-3.27,MXI,MMH7
RFUD,2024-11-06,MMH7,,,,,401832.0,,,12,3348.6,0.0,,,,0,MXI-3.27,MXI,MMH7
RFUD,2024-11-07,MMH7,,,,,418254.0,,,12,3485.45,0.0,,,,0,MXI-3.27,MXI,MMH7
RFUD,2024-11-08,MMH7,3590.0,3351.6,3810.8,3468.8,572768.0,1154512.0,32.0,16,3579.8,0.0,3607.85,,1.0,30,MXI-3.27,MXI,MMH7
RFUD,2024-11-11,MMH7,3687.7,3687.7,3687.7,3687.7,575104.0,36877.0,1.0,16,3594.4,0.0,3687.7,6.31,1.0,1,MXI-3.27,MXI,MMH7
RFUD,2024-11-12,MMH7,,,,,571368.0,,,16,3571.05,0.0,,,,0,MXI-3.27,MXI,MMH7
RFUD,2024-11-13,MMH7,3710.75,3710.75,3710.75,3710.75,502432.0,37107.5,1.0,14,3588.8,0.0,3710.75,,1.0,1,MXI-3.27,MXI,MMH7
RFUD,2024-11-14,MMH7,,,,,499380.0,,,14,3567.0,0.0,,,,0,MXI-3.27,MXI,MMH7
RFUD,2024-11-15,MMH7,,,,,500080.0,,,14,3572.0,0.0,,,,0,MXI-3.27,MXI,MMH7
RFUD,2024-11-18,MMH7,,,,,500780.0,,,14,3577.0,0.0,,,,0,MXI-3.27,MXI,MMH7
RFUD,2024-11-19,MMH7,3577.0,3577.0,3577.0,3577.0,568432.0,35770.0,1.0,16,3552.7,0.0,3577.0,,1.0,1,MXI-3.27,MXI,MMH7
RFUD,2024-11-20,MMH7,,,,,566304.0,,,16,3539.4,0.0,,,,0,MXI-3.27,MXI,MMH7
RFUD,2024-11-21,MMH7,,,,,564608.0,,,16,3528.8,0.0,,,,0,MXI-3.27,MXI,MMH7
RFUD,2024-11-22,MMH7,3630.15,3630.15,3630.15,3630.15,558248.0,36301.5,1.0,16,3489.05,0.0,3630.15,,1.0,1,MXI-3.27,MXI,MMH7
RFUD,2024-11-25,MMH7,,,,,576408.0,,,16,3602.55,0.0,,,,0,MXI-3.27,MXI,MMH7
RFUD,2024-11-26,MMH7,,,,,576080.0,,,16,3600.5,0.0,,,,0,MXI-3.27,MXI,MMH7
RFUD,2024-11-27,MMH7,,,,,574056.0,,,16,3587.85,0.0,,,,0,MXI-3.27,MXI,MMH7
RFUD,2024-11-28,MMH7,,,,,572768.0,,,16,3579.8,0.0,,,,0,MXI-3.27,MXI,MMH7
RFUD,2024-11-29,MMH7,,,,,569376.0,,,16,3558.6,0.0,,,,0,MXI-3.27,MXI,MMH7
RFUD,2024-12-02,MMH7,,,,,571256.0,,,16,3570.35,0.0,,,,0,MXI-3.27,MXI,MMH7
RFUD,2024-12-03,MMH7,,,,,541920.0,,,16,3387.0,0.0,,,,0,MXI-3.27,MXI,MMH7
RFUD,2024-12-04,MMH7,,,,,559888.0,,,16,3499.3,0.0,,,,0,MXI-3.27,MXI,MMH7
RFUD,2024-12-05,MMH7,,,,,561768.0,,,16,3511.05,0.0,,,,0,MXI-3.27,MXI,MMH7
RFUD,2024-12-06,MMH7,,,,,525200.0,,,16,3282.5,0.0,,,,0,MXI-3.27,MXI,MMH7
RFUD,2024-12-09,MMH7,,,,,561944.0,,,16,3512.15,0.0,,,,0,MXI-3.27,MXI,MMH7
RFUD,2024-12-10,MMH7,,,,,557976.0,,,16,3487.35,0.0,,,,0,MXI-3.27,MXI,MMH7
RFUD,2024-12-11,MMH7,,,,,553272.0,,,16,3457.95,0.0,,,,0,MXI-3.27,MXI,MMH7
RFUD,2024-12-12,MMH7,,,,,555680.0,,,16,3473.0,0.0,,,,0,MXI-3.27,MXI,MMH7
RFUD,2024-12-13,MMH7,,,,,538008.0,,,16,3362.55,0.0,,,,0,MXI-3.27,MXI,MMH7
RFUD,2024-12-16,MMH7,,,,,556776.0,,,16,3479.85,0.0,,,,0,MXI-3.27,MXI,MMH7
RFUD,2024-12-17,MMH7,3208.5,3208.5,3755.4,3340.8,1153297.0,1325564.0,39.0,34,3392.05,0.0,3398.88,,1.0,34,MXI-3.27,MXI,MMH7
RFUD,2024-12-18,MMH7,3399.6,3340.9,3419.9,3419.9,888459.0,407024.5,12.0,26,3417.15,0.0,3391.87,2.37,1.0,10,MXI-3.27,MXI,MMH7
RFUD,2024-12-19,MMH7,3419.0,3418.0,3419.0,3418.0,750706.0,68370.0,2.0,22,3412.3,0.0,3418.5,-0.06,1.0,2,MXI-3.27,MXI,MMH7
RFUD,2024-12-20,MMH7,3408.35,3408.35,3572.5,3476.35,767745.0,420253.5,12.0,22,3489.75,0.0,3502.11,1.71,1.0,10,MXI-3.27,MXI,MMH7
RFUD,2024-12-23,MMH7,3355.8,3355.8,3554.0,3508.4,504889.0,210240.0,6.0,14,3606.35,0.0,3504.0,0.92,1.0,6,MXI-3.27,MXI,MMH7
RFUD,2024-12-24,MMH7,,,,,501585.0,,,14,3582.75,0.0,,,,0,MXI-3.27,MXI,MMH7
RFUD,2024-12-25,MMH7,,,,,503160.0,,,14,3594.0,0.0,,,,0,MXI-3.27,MXI,MMH7
RFUD,2024-12-26,MMH7,,,,,507801.0,,,14,3627.15,0.0,,,,0,MXI-3.27,MXI,MMH7
RFUD,2024-12-27,MMH7,,,,,506702.0,,,14,3619.3,0.0,,,,0,MXI-3.27,MXI,MMH7
RFUD,2024-12-28,MMH7,,,,,508851.0,,,14,3634.65,0.0,,,,0,MXI-3.27,MXI,MMH7
RFUD,2024-12-30,MMH7,,,,,513289.0,,,14,3666.35,0.0,,,,0,MXI-3.27,MXI,MMH7
RFUD,2025-01-03,MMH7,,,,,512953.0,,,14,3663.95,0.0,,,,0,MXI-3.27,MXI,MMH7
RFUD,2025-01-06,MMH7,,,,,510909.0,,,14,3649.35,0.0,,,,0,MXI-3.27,MXI,MMH7
RFUD,2025-01-08,MMH7,,,,,515326.0,,,14,3680.9,0.0,,,,0,MXI-3.27,MXI,MMH7
RFUD,2025-01-09,MMH7,3590.0,3590.0,3590.0,3590.0,574400.0,71800.0,2.0,16,3590.0,0.0,3590.0,,1.0,2,MXI-3.27,MXI,MMH7
RFUD,2025-01-10,MMH7,,,,,592000.0,,,16,3700.0,0.0,,,,0,MXI-3.27,MXI,MMH7
RFUD,2025-01-13,MMH7,3634.75,3634.75,3723.7,3650.0,596792.0,110084.5,3.0,16,3729.95,0.0,3669.48,,1.0,3,MXI-3.27,MXI,MMH7
RFUD,2025-01-14,MMH7,3635.4,3635.4,3635.4,3635.4,591768.0,36354.0,1.0,16,3698.55,0.0,3635.4,-0.4,1.0,1,MXI-3.27,MXI,MMH7
RFUD,2025-01-15,MMH7,,,,,590560.0,,,16,3691.0,0.0,,,,0,MXI-3.27,MXI,MMH7
RFUD,2025-01-16,MMH7,,,,,598696.0,,,16,3741.85,0.0,,,,0,MXI-3.27,MXI,MMH7
RFUD,2025-01-17,MMH7,,,,,600096.0,,,16,3750.6,0.0,,,,0,MXI-3.27,MXI,MMH7
RFUD,2025-01-20,MMH7,3742.05,3620.4,3838.05,3620.4,665739.0,639772.5,17.0,18,3698.55,0.0,3763.37,,1.0,16,MXI-3.27,MXI,MMH7
RFUD,2025-01-21,MMH7,3706.2,3691.95,3756.05,3756.05,600968.0,186429.0,5.0,16,3756.05,0.0,3728.58,3.75,1.0,5,MXI-3.27,MXI,MMH7
RFUD,2025-01-22,MMH7,3734.6,3734.6,3734.6,3734.6,597536.0,37346.0,1.0,16,3734.6,0.0,3734.6,-0.57,1.0,1,MXI-3.27,MXI,MMH7
RFUD,2025-01-23,MMH7,,,,,594784.0,,,16,3717.4,0.0,,,,0,MXI-3.27,MXI,MMH7
RFUD,2025-01-24,MMH7,3698.8,3698.8,3698.8,3698.8,665784.0,73976.0,2.0,18,3698.8,0.0,3698.8,,2.0,1,MXI-3.27,MXI,MMH7
RFUD,2025-01-27,MMH7,3688.25,3688.25,3765.65,3738.85,1196432.0,485526.5,13.0,32,3738.85,0.0,3734.82,1.08,1.0,12,MXI-3.27,MXI,MMH7
RFUD,2025-01-28,MMH7,3738.9,3738.85,3768.0,3750.25,1200080.0,262525.0,7.0,32,3750.25,0.0,3750.36,0.3,1.0,6,MXI-3.27,MXI,MMH7
RFUD,2025-01-29,MMH7,3764.55,3764.55,3764.55,3764.55,1204656.0,75291.0,2.0,32,3764.55,0.0,3764.55,0.38,1.0,2,MXI-3.27,MXI,MMH7
RFUD,2025-01-30,MMH7,3755.0,3750.25,3755.0,3750.25,1202432.0,75052.5,2.0,32,3757.6,0.0,3752.63,-0.38,1.0,2,MXI-3.27,MXI,MMH7
RFUD,2025-01-31,MMH7,3810.05,3768.3,3810.05,3768.3,1205856.0,189567.0,5.0,32,3768.3,0.0,3791.34,0.48,2.0,4,MXI-3.27,MXI,MMH7
RFUD,2025-02-03,MMH7,3749.75,3749.75,3749.75,3749.75,1199920.0,37497.5,1.0,32,3749.75,0.0,3749.75,-0.49,1.0,1,MXI-3.27,MXI,MMH7
RFUD,2025-02-04,MMH7,,,,,1198912.0,,,32,3746.6,0.0,,,,0,MXI-3.27,MXI,MMH7
RFUD,2025-02-05,MMH7,3734.85,3734.8,3734.85,3734.8,821656.0,224088.5,6.0,22,3734.8,0.0,3734.81,,1.0,6,MXI-3.27,MXI,MMH7
RFUD,2025-02-06,MMH7,3734.85,3734.85,3744.7,3740.0,748000.0,261739.5,7.0,20,3740.0,0.0,3739.14,0.14,1.0,7,MXI-3.27,MXI,MMH7
RFUD,2025-02-07,MMH7,,,,,747800.0,,,20,3739.0,0.0,,,,0,MXI-3.27,MXI,MMH7
RFUD,2025-02-10,MMH7,3740.0,3740.0,3740.0,3740.0,673200.0,112200.0,3.0,18,3740.0,0.0,3740.0,,1.0,2,MXI-3.27,MXI,MMH7
RFUD,2025-02-11,MMH7,3740.1,3740.0,3740.1,3740.0,748980.0,74801.0,2.0,20,3744.9,0.0,3740.05,0.0,1.0,2,MXI-3.27,MXI,MMH7
RFUD,2025-02-12,MMH7,3777.95,3777.95,3777.95,3777.95,906708.0,75559.0,2.0,24,3777.95,0.0,3777.95,1.01,1.0,2,MXI-3.27,MXI,MMH7
RFUD,2025-02-13,MMH7,3808.75,3760.0,3932.4,3932.4,1251200.0,307484.5,8.0,32,3910.0,0.0,3843.56,4.09,1.0,7,MXI-3.27,MXI,MMH7
RFUD,2025-02-14,MMH7,3910.0,3800.75,3910.0,3800.75,1292255.0,232204.0,6.0,34,3800.75,0.0,3870.07,-3.35,1.0,4,MXI-3.27,MXI,MMH7
RFUD,2025-02-17,MMH7,3871.15,3871.15,3871.15,3871.15,1471037.0,77423.0,2.0,38,3871.15,0.0,3871.15,1.85,1.0,2,MXI-3.27,MXI,MMH7
RFUD,2025-02-18,MMH7,3942.2,3876.1,3957.95,3876.1,1627962.0,548835.5,14.0,42,3876.1,0.0,3920.25,0.13,2.0,12,MXI-3.27,MXI,MMH7
RFUD,2025-02-19,MMH7,3913.35,3898.6,3933.2,3933.2,1651944.0,195749.5,5.0,42,3933.2,0.0,3914.99,1.47,1.0,5,MXI-3.27,MXI,MMH7
RFUD,2025-02-20,MMH7,3945.25,3824.55,3970.0,3970.0,1988775.0,315301.0,8.0,50,3977.55,0.0,3941.26,0.94,1.0,8,MXI-3.27,MXI,MMH7
RFUD,2025-02-21,MMH7,3963.5,3956.85,3975.05,3956.85,2132460.0,158522.5,4.0,54,3949.0,0.0,3963.06,-0.33,1.0,4,MXI-3.27,MXI,MMH7
RFUD,2025-02-24,MMH7,3949.0,3949.0,4005.85,4005.85,2163159.0,119491.5,3.0,54,4005.85,0.0,3983.05,1.24,1.0,3,MXI-3.27,MXI,MMH7
RFUD,2025-02-25,MMH7,4078.15,4078.15,4078.15,4078.15,2194236.0,40781.5,1.0,54,4063.4,0.0,4078.15,1.8,1.0,1,MXI-3.27,MXI,MMH7
RFUD,2025-02-26,MMH7,3988.8,3988.8,4019.55,4009.15,2164941.0,160168.0,4.0,54,4009.15,0.0,4004.2,-1.69,1.0,4,MXI-3.27,MXI,MMH7
RFUD,2025-02-27,MMH7,3981.45,3895.25,4003.45,3978.0,2386800.0,316625.0,8.0,60,3978.0,0.0,3957.81,-0.78,1.0,8,MXI-3.27,MXI,MMH7
RFUD,2025-02-28,MMH7,3940.1,3919.4,3948.4,3919.4,2374950.0,118079.0,3.0,60,3958.25,0.0,3935.97,-1.47,1.0,3,MXI-3.27,MXI,MMH7
RFUD,2025-03-03,MMH7,3976.45,3912.25,3981.25,3912.25,2425595.0,198196.5,5.0,62,3912.25,0.0,3963.93,-0.18,1.0,5,MXI-3.27,MXI,MMH7
RFUD,2025-03-04,MMH7,3954.3,3954.3,3986.5,3986.5,2551360.0,119078.0,3.0,64,3986.5,0.0,3969.27,1.9,1.0,3,MXI-3.27,MXI,MMH7
RFUD,2025-03-05,MMH7,,,,,2590816.0,,,64,4048.15,0.0,,,,0,MXI-3.27,MXI,MMH7
RFUD,2025-03-06,MMH7,4004.6,3990.0,4022.45,3996.2,2637492.0,200135.0,5.0,66,3996.2,0.0,4002.7,,1.0,5,MXI-3.27,MXI,MMH7
RFUD,2025-03-07,MMH7,3968.35,3915.5,3991.25,3991.25,2392710.0,236745.0,6.0,60,3987.85,0.0,3945.75,-0.12,1.0,4,MXI-3.27,MXI,MMH7
RFUD,2025-03-10,MMH7,,,,,2439300.0,,,60,4065.5,0.0,,,,0,MXI-3.27,MXI,MMH7
RFUD,2025-03-11,MMH7,,,,,2380020.0,,,60,3966.7,0.0,,,,0,MXI-3.27,MXI,MMH7
RFUD,2025-03-12,MMH7,4116.45,3887.0,4116.45,3887.0,2465988.0,121144.5,3.0,62,3977.4,0.0,4038.15,,1.0,3,MXI-3.27,MXI,MMH7
RFUD,2025-03-13,MMH7,4035.15,4035.0,4035.15,4035.0,2663100.0,80701.5,2.0,66,4035.0,0.0,4035.08,3.81,1.0,2,MXI-3.27,MXI,MMH7
RFUD,2025-03-14,MMH7,4035.0,3937.0,4035.0,3937.0,2688972.0,79720.0,2.0,66,4074.2,0.0,3986.0,-2.43,1.0,2,MXI-3.27,MXI,MMH7
RFUD,2025-03-17,MMH7,,,,,2706000.0,,,66,4100.0,0.0,,,,0,MXI-3.27,MXI,MMH7
RFUD,2025-03-18,MMH7,4085.9,4085.65,4085.9,4085.65,2696529.0,81715.5,2.0,66,4085.65,0.0,4085.78,,1.0,2,MXI-3.27,MXI,MMH7
RFUD,2025-03-19,MMH7,,,,,2697486.0,,,66,4087.1,0.0,,,,0,MXI-3.27,MXI,MMH7
RFUD,2025-03-20,MMH7,4087.1,4087.1,4112.8,4100.0,3116000.0,205131.0,5.0,76,4100.0,0.0,4102.62,,1.0,5,MXI-3.27,MXI,MMH7
RFUD,2025-03-21,MMH7,,,,,3100952.0,,,76,4080.2,0.0,,,,0,MXI-3.27,MXI,MMH7
RFUD,2025-03-24,MMH7,4037.65,4037.65,4037.65,4037.65,3068614.0,80753.0,2.0,76,4037.65,0.0,4037.65,,1.0,2,MXI-3.27,MXI,MMH7
RFUD,2025-03-25,MMH7,4012.0,3983.15,4020.0,3983.15,2947531.0,160351.5,4.0,74,3983.15,0.0,4008.79,-1.35,1.0,3,MXI-3.27,MXI,MMH7
RFUD,2025-03-26,MMH7,4035.0,3998.35,4047.6,3998.35,3198680.0,241228.0,6.0,80,3998.35,0.0,4020.47,0.38,2.0,5,MXI-3.27,MXI,MMH7
RFUD,2025-03-27,MMH7,4028.6,3995.1,4028.6,3998.3,3198640.0,240215.0,6.0,80,3998.3,0.0,4003.58,0.0,1.0,6,MXI-3.27,MXI,MMH7
RFUD,2025-03-28,MMH7,3963.95,3956.05,3963.95,3956.05,3164840.0,79200.0,2.0,80,3956.05,0.0,3960.0,-1.06,1.0,2,MXI-3.27,MXI,MMH7
RFUD,2025-03-31,MMH7,3949.0,3948.7,3960.0,3948.7,3327282.0,118577.0,3.0,84,3961.05,0.0,3952.57,-0.19,1.0,3,MXI-3.27,MXI,MMH7
RFUD,2025-04-01,MMH7,3980.15,3980.15,3980.15,3980.15,3319512.0,39801.5,1.0,84,3951.8,0.0,3980.15,0.8,1.0,1,MXI-3.27,MXI,MMH7
RFUD,2025-04-02,MMH7,3908.5,3852.2,3908.5,3891.25,3190825.0,155301.5,4.0,82,3891.25,0.0,3882.54,-2.23,1.0,4,MXI-3.27,MXI,MMH7
RFUD,2025-04-03,MMH7,3839.2,3839.2,3839.2,3839.2,3224928.0,115176.0,3.0,84,3839.2,0.0,3839.2,-1.34,1.0,3,MXI-3.27,MXI,MMH7
RFUD,2025-04-04,MMH7,3823.0,3813.0,3869.05,3817.65,3130473.0,421449.0,11.0,82,3817.65,0.0,3831.35,-0.56,1.0,11,MXI-3.27,MXI,MMH7
RFUD,2025-04-07,MMH7,3801.5,3672.95,3801.5,3713.15,3212659.0,408803.0,11.0,86,3735.65,0.0,3716.39,-2.74,1.0,11,MXI-3.27,MXI,MMH7
RFUD,2025-04-08,MMH7,,,,,3246715.0,,,86,3775.25,0.0,,,,0,MXI-3.27,MXI,MMH7
RFUD,2025-04-09,MMH7,3709.85,3691.0,3709.85,3696.8,3179248.0,110976.5,3.0,86,3696.8,0.0,3699.22,,1.0,3,MXI-3.27,MXI,MMH7
RFUD,2025-04-10,MMH7,3724.6,3670.45,3753.9,3750.9,2998640.0,223341.5,6.0,80,3748.3,0.0,3722.36,1.46,1.0,6,MXI-3.27,MXI,MMH7
RFUD,2025-04-11,MMH7,3759.2,3750.75,3759.2,3750.75,2850570.0,150199.0,4.0,76,3750.75,0.0,3754.98,0.0,1.0,4,MXI-3.27,MXI,MMH7
RFUD,2025-04-14,MMH7,3750.55,3750.55,3750.55,3750.55,3000440.0,75011.0,2.0,80,3750.55,0.0,3750.55,-0.01,2.0,1,MXI-3.27,MXI,MMH7
RFUD,2025-04-15,MMH7,,,,,2978560.0,,,80,3723.2,0.0,,,,0,MXI-3.27,MXI,MMH7
RFUD,2025-04-16,MMH7,3752.85,3752.85,3760.0,3759.95,2932761.0,112728.0,3.0,78,3759.95,0.0,3757.6,,1.0,3,MXI-3.27,MXI,MMH7
RFUD,2025-04-17,MMH7,3750.5,3750.5,3791.3,3758.9,2931942.0,188217.5,5.0,78,3758.9,0.0,3764.35,-0.03,1.0,5,MXI-3.27,MXI,MMH7
RFUD,2025-04-18,MMH7,3745.25,3680.0,3745.25,3680.0,2985800.0,148494.0,4.0,80,3732.25,0.0,3712.35,-2.1,1.0,4,MXI-3.27,MXI,MMH7
RFUD,2025-04-21,MMH7,3756.45,3756.45,3777.4,3777.4,2870824.0,75338.5,2.0,76,3777.4,0.0,3766.93,2.65,1.0,2,MXI-3.27,MXI,MMH7
RFUD,2025-04-22,MMH7,3783.45,3783.45,3783.45,3783.45,2875422.0,37834.5,1.0,76,3783.45,0.0,3783.45,0.16,1.0,1,MXI-3.27,MXI,MMH7
RFUD,2025-04-23,MMH7,3815.75,3805.6,3818.5,3805.6,3044480.0,152454.5,4.0,80,3805.6,0.0,3811.36,0.58,1.0,4,MXI-3.27,MXI,MMH7
RFUD,2025-04-24,MMH7,3803.75,3803.75,3803.75,3803.75,3043000.0,38037.5,1.0,80,3803.75,0.0,3803.75,-0.05,1.0,1,MXI-3.27,MXI,MMH7
RFUD,2025-04-25,MMH7,3817.75,3817.75,3817.75,3817.75,3054200.0,76355.0,2.0,80,3817.75,0.0,3817.75,0.37,1.0,2,MXI-3.27,MXI,MMH7
RFUD,2025-04-28,MMH7,3856.7,3845.8,3856.7,3845.8,2845189.0,154159.0,4.0,74,3844.85,0.0,3853.98,0.73,1.0,4,MXI-3.27,MXI,MMH7
RFUD,2025-04-29,MMH7,3796.85,3791.15,3796.85,3791.15,2876030.0,75880.0,2.0,76,3784.25,0.0,3794.0,-1.42,1.0,2,MXI-3.27,MXI,MMH7
RFUD,2025-04-30,MMH7,3741.0,3729.3,3760.3,3760.3,2927184.0,149599.0,4.0,78,3752.8,0.0,3739.98,-0.81,1.0,4,MXI-3.27,MXI,MMH7
RFUD,2025-05-02,MMH7,3696.3,3696.3,3696.3,3696.3,2873091.0,36963.0,1.0,78,3683.45,0.0,3696.3,-1.7,1.0,1,MXI-3.27,MXI,MMH7
RFUD,2025-05-05,MMH7,3654.65,3634.95,3657.45,3635.0,2835300.0,291664.5,8.0,78,3635.0,0.0,3645.81,-1.66,1.0,8,MXI-3.27,MXI,MMH7
RFUD,2025-05-06,MMH7,3655.4,3655.4,3678.5,3678.5,2648520.0,110124.0,3.0,72,3678.5,0.0,3670.8,1.2,1.0,3,MXI-3.27,MXI,MMH7
RFUD,2025-05-07,MMH7,3685.25,3667.45,3685.25,3685.25,2505970.0,110379.5,3.0,68,3685.25,0.0,3679.32,0.18,1.0,3,MXI-3.27,MXI,MMH7
RFUD,2025-05-08,MMH7,3697.3,3697.3,3697.3,3697.3,2514164.0,73946.0,2.0,68,3697.3,0.0,3697.3,0.33,1.0,2,MXI-3.27,MXI,MMH7
RFUD,2025-05-12,MMH7,3703.7,3703.7,3758.0,3715.0,2674800.0,446722.0,12.0,72,3715.0,0.0,3722.68,0.48,1.0,11,MXI-3.27,MXI,MMH7
RFUD,2025-05-13,MMH7,3717.6,3717.6,3717.6,3717.6,2676672.0,74352.0,2.0,72,3717.6,0.0,3717.6,0.07,2.0,1,MXI-3.27,MXI,MMH7
RFUD,2025-05-14,MMH7,,,,,2670228.0,,,72,3708.65,0.0,,,,0,MXI-3.27,MXI,MMH7
RFUD,2025-05-15,MMH7,3661.5,3649.5,3663.55,3649.5,2627640.0,182855.5,5.0,72,3649.5,0.0,3657.11,,1.0,5,MXI-3.27,MXI,MMH7
RFUD,2025-05-16,MMH7,3622.25,3618.1,3622.25,3618.1,2624832.0,108626.0,3.0,72,3645.6,0.0,3620.87,-0.86,1.0,3,MXI-3.27,MXI,MMH7
RFUD,2025-05-19,MMH7,3688.85,3688.85,3713.8,3713.8,2748212.0,111118.0,3.0,74,3713.8,0.0,3703.93,2.65,1.0,3,MXI-3.27,MXI,MMH7
RFUD,2025-05-20,MMH7,3681.25,3657.15,3681.25,3660.3,2773544.0,146575.5,4.0,76,3649.4,0.0,3664.39,-1.44,1.0,4,MXI-3.27,MXI,MMH7
RFUD,2025-05-21,MMH7,,,,,2715176.0,,,76,3572.6,0.0,,,,0,MXI-3.27,MXI,MMH7
RFUD,2025-05-22,MMH7,,,,,2694124.0,,,76,3544.9,0.0,,,,0,MXI-3.27,MXI,MMH7
RFUD,2025-05-23,MMH7,3631.8,3631.8,3631.8,3631.8,2691426.0,36318.0,1.0,76,3541.35,0.0,3631.8,,1.0,1,MXI-3.27,MXI,MMH7
RFUD,2025-05-26,MMH7,3581.45,3573.05,3581.45,3573.05,2712516.0,71545.0,2.0,76,3569.1,0.0,3577.25,-1.62,1.0,2,MXI-3.27,MXI,MMH7
RFUD,2025-05-27,MMH7,3574.0,3569.9,3574.0,3569.9,2759016.0,71439.0,2.0,78,3537.2,0.0,3571.95,-0.09,1.0,2,MXI-3.27,MXI,MMH7
RFUD,2025-05-28,MMH7,,,,,2763579.0,,,78,3543.05,0.0,,,,0,MXI-3.27,MXI,MMH7
RFUD,2025-05-29,MMH7,3553.85,3553.45,3566.25,3553.45,2761317.0,213423.0,6.0,78,3540.15,0.0,3557.05,,1.0,6,MXI-3.27,MXI,MMH7
RFUD,2025-05-30,MMH7,,,,,2761239.0,,,78,3540.05,0.0,,,,0,MXI-3.27,MXI,MMH7
RFUD,2025-06-02,MMH7,3695.7,3645.55,3801.6,3645.55,4242041.0,790885.5,21.0,118,3594.95,0.0,3766.12,,1.0,9,MXI-3.27,MXI,MMH7
RFUD,2025-06-03,MMH7,,,,,4298622.0,,,118,3642.9,0.0,,,,0,MXI-3.27,MXI,MMH7
RFUD,2025-06-04,MMH7,3676.0,3631.6,3676.0,3631.6,4285288.0,73076.0,2.0,118,3631.6,0.0,3653.8,,1.0,2,MXI-3.27,MXI,MMH7
RFUD,2025-06-05,MMH7,,,,,4284049.0,,,118,3630.55,0.0,,,,0,MXI-3.27,MXI,MMH7
RFUD,2025-06-06,MMH7,3704.05,3586.05,3719.9,3587.7,4305240.0,256012.0,7.0,120,3587.7,0.0,3657.31,,1.0,7,MXI-3.27,MXI,MMH7
RFUD,2025-06-09,MMH7,3586.05,3586.05,3592.5,3592.5,4299420.0,107646.0,3.0,120,3582.85,0.0,3588.2,0.13,1.0,3,MXI-3.27,MXI,MMH7
RFUD,2025-06-10,MMH7,3586.4,3549.45,3607.3,3586.0,4508091.0,179301.5,5.0,126,3577.85,0.0,3586.03,-0.18,1.0,5,MXI-3.27,MXI,MMH7
RFUD,2025-06-11,MMH7,,,,,4473378.0,,,126,3550.3,0.0,,,,0,MXI-3.27,MXI,MMH7
RFUD,2025-06-13,MMH7,3592.75,3592.75,3608.95,3608.95,4547277.0,72017.0,2.0,126,3608.95,0.0,3600.85,,1.0,2,MXI-3.27,MXI,MMH7
RFUD,2025-06-16,MMH7,3595.3,3583.8,3595.3,3583.8,4486356.0,71791.0,2.0,126,3560.6,0.0,3589.55,-0.7,1.0,2,MXI-3.27,MXI,MMH7
RFUD,2025-06-17,MMH7,3562.95,3562.95,3562.95,3562.95,4539339.0,35629.5,1.0,126,3602.65,0.0,3562.95,-0.58,1.0,1,MXI-3.27,MXI,MMH7
RFUD,2025-06-18,MMH7,,,,,4539654.0,,,126,3602.9,0.0,,,,0,MXI-3.27,MXI,MMH7
RFUD,2025-06-19,MMH7,3606.4,3606.4,3606.4,3606.4,4544064.0,36064.0,1.0,126,3606.4,0.0,3606.4,,1.0,1,MXI-3.27,MXI,MMH7
RFUD,2025-06-20,MMH7,,,,,4491333.0,,,126,3564.55,0.0,,,,0,MXI-3.27,MXI,MMH7
RFUD,2025-06-23,MMH7,3578.0,3578.0,3578.0,3578.0,4508280.0,35780.0,1.0,126,3578.0,0.0,3578.0,,1.0,1,MXI-3.27,MXI,MMH7
RFUD,2025-06-24,MMH7,3580.1,3503.8,3580.1,3503.8,4501120.0,422994.0,12.0,128,3516.5,0.0,3524.95,-2.07,1.0,12,MXI-3.27,MXI,MMH7
RFUD,2025-06-25,MMH7,3565.0,3565.0,3565.0,3565.0,4563200.0,35650.0,1.0,128,3565.0,0.0,3565.0,1.75,1.0,1,MXI-3.27,MXI,MMH7
RFUD,2025-06-26,MMH7,3557.1,3557.1,3557.1,3557.1,4567296.0,35571.0,1.0,128,3568.2,0.0,3557.1,-0.22,1.0,1,MXI-3.27,MXI,MMH7
RFUD,2025-06-27,MMH7,,,,,4568512.0,,,128,3569.15,0.0,,,,0,MXI-3.27,MXI,MMH7
RFUD,2025-06-30,MMH7,,,,,4614080.0,,,128,3604.75,0.0,,,,0,MXI-3.27,MXI,MMH7
RFUD,2025-07-01,MMH7,3608.2,3604.6,3608.2,3607.0,4616960.0,108198.0,3.0,128,3607.0,0.0,3606.6,,1.0,3,MXI-3.27,MXI,MMH7
RFUD,2025-07-02,MMH7,,,,,4568000.0,,,128,3568.75,0.0,,,,0,MXI-3.27,MXI,MMH7
RFUD,2025-07-03,MMH7,,,,,4608640.0,,,128,3600.5,0.0,,,,0,MXI-3.27,MXI,MMH7
RFUD,2025-07-04,MMH7,3585.7,3585.7,3585.7,3585.7,4589696.0,35857.0,1.0,128,3585.7,0.0,3585.7,,1.0,1,MXI-3.27,MXI,MMH7
RFUD,2025-07-07,MMH7,3556.0,3548.7,3556.0,3548.7,4542336.0,71047.0,2.0,128,3548.7,0.0,3552.35,-1.03,1.0,2,MXI-3.27,MXI,MMH7
RFUD,2025-07-08,MMH7,,,,,4537728.0,,,128,3545.1,0.0,,,,0,MXI-3.27,MXI,MMH7
RFUD,2025-07-09,MMH7,3521.95,3487.1,3521.95,3501.0,4551300.0,140320.0,4.0,130,3501.0,0.0,3508.0,,1.0,4,MXI-3.27,MXI,MMH7
RFUD,2025-07-10,MMH7,3524.8,3524.8,3524.8,3524.8,4582240.0,35248.0,1.0,130,3524.8,0.0,3524.8,0.68,1.0,1,MXI-3.27,MXI,MMH7
RFUD,2025-07-11,MMH7,3530.0,3476.0,3530.0,3476.0,4503850.0,139710.5,4.0,130,3464.5,0.0,3492.76,-1.38,1.0,4,MXI-3.27,MXI,MMH7
RFUD,2025-07-14,MMH7,3469.65,3469.65,3521.0,3521.0,4577300.0,105116.5,3.0,130,3521.0,0.0,3503.88,1.29,1.0,3,MXI-3.27,MXI,MMH7
RFUD,2025-07-15,MMH7,3532.55,3532.55,3532.55,3532.55,4592315.0,70651.0,2.0,130,3532.55,0.0,3532.55,0.33,1.0,2,MXI-3.27,MXI,MMH7
RFUD,2025-07-16,MMH7,3550.35,3550.35,3550.35,3550.35,4615455.0,106510.5,3.0,130,3550.35,0.0,3550.35,0.5,1.0,3,MXI-3.27,MXI,MMH7
RFUD,2025-07-17,MMH7,,,,,4597385.0,,,130,3536.45,0.0,,,,0,MXI-3.27,MXI,MMH7
RFUD,2025-07-18,MMH7,3508.9,3508.9,3545.3,3514.4,4603365.0,105686.0,3.0,130,3541.05,0.0,3522.87,,1.0,3,MXI-3.27,MXI,MMH7
RFUD,2025-07-21,MMH7,3579.35,3561.05,3579.35,3561.05,4494231.0,250188.5,7.0,126,3566.85,0.0,3574.12,1.33,1.0,5,MXI-3.27,MXI,MMH7
RFUD,2025-07-22,MMH7,3563.5,3556.25,3563.5,3556.25,4275840.0,106832.5,3.0,120,3563.2,0.0,3561.08,-0.14,1.0,3,MXI-3.27,MXI,MMH7
RFUD,2025-07-23,MMH7,3570.3,3570.3,3570.3,3570.3,4141548.0,71406.0,2.0,116,3570.3,0.0,3570.3,0.4,1.0,2,MXI-3.27,MXI,MMH7
RFUD,2025-07-24,MMH7,3553.75,3553.75,3553.75,3553.75,4122350.0,35537.5,1.0,116,3553.75,0.0,3553.75,-0.46,1.0,1,MXI-3.27,MXI,MMH7
RFUD,2025-07-25,MMH7,3537.6,3529.9,3546.15,3532.6,4137493.0,176761.5,5.0,118,3506.35,0.0,3535.23,-0.6,1.0,5,MXI-3.27,MXI,MMH7
RFUD,2025-07-28,MMH7,3461.9,3449.95,3475.8,3449.95,4145400.0,103876.5,3.0,120,3454.5,0.0,3462.55,-2.34,1.0,3,MXI-3.27,MXI,MMH7
RFUD,2025-07-29,MMH7,,,,,4194180.0,,,120,3495.15,0.0,,,,0,MXI-3.27,MXI,MMH7
RFUD,2025-07-30,MMH7,,,,,4154700.0,,,120,3462.25,0.0,,,,0,MXI-3.27,MXI,MMH7
RFUD,2025-07-31,MMH7,,,,,4156980.0,,,120,3464.15,0.0,,,,0,MXI-3.27,MXI,MMH7
RFUD,2025-08-01,MMH7,3482.7,3482.7,3482.7,3482.7,4154400.0,34827.0,1.0,120,3462.0,0.0,3482.7,,1.0,1,MXI-3.27,MXI,MMH7
RFUD,2025-08-04,MMH7,,,,,4201800.0,,,120,3501.5,0.0,,,,0,MXI-3.27,MXI,MMH7
RFUD,2025-08-05,MMH7,,,,,4212600.0,,,120,3510.5,0.0,,,,0,MXI-3.27,MXI,MMH7
RFUD,2025-08-06,MMH7,,,,,4188960.0,,,120,3490.8,0.0,,,,0,MXI-3.27,MXI,MMH7
RFUD,2025-08-07,MMH7,3525.0,3525.0,3575.45,3575.45,4219031.0,284125.5,8.0,118,3575.45,0.0,3551.57,,1.0,8,MXI-3.27,MXI,MMH7
RFUD,2025-08-08,MMH7,3576.0,3576.0,3603.5,3603.5,4180060.0,143566.0,4.0,116,3603.5,0.0,3589.15,0.78,1.0,4,MXI-3.27,MXI,MMH7
RFUD,2025-08-11,MMH7,3662.95,3657.2,3662.95,3657.2,4242352.0,109831.0,3.0,116,3657.2,0.0,3661.03,1.49,1.0,3,MXI-3.27,MXI,MMH7
RFUD,2025-08-12,MMH7,,,,,4236494.0,,,116,3652.15,0.0,,,,0,MXI-3.27,MXI,MMH7
RFUD,2025-08-13,MMH7,3672.3,3672.3,3672.3,3672.3,4326883.0,36723.0,1.0,118,3666.85,0.0,3672.3,,1.0,1,MXI-3.27,MXI,MMH7
RFUD,2025-08-14,MMH7,,,,,4333609.0,,,118,3672.55,0.0,,,,0,MXI-3.27,MXI,MMH7
RFUD,2025-08-15,MMH7,3678.85,3678.85,3678.85,3678.85,4353787.0,36788.5,1.0,118,3689.65,0.0,3678.85,,1.0,1,MXI-3.27,MXI,MMH7
RFUD,2025-08-18,MMH7,,,,,4287294.0,,,118,3633.3,0.0,,,,0,MXI-3.27,MXI,MMH7
RFUD,2025-08-19,MMH7,,,,,4299389.0,,,118,3643.55,0.0,,,,0,MXI-3.27,MXI,MMH7
RFUD,2025-08-20,MMH7,3628.9,3628.9,3628.9,3628.9,4198562.0,36289.0,1.0,116,3619.45,0.0,3628.9,,1.0,1,MXI-3.27,MXI,MMH7
RFUD,2025-08-21,MMH7,3602.5,3575.85,3602.5,3575.85,4140968.0,107577.5,3.0,116,3569.8,0.0,3585.92,-1.46,1.0,3,MXI-3.27,MXI,MMH7
RFUD,2025-08-22,MMH7,3572.8,3568.7,3583.7,3578.1,4293720.0,143033.0,4.0,120,3578.1,0.0,3575.83,0.06,1.0,4,MXI-3.27,MXI,MMH7
RFUD,2025-08-25,MMH7,,,,,4295160.0,,,120,3579.3,0.0,,,,0,MXI-3.27,MXI,MMH7
RFUD,2025-08-26,MMH7,,,,,4287480.0,,,120,3572.9,0.0,,,,0,MXI-3.27,MXI,MMH7
RFUD,2025-08-27,MMH7,3588.4,3588.4,3588.4,3588.4,4377848.0,35884.0,1.0,122,3588.4,0.0,3588.4,,1.0,1,MXI-3.27,MXI,MMH7
RFUD,2025-08-28,MMH7,,,,,4399991.0,,,122,3606.55,0.0,,,,0,MXI-3.27,MXI,MMH7
RFUD,2025-08-29,MMH7,3562.5,3562.5,3562.5,3562.5,4346250.0,35625.0,1.0,122,3562.5,0.0,3562.5,,1.0,1,MXI-3.27,MXI,MMH7
RFUD,2025-09-01,MMH7,,,,,4359792.0,,,122,3573.6,0.0,,,,0,MXI-3.27,MXI,MMH7
RFUD,2025-09-02,MMH7,3543.6,3543.6,3545.75,3545.75,4319471.0,106351.0,3.0,122,3540.55,0.0,3545.03,,1.0,3,MXI-3.27,MXI,MMH7
RFUD,2025-09-03,MMH7,3540.0,3540.0,3555.75,3555.75,4338015.0,142035.5,4.0,122,3555.75,0.0,3550.89,0.28,1.0,4,MXI-3.27,MXI,MMH7
RFUD,2025-09-04,MMH7,,,,,4335209.0,,,122,3553.45,0.0,,,,0,MXI-3.27,MXI,MMH7
RFUD,2025-09-05,MMH7,,,,,4366075.0,,,122,3578.75,0.0,,,,0,MXI-3.27,MXI,MMH7
RFUD,2025-09-08,MMH7,,,,,4402919.0,,,122,3608.95,0.0,,,,0,MXI-3.27,MXI,MMH7
RFUD,2025-09-09,MMH7,,,,,4425611.0,,,122,3627.55,0.0,,,,0,MXI-3.27,MXI,MMH7
RFUD,2025-09-10,MMH7,,,,,4422561.0,,,122,3625.05,0.0,,,,0,MXI-3.27,MXI,MMH7
RFUD,2025-09-11,MMH7,,,,,4402126.0,,,122,3608.3,0.0,,,,0,MXI-3.27,MXI,MMH7
RFUD,2025-09-12,MMH7,3581.9,3560.0,3581.9,3560.0,4556800.0,107019.0,3.0,128,3560.0,0.0,3567.3,,1.0,3,MXI-3.27,MXI,MMH7
RFUD,2025-09-15,MMH7,3529.15,3505.8,3529.15,3505.8,4487424.0,105449.5,3.0,128,3505.8,0.0,3514.98,-1.52,1.0,3,MXI-3.27,MXI,MMH7
RFUD,2025-09-16,MMH7,3512.15,3493.55,3512.5,3493.55,4477248.0,140117.5,4.0,128,3497.85,0.0,3502.94,-0.35,1.0,4,MXI-3.27,MXI,MMH7
RFUD,2025-09-17,MMH7,3500.0,3498.5,3500.0,3498.5,4633794.0,104985.0,3.0,132,3510.45,0.0,3499.5,0.14,1.0,3,MXI-3.27,MXI,MMH7
RFUD,2025-09-18,MMH7,3498.5,3480.7,3500.0,3500.0,4900000.0,174777.0,5.0,140,3500.0,0.0,3495.54,0.04,1.0,5,MXI-3.27,MXI,MMH7
RFUD,2025-09-19,MMH7,3514.6,3475.0,3514.6,3483.35,5991362.0,662809.5,19.0,172,3483.35,0.0,3488.47,-0.48,1.0,19,MXI-3.27,MXI,MMH7
RFUD,2025-09-22,MMH7,3461.35,3415.0,3471.1,3465.0,6378176.0,518317.5,15.0,184,3466.4,0.0,3455.45,-0.53,1.0,15,MXI-3.27,MXI,MMH7
RFUD,2025-09-23,MMH7,3482.1,3482.1,3482.1,3482.1,6407064.0,34821.0,1.0,184,3482.1,0.0,3482.1,0.49,1.0,1,MXI-3.27,MXI,MMH7
RFUD,2025-09-24,MMH7,3400.2,3400.2,3458.95,3428.3,6033808.0,548857.0,16.0,176,3428.3,0.0,3430.36,-1.54,1.0,16,MXI-3.27,MXI,MMH7
RFUD,2025-09-25,MMH7,3425.0,3421.9,3425.0,3421.9,5875950.0,68469.0,2.0,172,3416.25,0.0,3423.45,-0.19,1.0,2,MXI-3.27,MXI,MMH7
RFUD,2025-09-26,MMH7,3400.65,3400.65,3417.0,3408.45,5884636.0,102261.0,3.0,172,3421.3,0.0,3408.7,-0.39,1.0,3,MXI-3.27,MXI,MMH7
RFUD,2025-09-29,MMH7,3424.4,3394.45,3424.4,3394.45,5969392.0,306757.5,9.0,176,3391.7,0.0,3408.42,-0.41,1.0,9,MXI-3.27,MXI,MMH7
RFUD,2025-09-30,MMH7,3389.5,3360.75,3389.5,3360.75,6141772.0,101110.0,3.0,182,3374.6,0.0,3370.33,-0.99,1.0,3,MXI-3.27,MXI,MMH7
RFUD,2025-10-01,MMH7,3376.0,3359.85,3376.0,3359.85,6316518.0,235734.0,7.0,188,3359.85,0.0,3367.63,-0.03,1.0,7,MXI-3.27,MXI,MMH7
RFUD,2025-10-02,MMH7,3338.7,3149.9,3367.25,3353.35,6170164.0,1440796.0,44.0,184,3353.35,0.0,3274.54,-0.19,1.0,34,MXI-3.27,MXI,MMH7
RFUD,2025-10-03,MMH7,3338.1,3204.55,3338.1,3331.7,5656495.0,364689.0,11.0,170,3327.35,0.0,3315.35,-0.65,1.0,11,MXI-3.27,MXI,MMH7
RFUD,2025-10-06,MMH7,3314.2,3281.15,3376.4,3376.4,5874936.0,333866.5,10.0,174,3376.4,0.0,3338.67,1.34,1.0,9,MXI-3.27,MXI,MMH7
RFUD,2025-10-07,MMH7,3362.0,3362.0,3371.7,3371.7,5734185.0,67337.0,2.0,170,3373.05,0.0,3366.85,-0.14,1.0,2,MXI-3.27,MXI,MMH7
RFUD,2025-10-08,MMH7,3374.0,3233.2,3418.45,3266.8,4442848.0,2265239.0,68.0,136,3266.8,0.0,3331.23,-3.11,1.0,41,MXI-3.27,MXI,MMH7
RFUD,2025-10-09,MMH7,3269.0,3263.0,3269.0,3263.0,4611132.0,98010.0,3.0,138,3341.4,0.0,3267.0,-0.12,1.0,2,MXI-3.27,MXI,MMH7
RFUD,2025-10-10,MMH7,3325.25,3291.95,3325.25,3309.4,5225692.0,563066.0,17.0,158,3307.4,0.0,3312.15,1.42,1.0,13,MXI-3.27,MXI,MMH7
RFUD,2025-10-13,MMH7,3307.15,3227.1,3307.15,3272.4,5039496.0,327500.0,10.0,154,3272.4,0.0,3275.0,-1.12,1.0,9,MXI-3.27,MXI,MMH7
RFUD,2025-10-14,MMH7,3268.85,3250.0,3268.85,3250.0,5135000.0,325242.5,10.0,158,3250.0,0.0,3252.43,-0.69,1.0,8,MXI-3.27,MXI,MMH7
RFUD,2025-10-15,MMH7,,,,,5116198.0,,,158,3238.1,0.0,,,,0,MXI-3.27,MXI,MMH7
RFUD,2025-10-16,MMH7,3243.05,3243.05,3243.05,3243.05,5204283.0,32430.5,1.0,158,3293.85,0.0,3243.05,,1.0,1,MXI-3.27,MXI,MMH7
RFUD,2025-10-17,MMH7,3328.65,3328.65,3414.75,3406.05,4836591.0,1014050.0,30.0,142,3406.05,0.0,3380.17,5.03,1.0,26,MXI-3.27,MXI,MMH7
RFUD,2025-10-20,MMH7,3445.35,3374.9,3445.4,3434.2,4807530.0,650987.0,19.0,140,3433.95,0.0,3426.25,0.83,1.0,17,MXI-3.27,MXI,MMH7
RFUD,2025-10-21,MMH7,3392.85,3301.0,3392.85,3303.05,4769640.0,266998.5,8.0,144,3312.25,0.0,3337.48,-3.82,1.0,8,MXI-3.27,MXI,MMH7
RFUD,2025-10-22,MMH7,3313.35,3313.3,3327.5,3327.5,4863187.0,166044.5,5.0,146,3330.95,0.0,3320.89,0.74,1.0,5,MXI-3.27,MXI,MMH7
RFUD,2025-10-23,MMH7,3324.05,3241.95,3324.05,3251.8,4887675.0,717112.5,22.0,150,3258.45,0.0,3259.6,-2.27,1.0,19,MXI-3.27,MXI,MMH7
RFUD,2025-10-24,MMH7,3263.0,3263.0,3263.0,3263.0,4861875.0,32630.0,1.0,150,3241.25,0.0,3263.0,0.34,1.0,1,MXI-3.27,MXI,MMH7
RFUD,2025-10-27,MMH7,3225.05,3096.75,3225.05,3154.9,5931212.0,982112.5,31.0,188,3154.9,0.0,3168.1,-3.31,1.0,29,MXI-3.27,MXI,MMH7
RFUD,2025-10-28,MMH7,3163.5,3145.3,3185.05,3185.05,6748490.0,792455.0,25.0,212,3183.25,0.0,3169.82,0.96,1.0,19,MXI-3.27,MXI,MMH7
RFUD,2025-10-29,MMH7,3179.0,3173.25,3185.95,3179.25,6740010.0,794874.5,25.0,212,3179.25,0.0,3179.5,-0.18,2.0,21,MXI-3.27,MXI,MMH7
RFUD,2025-10-30,MMH7,3199.4,3199.4,3318.3,3213.6,7455552.0,782854.5,24.0,232,3213.6,0.0,3261.89,1.08,1.0,18,MXI-3.27,MXI,MMH7
RFUD,2025-10-31,MMH7,3228.1,3186.15,3228.1,3186.15,7009530.0,801084.0,25.0,220,3186.15,0.0,3204.34,-0.85,5.0,18,MXI-3.27,MXI,MMH7
RFUD,2025-11-01,MMH7,3172.5,3033.0,3193.05,3175.5,6605040.0,1291828.5,41.0,208,3175.5,0.0,3150.8,-0.33,1.0,27,MXI-3.27,MXI,MMH7
RFUD,2025-11-03,MMH7,3220.95,3220.95,3220.95,3220.95,6763995.0,64419.0,2.0,210,3220.95,0.0,3220.95,1.43,1.0,2,MXI-3.27,MXI,MMH7
RFUD,2025-11-05,MMH7,3216.95,3216.95,3216.95,3216.95,6728295.0,32169.5,1.0,210,3203.95,0.0,3216.95,-0.12,1.0,1,MXI-3.27,MXI,MMH7
RFUD,2025-11-06,MMH7,3204.75,3189.8,3204.75,3189.8,6826172.0,191772.5,6.0,214,3189.8,0.0,3196.21,-0.84,1.0,6,MXI-3.27,MXI,MMH7
RFUD,2025-11-07,MMH7,3221.25,3221.25,3230.4,3230.4,7429920.0,290214.0,9.0,230,3230.4,0.0,3224.6,1.27,1.0,9,MXI-3.27,MXI,MMH7
RFUD,2025-11-10,MMH7,3220.8,3195.3,3234.35,3195.3,7860438.0,997419.5,31.0,246,3195.3,0.0,3217.48,-1.09,1.0,26,MXI-3.27,MXI,MMH7
RFUD,2025-11-11,MMH7,3195.5,3181.65,3212.2,3193.4,8238972.0,958667.0,30.0,258,3193.4,0.0,3195.56,-0.06,1.0,26,MXI-3.27,MXI,MMH7
RFUD,2025-11-12,MMH7,3180.85,3047.65,3180.85,3107.0,13173680.0,3674179.5,117.0,424,3107.0,0.0,3140.32,-2.71,1.0,91,MXI-3.27,MXI,MMH7
RFUD,2025-11-13,MMH7,3108.7,3083.05,3108.7,3098.3,13384656.0,773405.0,25.0,432,3098.3,0.0,3093.62,-0.28,1.0,23,MXI-3.27,MXI,MMH7
RFUD,2025-11-14,MMH7,3089.3,3059.25,3091.0,3065.15,13057539.0,738406.0,24.0,426,3065.15,0.0,3076.69,-1.07,1.0,23,MXI-3.27,MXI,MMH7
RFUD,2025-11-17,MMH7,3072.85,3044.85,3080.75,3059.95,12668193.0,612230.5,20.0,414,3059.95,0.0,3061.15,-0.17,1.0,20,MXI-3.27,MXI,MMH7
RFUD,2025-11-18,MMH7,3047.95,3043.15,3107.85,3104.0,13160960.0,618027.0,20.0,424,3104.0,0.0,3090.14,1.44,1.0,19,MXI-3.27,MXI,MMH7
RFUD,2025-11-19,MMH7,3105.55,3095.8,3202.55,3163.95,13196768.0,598338.5,19.0,416,3172.3,0.0,3149.15,1.93,1.0,15,MXI-3.27,MXI,MMH7
RFUD,2025-11-20,MMH7,3160.5,3121.7,3163.1,3121.75,14422485.0,2517152.0,80.0,462,3121.75,0.0,3146.44,-1.33,1.0,67,MXI-3.27,MXI,MMH7
RFUD,2025-11-21,MMH7,3142.6,3113.4,3249.95,3162.45,14610519.0,2311437.5,73.0,462,3162.45,0.0,3166.35,1.3,1.0,67,MXI-3.27,MXI,MMH7
RFUD,2025-11-24,MMH7,3171.3,3120.0,3280.75,3120.0,14352000.0,978950.0,31.0,460,3120.0,0.0,3157.9,-1.34,1.0,28,MXI-3.27,MXI,MMH7
RFUD,2025-11-25,MMH7,3140.6,3117.0,3252.05,3160.0,14540370.0,795579.0,25.0,460,3160.95,0.0,3182.32,1.28,1.0,19,MXI-3.27,MXI,MMH7
RFUD,2025-11-26,MMH7,3161.7,3065.0,3161.7,3134.75,14419850.0,498807.0,16.0,460,3134.75,0.0,3117.54,-0.8,1.0,13,MXI-3.27,MXI,MMH7
RFUD,2025-11-27,MMH7,3134.75,3077.35,3219.4,3198.65,14306920.0,443762.0,14.0,460,3110.2,0.0,3169.73,2.04,1.0,13,MXI-3.27,MXI,MMH7
RFUD,2025-11-28,MMH7,3104.05,3104.05,3167.65,3167.65,14565440.0,93874.0,3.0,460,3166.4,0.0,3129.13,-0.97,1.0,3,MXI-3.27,MXI,MMH7
RFUD,2025-12-01,MMH7,3285.9,3124.1,3285.9,3145.05,14467230.0,540977.0,17.0,460,3145.05,0.0,3182.22,-0.71,1.0,14,MXI-3.27,MXI,MMH7
RFUD,2025-12-02,MMH7,3150.05,3150.05,3152.15,3152.15,14499890.0,252117.5,8.0,460,3152.15,0.0,3151.47,0.23,1.0,8,MXI-3.27,MXI,MMH7
RFUD,2025-12-03,MMH7,3125.0,3103.6,3173.5,3121.0,13919660.0,531196.5,17.0,446,3121.0,0.0,3124.69,-0.99,1.0,14,MXI-3.27,MXI,MMH7
RFUD,2025-12-04,MMH7,,,,,13982323.0,,,446,3135.05,0.0,,,,0,MXI-3.27,MXI,MMH7
RFUD,2025-12-05,MMH7,3135.1,3135.1,3220.0,3138.1,14295232.0,252013.0,8.0,448,3190.9,0.0,3150.16,,1.0,7,MXI-3.27,MXI,MMH7
RFUD,2025-12-08,MMH7,3182.85,3182.85,3182.85,3182.85,14261856.0,31828.5,1.0,448,3183.45,0.0,3182.85,1.43,1.0,1,MXI-3.27,MXI,MMH7
RFUD,2025-12-09,MMH7,3182.85,3182.85,3182.85,3182.85,14137531.0,63657.0,2.0,446,3169.85,0.0,3182.85,0.0,1.0,2,MXI-3.27,MXI,MMH7
RFUD,2025-12-10,MMH7,3200.4,3200.4,3200.4,3200.4,14236320.0,32004.0,1.0,446,3192.0,0.0,3200.4,0.55,1.0,1,MXI-3.27,MXI,MMH7
RFUD,2025-12-11,MMH7,3200.0,3170.45,3276.6,3276.6,14451738.0,227534.5,7.0,446,3240.3,0.0,3250.49,2.38,2.0,6,MXI-3.27,MXI,MMH7
RFUD,2025-12-12,MMH7,3250.0,3166.65,3251.05,3184.4,14266112.0,257336.5,8.0,448,3184.4,0.0,3216.71,-2.81,1.0,8,MXI-3.27,MXI,MMH7
RFUD,2025-12-15,MMH7,3184.4,3184.35,3220.0,3220.0,14421344.0,224222.0,7.0,448,3219.05,0.0,3203.17,1.12,1.0,7,MXI-3.27,MXI,MMH7
RFUD,2025-12-16,MMH7,3214.85,3161.85,3226.4,3169.7,17306562.0,1877214.0,59.0,546,3169.7,0.0,3181.72,-1.56,1.0,50,MXI-3.27,MXI,MMH7
RFUD,2025-12-17,MMH7,3190.3,3100.0,3190.3,3152.25,19991388.0,3011447.5,96.0,636,3143.3,0.0,3136.92,-0.55,1.0,61,MXI-3.27,MXI,MMH7
RFUD,2025-12-18,MMH7,3143.7,3109.85,3189.6,3109.85,20835995.0,2185214.0,70.0,670,3109.85,0.0,3121.73,-1.34,1.0,38,MXI-3.27,MXI,MMH7
RFUD,2025-12-19,MMH7,3175.15,3099.95,3175.15,3099.95,21203658.0,1657844.0,53.0,684,3099.95,0.0,3128.01,-0.32,2.0,38,MXI-3.27,MXI,MMH7
RFUD,2025-12-22,MMH7,3101.05,3050.4,3166.55,3051.85,23255097.0,3032698.0,98.0,762,3051.85,0.0,3094.59,-1.55,1.0,75,MXI-3.27,MXI,MMH7
RFUD,2025-12-23,MMH7,3114.9,3025.0,3114.9,3086.1,24129392.0,640957.5,21.0,782,3085.6,0.0,3052.18,1.12,1.0,16,MXI-3.27,MXI,MMH7
RFUD,2025-12-24,MMH7,3048.05,3019.25,3048.05,3019.25,23610535.0,332950.5,11.0,782,3019.25,0.0,3026.82,-2.17,1.0,11,MXI-3.27,MXI,MMH7
RFUD,2025-12-25,MMH7,3019.25,2999.75,3061.1,3008.7,23588208.0,242242.5,8.0,784,3008.7,0.0,3028.03,-0.35,1.0,8,MXI-3.27,MXI,MMH7
RFUD,2025-12-26,MMH7,3027.7,3013.85,3048.3,3045.85,23818547.0,151815.5,5.0,782,3045.85,0.0,3036.31,1.23,1.0,5,MXI-3.27,MXI,MMH7
RFUD,2025-12-29,MMH7,3092.45,3025.35,3106.75,3031.0,23702420.0,676955.0,22.0,782,3031.0,0.0,3077.07,-0.49,1.0,17,MXI-3.27,MXI,MMH7
RFUD,2025-12-30,MMH7,3098.9,2999.75,3106.8,3049.65,24275214.0,1369411.0,45.0,796,3049.65,0.0,3043.14,0.61,1.0,27,MXI-3.27,MXI,MMH7
RFUD,2026-01-05,MMH7,3015.9,3015.9,3048.1,3048.1,24258498.0,151415.0,5.0,796,3047.55,0.0,3028.3,-0.05,1.0,5,MXI-3.27,MXI,MMH7
RFUD,2026-01-06,MMH7,3024.4,3000.45,3051.8,3030.75,24124770.0,392614.5,13.0,796,3030.75,0.0,3020.11,-0.57,1.0,11,MXI-3.27,MXI,MMH7
RFUD,2026-01-08,MMH7,3040.05,3007.75,3040.05,3007.75,23941690.0,332196.0,11.0,796,3007.75,0.0,3019.96,-0.76,1.0,10,MXI-3.27,MXI,MMH7
RFUD,2026-01-09,MMH7,3000.4,3000.2,3030.55,3005.5,23923780.0,1204600.5,40.0,796,3005.5,0.0,3011.5,-0.07,2.0,28,MXI-3.27,MXI,MMH7
RFUD,2026-01-12,MMH7,3025.35,3015.0,3044.6,3041.75,24150242.0,423738.5,14.0,796,3033.95,0.0,3026.7,1.21,1.0,14,MXI-3.27,MXI,MMH7
RFUD,2026-01-13,MMH7,3022.25,3010.9,3022.25,3021.3,23992236.0,241542.0,8.0,796,3014.1,0.0,3019.28,-0.67,1.0,7,MXI-3.27,MXI,MMH7
RFUD,2026-01-14,MMH7,3020.25,3000.15,3020.25,3007.5,23939700.0,391439.0,13.0,796,3007.5,0.0,3011.07,-0.46,1.0,11,MXI-3.27,MXI,MMH7
RFUD,2026-01-15,MMH7,3001.35,3001.35,3060.4,3036.05,24417760.0,696701.0,23.0,808,3022.0,0.0,3029.13,0.95,1.0,19,MXI-3.27,MXI,MMH7
RFUD,2026-01-16,MMH7,3026.45,3026.45,3043.8,3043.8,24350400.0,455422.0,15.0,800,3043.8,0.0,3036.15,0.26,1.0,15,MXI-3.27,MXI,MMH7
RFUD,2026-01-19,MMH7,3046.4,3030.0,3046.4,3030.0,24846000.0,394790.0,13.0,820,3030.0,0.0,3036.85,-0.45,2.0,9,MXI-3.27,MXI,MMH7
RFUD,2026-01-20,MMH7,3030.0,3030.0,3077.4,3040.05,24381201.0,365438.5,12.0,802,3040.05,0.0,3045.32,0.33,1.0,10,MXI-3.27,MXI,MMH7
RFUD,2026-01-21,MMH7,3044.85,3037.7,3101.7,3089.55,24522372.0,1442263.0,47.0,796,3080.7,0.0,3068.64,1.63,1.0,30,MXI-3.27,MXI,MMH7
RFUD,2026-01-22,MMH7,3067.7,3018.75,3106.5,3106.5,24623464.0,522166.5,17.0,796,3093.4,0.0,3071.57,0.55,2.0,11,MXI-3.27,MXI,MMH7
RFUD,2026-01-23,MMH7,3100.0,3049.55,3148.9,3091.05,24535791.0,462650.0,15.0,794,3090.15,0.0,3084.33,-0.5,1.0,14,MXI-3.27,MXI,MMH7
RFUD,2026-01-26,MMH7,3097.05,3089.15,3105.0,3089.15,24159352.0,216734.0,7.0,784,3081.55,0.0,3096.2,-0.06,1.0,6,MXI-3.27,MXI,MMH7
RFUD,2026-01-27,MMH7,3076.65,3076.65,3076.65,3076.65,24120936.0,30766.5,1.0,784,3076.65,0.0,3076.65,-0.4,1.0,1,MXI-3.27,MXI,MMH7
RFUD,2026-01-28,MMH7,3081.95,3035.1,3083.8,3071.7,24082128.0,245648.0,8.0,784,3071.7,0.0,3070.6,-0.16,2.0,7,MXI-3.27,MXI,MMH7
RFUD,2026-01-29,MMH7,3089.25,3079.0,3121.55,3079.0,24500060.0,432614.5,14.0,782,3133.0,0.0,3090.1,0.24,1.0,13,MXI-3.27,MXI,MMH7
RFUD,2026-01-30,MMH7,3079.0,3061.4,3162.85,3162.85,24353550.0,309773.0,10.0,780,3122.25,0.0,3097.73,2.72,2.0,9,MXI-3.27,MXI,MMH7
RFUD,2026-02-02,MMH7,3081.2,3055.0,3146.65,3055.0,23823916.0,492739.0,16.0,778,3062.2,0.0,3079.62,-3.41,1.0,15,MXI-3.27,MXI,MMH7
RFUD,2026-02-03,MMH7,3078.85,3065.55,3098.4,3065.55,23849979.0,216180.0,7.0,778,3065.55,0.0,3088.29,0.34,1.0,6,MXI-3.27,MXI,MMH7
RFUD,2026-02-04,MMH7,3097.15,3097.15,3099.0,3099.0,24234180.0,92951.5,3.0,782,3099.0,0.0,3098.38,1.09,1.0,3,MXI-3.27,MXI,MMH7
RFUD,2026-02-05,MMH7,3055.0,3038.85,3093.15,3038.85,23763807.0,613125.0,20.0,782,3038.85,0.0,3065.63,-1.94,1.0,14,MXI-3.27,MXI,MMH7
RFUD,2026-02-06,MMH7,3038.8,3034.95,3038.8,3036.05,23745821.0,485939.0,16.0,782,3036.55,0.0,3037.12,-0.09,2.0,12,MXI-3.27,MXI,MMH7
RFUD,2026-02-09,MMH7,3036.05,3030.0,3036.05,3030.0,23694600.0,273002.5,9.0,782,3030.0,0.0,3033.36,-0.2,1.0,6,MXI-3.27,MXI,MMH7
RFUD,2026-02-10,MMH7,3040.0,3016.45,3056.4,3030.0,23755200.0,273185.5,9.0,784,3030.0,0.0,3035.39,0.0,1.0,8,MXI-3.27,MXI,MMH7
RFUD,2026-02-11,MMH7,3025.0,3025.0,3059.3,3059.3,24168470.0,152266.0,5.0,790,3059.3,0.0,3045.32,0.97,1.0,5,MXI-3.27,MXI,MMH7
RFUD,2026-02-12,MMH7,3032.55,3032.55,3065.15,3065.15,24275988.0,60977.0,2.0,792,3065.15,0.0,3048.85,0.19,1.0,2,MXI-3.27,MXI,MMH7
RFUD,2026-02-13,MMH7,3065.15,3000.0,3083.8,3083.8,24304745.0,91489.5,3.0,790,3076.55,0.0,3049.65,0.61,1.0,3,MXI-3.27,MXI,MMH7
RFUD,2026-02-16,MMH7,,,,,24339900.0,,,790,3081.0,0.0,,,,0,MXI-3.27,MXI,MMH7
RFUD,2026-02-17,MMH7,3077.8,3054.5,3083.8,3054.5,24265434.0,492716.0,16.0,794,3056.1,0.0,3079.48,,1.0,10,MXI-3.27,MXI,MMH7
RFUD,2026-02-18,MMH7,3091.55,3026.85,3091.55,3060.3,24298782.0,669995.0,22.0,794,3060.3,0.0,3045.43,0.19,1.0,14,MXI-3.27,MXI,MMH7
RFUD,2026-02-19,MMH7,3091.15,3091.15,3091.15,3091.15,24361920.0,30911.5,1.0,792,3076.0,0.0,3091.15,1.01,1.0,1,MXI-3.27,MXI,MMH7
RFUD,2026-02-20,MMH7,3132.15,3132.15,3132.15,3132.15,24675552.0,31321.5,1.0,792,3115.6,0.0,3132.15,1.33,1.0,1,MXI-3.27,MXI,MMH7
RFUD,2026-02-24,MMH7,3070.95,3070.95,3070.95,3070.95,24321924.0,30709.5,1.0,792,3070.95,0.0,3070.95,-1.95,1.0,1,MXI-3.27,MXI,MMH7
RFUD,2026-02-25,MMH7,,,,,24498144.0,,,792,3093.2,0.0,,,,0,MXI-3.27,MXI,MMH7
RFUD,2026-02-26,MMH7,3093.15,3093.15,3093.15,3093.15,24374196.0,30931.5,1.0,792,3077.55,0.0,3093.15,,1.0,1,MXI-3.27,MXI,MMH7
RFUD,2026-02-27,MMH7,,,,,24698916.0,,,792,3118.55,0.0,,,,0,MXI-3.27,MXI,MMH7
RFUD,2026-03-02,MMH7,3093.2,3066.1,3136.55,3066.1,24349380.0,154280.5,5.0,790,3082.2,0.0,3085.61,,2.0,4,MXI-3.27,MXI,MMH7
RFUD,2026-03-03,MMH7,,,,,24325285.0,,,790,3079.15,0.0,,,,0,MXI-3.27,MXI,MMH7
RFUD,2026-03-04,MMH7,3094.6,3072.95,3105.0,3072.95,24646663.0,433039.5,14.0,802,3073.15,0.0,3093.14,,1.0,9,MXI-3.27,MXI,MMH7
RFUD,2026-03-05,MMH7,3099.55,3099.0,3100.0,3099.0,24915960.0,247962.0,8.0,804,3099.0,0.0,3099.53,0.85,2.0,6,MXI-3.27,MXI,MMH7
RFUD,2026-03-06,MMH7,3119.0,3119.0,3120.0,3120.0,25393544.0,187190.0,6.0,814,3119.6,0.0,3119.83,0.68,2.0,4,MXI-3.27,MXI,MMH7
RFUD,2026-03-09,MMH7,3118.6,3094.0,3150.0,3137.9,25372158.0,435767.0,14.0,812,3124.65,0.0,3112.62,0.57,1.0,13,MXI-3.27,MXI,MMH7
RFUD,2026-03-10,MMH7,3098.7,3098.7,3108.35,3108.0,25062140.0,155314.0,5.0,808,3101.75,0.0,3106.28,-0.95,1.0,5,MXI-3.27,MXI,MMH7
RFUD,2026-03-11,MMH7,3103.85,3103.85,3103.85,3103.85,25128800.0,31038.5,1.0,808,3110.0,0.0,3103.85,-0.13,1.0,1,MXI-3.27,MXI,MMH7
RFUD,2026-03-12,MMH7,,,,,25127588.0,,,808,3109.85,0.0,,,,0,MXI-3.27,MXI,MMH7
RFUD,2026-03-13,MMH7,3149.35,3139.0,3149.35,3139.0,25174780.0,188512.5,6.0,802,3139.0,0.0,3141.88,,2.0,5,MXI-3.27,MXI,MMH7
RFUD,2026-03-16,MMH7,3100.0,3081.8,3186.55,3081.8,25045002.0,995670.0,32.0,804,3115.05,0.0,3111.47,-1.82,1.0,23,MXI-3.27,MXI,MMH7
RFUD,2026-03-17,MMH7,3090.0,3090.0,3151.55,3098.6,24850772.0,341990.0,11.0,802,3098.6,0.0,3109.0,0.55,1.0,9,MXI-3.27,MXI,MMH7
RFUD,2026-03-18,MMH7,3095.65,3095.6,3152.2,3111.8,25018872.0,653671.0,21.0,804,3111.8,0.0,3112.72,0.43,1.0,18,MXI-3.27,MXI,MMH7
RFUD,2026-03-19,MMH7,3143.65,3136.8,3179.95,3160.95,25527555.0,1042849.5,33.0,810,3151.55,0.0,3160.15,1.58,5.0,24,MXI-3.27,MXI,MMH7
RFUD,2026-03-20,MMH7,3153.3,3122.2,3180.9,3132.05,25792024.0,472735.5,15.0,824,3130.1,0.0,3151.57,-0.91,1.0,12,MXI-3.27,MXI,MMH7
RFUD,2026-03-23,MMH7,3119.45,3050.5,3140.65,3111.75,26512200.0,1398965.0,45.0,858,3090.0,0.0,3108.81,-0.65,1.0,35,MXI-3.27,MXI,MMH7
RFUD,2026-03-24,MMH7,0.0,0.0,0.0,0.0,26740857.0,0.0,0.0,858,3116.65,0.0,0.0,0.0,0.0,0,MXI-3.27,MXI,MMH7
RFUD,2026-03-25,MMH7,3101.85,3101.85,3101.85,3101.85,26552692.0,31018.5,1.0,856,3101.95,0.0,3101.85,0.0,1.0,1,MXI-3.27,MXI,MMH7
RFUD,2026-03-26,MMH7,3111.15,3076.25,3111.15,3076.5,26581494.0,277916.0,9.0,862,3083.7,0.0,3087.96,-0.82,1.0,9,MXI-3.27,MXI,MMH7
RFUD,2026-03-27,MMH7,3065.15,3044.0,3074.2,3050.0,26361040.0,183340.0,6.0,866,3044.0,0.0,3055.67,-0.86,1.0,6,MXI-3.27,MXI,MMH7
RFUD,2026-03-30,MMH7,3050.0,3050.0,3086.2,3086.2,26710305.0,214814.0,7.0,870,3070.15,0.0,3068.77,1.19,1.0,7,MXI-3.27,MXI,MMH7
RFUD,2026-03-31,MMH7,3068.0,3039.25,3070.1,3054.3,26623830.0,731830.0,24.0,876,3039.25,0.0,3049.29,-1.03,4.0,16,MXI-3.27,MXI,MMH7
RFUD,2026-04-01,MMH7,3044.6,3044.6,3050.25,3045.25,26615485.0,121858.5,4.0,874,3045.25,0.0,3046.46,-0.3,1.0,4,MXI-3.27,MXI,MMH7
RFUD,2026-04-02,MMH7,3054.0,3040.1,3054.0,3040.1,26752880.0,152144.0,5.0,880,3040.1,0.0,3042.88,-0.17,1.0,5,MXI-3.27,MXI,MMH7
RFUD,2026-04-03,MMH7,3046.2,3014.9,3046.2,3029.75,26840927.0,242606.5,8.0,886,3029.45,0.0,3032.58,-0.34,1.0,8,MXI-3.27,MXI,MMH7
RFUD,2026-04-06,MMH7,3026.15,3021.9,3051.0,3040.25,26970840.0,394230.5,13.0,884,3051.0,0.0,3032.54,0.35,1.0,9,MXI-3.27,MXI,MMH7
RFUD,2026-04-07,MMH7,3034.9,3024.35,3054.85,3029.9,26613440.0,516751.0,17.0,872,3052.0,0.0,3039.71,-0.34,1.0,16,MXI-3.27,MXI,MMH7
RFUD,2026-04-08,MMH7,3027.0,2996.9,3030.2,3017.25,26420240.0,391492.5,13.0,880,3002.3,0.0,3011.48,-0.42,1.0,12,MXI-3.27,MXI,MMH7
RFUD,2026-04-09,MMH7,2990.4,2977.2,2996.25,2977.2,26242981.0,388360.0,13.0,878,2988.95,0.0,2987.38,-1.33,2.0,12,MXI-3.27,MXI,MMH7
RFUD,2026-04-10,MMH7,2984.15,2975.0,2987.2,2975.0,26578924.0,208751.5,7.0,892,2979.7,0.0,2982.16,-0.07,1.0,7,MXI-3.27,MXI,MMH7
RFUD,2026-04-13,MMH7,2973.55,2964.25,2973.55,2973.2,26494184.0,386319.0,13.0,892,2970.2,0.0,2971.68,-0.06,1.0,9,MXI-3.27,MXI,MMH7
RFUD,2026-04-14,MMH7,2972.2,2960.55,2984.0,2983.95,26676960.0,237929.5,8.0,894,2984.0,0.0,2974.12,0.36,1.0,8,MXI-3.27,MXI,MMH7
RFUD,2026-04-15,MMH7,2974.0,2974.0,2984.0,2984.0,26676960.0,59580.0,2.0,894,2984.0,0.0,2979.0,0.0,1.0,2,MXI-3.27,MXI,MMH7
RFUD,2026-04-16,MMH7,0.0,0.0,0.0,0.0,26583537.0,0.0,0.0,894,2973.55,0.0,0.0,0.0,0.0,0,MXI-3.27,MXI,MMH7
RFUD,2026-04-17,MMH7,2990.0,2955.0,2990.0,2964.9,26921292.0,326250.5,11.0,908,2964.9,0.0,2965.91,0.0,1.0,10,MXI-3.27,MXI,MMH7
RFUD,2026-04-20,MMH7,2975.05,2949.35,2988.2,2983.6,26947701.0,503891.5,17.0,902,2987.55,0.0,2964.07,0.63,1.0,16,MXI-3.27,MXI,MMH7
RFUD,2026-04-21,MMH7,2974.85,2974.85,2984.95,2976.05,27043647.0,89358.5,3.0,906,2984.95,0.0,2978.62,-0.25,1.0,3,MXI-3.27,MXI,MMH7
RFUD,2026-04-22,MMH7,2971.2,2966.5,2984.75,2981.45,27220920.0,267607.5,9.0,912,2984.75,0.0,2973.42,0.18,1.0,7,MXI-3.27,MXI,MMH7
RFUD,2026-04-23,MMH7,2983.5,2980.0,2990.2,2980.0,27402300.0,388038.5,13.0,918,2985.0,0.0,2984.91,-0.05,1.0,11,MXI-3.27,MXI,MMH7
RFUD,2026-04-24,MMH7,2970.3,2937.05,2974.55,2937.05,27450260.0,1034410.5,35.0,934,2939.0,0.0,2955.46,-1.44,1.0,19,MXI-3.27,MXI,MMH7
RFUD,2026-04-27,MMH7,2944.1,2936.1,2953.75,2942.4,27187776.0,323860.0,11.0,924,2942.4,0.0,2944.18,0.18,1.0,11,MXI-3.27,MXI,MMH7
RFUD,2026-04-28,MMH7,2924.25,2906.7,2924.25,2906.7,26741640.0,320633.0,11.0,920,2906.7,0.0,2914.85,-1.21,1.0,10,MXI-3.27,MXI,MMH7
RFUD,2026-04-29,MMH7,2908.15,2852.15,2908.15,2852.15,26903520.0,1007524.0,35.0,942,2856.0,0.0,2878.64,-1.88,1.0,25,MXI-3.27,MXI,MMH7
RFUD,2026-04-30,MMH7,2860.0,2847.4,2880.0,2880.0,27200811.0,744452.0,26.0,946,2875.35,0.0,2863.28,0.98,2.0,20,MXI-3.27,MXI,MMH7
RFUD,2026-05-04,MMH7,2876.6,2848.65,2900.0,2865.9,32374500.0,5318380.0,185.0,1130,2865.0,0.0,2874.8,-0.49,1.0,100,MXI-3.27,MXI,MMH7
RFUD,2026-05-05,MMH7,2869.9,2840.0,2874.3,2870.85,33395240.0,1030241.5,36.0,1160,2878.9,0.0,2861.78,0.17,1.0,29,MXI-3.27,MXI,MMH7
RFUD,2026-05-06,MMH7,2869.15,2837.6,2890.5,2860.9,33228100.0,1459068.0,51.0,1150,2889.4,0.0,2860.92,-0.35,3.0,25,MXI-3.27,MXI,MMH7
RFUD,2026-05-07,MMH7,2859.9,2859.25,2874.55,2863.7,32988096.0,114574.0,4.0,1152,2863.55,0.0,2864.35,0.1,1.0,4,MXI-3.27,MXI,MMH7
RFUD,2026-05-08,MMH7,2855.0,2838.55,2855.0,2845.0,32836180.0,170607.5,6.0,1156,2840.5,0.0,2843.46,-0.65,1.0,6,MXI-3.27,MXI,MMH7
RFUD,2026-05-11,MMH7,2878.45,2878.45,2878.45,2878.45,33408300.0,28784.5,1.0,1158,2885.0,0.0,2878.45,1.18,1.0,1,MXI-3.27,MXI,MMH7
RFUD,2026-05-12,MMH7,2916.85,2909.1,2926.05,2915.15,33491752.0,467156.5,16.0,1148,2917.4,0.0,2919.73,1.28,1.0,11,MXI-3.27,MXI,MMH7
RFUD,2026-05-13,MMH7,0.0,0.0,0.0,0.0,33636400.0,0.0,0.0,1148,2930.0,0.0,0.0,0.0,0.0,0,MXI-3.27,MXI,MMH7
RFUD,2026-05-14,MMH7,2890.5,2866.0,2892.85,2892.85,33043770.0,259324.0,9.0,1142,2893.5,0.0,2881.38,0.0,1.0,8,MXI-3.27,MXI,MMH7
RFUD,2026-05-15,MMH7,2880.45,2860.95,2884.6,2873.85,33980136.0,863926.5,30.0,1182,2874.8,0.0,2879.76,-0.66,1.0,24,MXI-3.27,MXI,MMH7
RFUD,2026-05-18,MMH7,2871.0,2860.0,2904.0,2872.4,35015286.0,1093397.5,38.0,1212,2889.05,0.0,2877.36,-0.05,1.0,31,MXI-3.27,MXI,MMH7
RFUD,2026-05-19,MMH7,2885.5,2862.05,2885.5,2878.45,35046123.0,374026.5,13.0,1218,2877.35,0.0,2877.13,0.21,6.0,8,MXI-3.27,MXI,MMH7
RFUD,2026-05-20,MMH7,2860.7,2855.0,2865.5,2855.1,34962642.0,285968.0,10.0,1222,2861.1,0.0,2859.68,-0.81,1.0,10,MXI-3.27,MXI,MMH7
RFUD,2026-05-21,MMH7,2855.8,2845.0,2891.9,2889.15,35831700.0,774425.0,27.0,1242,2885.0,0.0,2868.24,1.19,1.0,23,MXI-3.27,MXI,MMH7
RFUD,2026-05-22,MMH7,2882.7,2854.7,2882.7,2854.7,35683750.0,314687.0,11.0,1250,2854.7,0.0,2860.79,-1.19,1.0,11,MXI-3.27,MXI,MMH7
RFUD,2026-05-25,MMH7,2849.0,2816.0,2850.45,2828.0,38008348.0,2402924.0,85.0,1346,2823.8,0.0,2826.97,-0.94,3.0,51,MXI-3.27,MXI,MMH7
RFUD,2026-05-26,MMH7,2823.0,2800.0,2823.0,2804.75,40647783.0,1855663.0,66.0,1446,2811.05,0.0,2811.61,-0.82,1.0,44,MXI-3.27,MXI,MMH7
RFUD,2026-05-27,MMH7,2804.75,2804.6,2813.0,2813.0,40675980.0,308659.5,11.0,1446,2813.0,0.0,2806.0,0.29,1.0,11,MXI-3.27,MXI,MMH7
RFUD,2026-03-06,MMH8,,,,,0.0,,,0,3388.25,0.0,,,,0,MXI-3.28,MXI,MMH8
RFUD,2026-03-09,MMH8,,,,,0.0,,,0,3367.6,0.0,,,,0,MXI-3.28,MXI,MMH8
RFUD,2026-03-10,MMH8,,,,,0.0,,,0,3327.95,0.0,,,,0,MXI-3.28,MXI,MMH8
RFUD,2026-03-11,MMH8,,,,,0.0,,,0,3341.25,0.0,,,,0,MXI-3.28,MXI,MMH8
RFUD,2026-03-12,MMH8,,,,,0.0,,,0,3362.05,0.0,,,,0,MXI-3.28,MXI,MMH8
RFUD,2026-03-13,MMH8,,,,,0.0,,,0,3371.6,0.0,,,,0,MXI-3.28,MXI,MMH8
RFUD,2026-03-16,MMH8,,,,,0.0,,,0,3356.4,0.0,,,,0,MXI-3.28,MXI,MMH8
RFUD,2026-03-17,MMH8,,,,,0.0,,,0,3357.95,0.0,,,,0,MXI-3.28,MXI,MMH8
RFUD,2026-03-18,MMH8,,,,,0.0,,,0,3402.25,0.0,,,,0,MXI-3.28,MXI,MMH8
RFUD,2026-03-19,MMH8,,,,,0.0,,,0,3403.5,0.0,,,,0,MXI-3.28,MXI,MMH8
RFUD,2026-03-20,MMH8,3389.75,3382.15,3389.75,3382.15,0.0,67719.0,2.0,0,3382.15,0.0,3385.95,,1.0,2,MXI-3.28,MXI,MMH8
RFUD,2026-03-23,MMH8,0.0,0.0,0.0,0.0,0.0,0.0,0.0,0,3343.4,0.0,0.0,0.0,0.0,0,MXI-3.28,MXI,MMH8
RFUD,2026-03-24,MMH8,3334.8,3334.8,3334.8,3334.8,68252.0,33348.0,1.0,2,3412.6,0.0,3334.8,0.0,1.0,1,MXI-3.28,MXI,MMH8
RFUD,2026-03-25,MMH8,3355.45,3341.85,3355.45,3343.0,204303.0,100403.0,3.0,6,3405.05,0.0,3346.77,0.25,1.0,3,MXI-3.28,MXI,MMH8
RFUD,2026-03-26,MMH8,3352.15,3328.15,3352.15,3328.15,134194.0,66803.0,2.0,4,3354.85,0.0,3340.15,-0.44,1.0,2,MXI-3.28,MXI,MMH8
RFUD,2026-03-27,MMH8,3330.65,3302.5,3330.65,3320.0,199398.0,132830.0,4.0,6,3323.3,0.0,3320.75,-0.25,1.0,4,MXI-3.28,MXI,MMH8
RFUD,2026-03-30,MMH8,0.0,0.0,0.0,0.0,199899.0,0.0,0.0,6,3331.65,0.0,0.0,0.0,0.0,0,MXI-3.28,MXI,MMH8
RFUD,2026-03-31,MMH8,0.0,0.0,0.0,0.0,198342.0,0.0,0.0,6,3305.7,0.0,0.0,0.0,0.0,0,MXI-3.28,MXI,MMH8
RFUD,2026-04-01,MMH8,0.0,0.0,0.0,0.0,198384.0,0.0,0.0,6,3306.4,0.0,0.0,0.0,0.0,0,MXI-3.28,MXI,MMH8
RFUD,2026-04-02,MMH8,0.0,0.0,0.0,0.0,198114.0,0.0,0.0,6,3301.9,0.0,0.0,0.0,0.0,0,MXI-3.28,MXI,MMH8
RFUD,2026-04-03,MMH8,0.0,0.0,0.0,0.0,198624.0,0.0,0.0,6,3310.4,0.0,0.0,0.0,0.0,0,MXI-3.28,MXI,MMH8
RFUD,2026-04-06,MMH8,0.0,0.0,0.0,0.0,199182.0,0.0,0.0,6,3319.7,0.0,0.0,0.0,0.0,0,MXI-3.28,MXI,MMH8
RFUD,2026-04-07,MMH8,0.0,0.0,0.0,0.0,201870.0,0.0,0.0,6,3364.5,0.0,0.0,0.0,0.0,0,MXI-3.28,MXI,MMH8
RFUD,2026-04-08,MMH8,0.0,0.0,0.0,0.0,197667.0,0.0,0.0,6,3294.45,0.0,0.0,0.0,0.0,0,MXI-3.28,MXI,MMH8
RFUD,2026-04-09,MMH8,0.0,0.0,0.0,0.0,195246.0,0.0,0.0,6,3254.1,0.0,0.0,0.0,0.0,0,MXI-3.28,MXI,MMH8
RFUD,2026-04-10,MMH8,0.0,0.0,0.0,0.0,194604.0,0.0,0.0,6,3243.4,0.0,0.0,0.0,0.0,0,MXI-3.28,MXI,MMH8
RFUD,2026-04-13,MMH8,0.0,0.0,0.0,0.0,194610.0,0.0,0.0,6,3243.5,0.0,0.0,0.0,0.0,0,MXI-3.28,MXI,MMH8
RFUD,2026-04-14,MMH8,0.0,0.0,0.0,0.0,194133.0,0.0,0.0,6,3235.55,0.0,0.0,0.0,0.0,0,MXI-3.28,MXI,MMH8
RFUD,2026-04-15,MMH8,0.0,0.0,0.0,0.0,195354.0,0.0,0.0,6,3255.9,0.0,0.0,0.0,0.0,0,MXI-3.28,MXI,MMH8
RFUD,2026-04-16,MMH8,0.0,0.0,0.0,0.0,194166.0,0.0,0.0,6,3236.1,0.0,0.0,0.0,0.0,0,MXI-3.28,MXI,MMH8
RFUD,2026-04-17,MMH8,0.0,0.0,0.0,0.0,192561.0,0.0,0.0,6,3209.35,0.0,0.0,0.0,0.0,0,MXI-3.28,MXI,MMH8
RFUD,2026-04-20,MMH8,0.0,0.0,0.0,0.0,194949.0,0.0,0.0,6,3249.15,0.0,0.0,0.0,0.0,0,MXI-3.28,MXI,MMH8
RFUD,2026-04-21,MMH8,3232.55,3122.0,3262.7,3220.9,259860.0,449482.5,14.0,8,3248.25,0.0,3210.59,0.0,1.0,12,MXI-3.28,MXI,MMH8
RFUD,2026-04-22,MMH8,0.0,0.0,0.0,0.0,260920.0,0.0,0.0,8,3261.5,0.0,0.0,0.0,0.0,0,MXI-3.28,MXI,MMH8
RFUD,2026-04-23,MMH8,0.0,0.0,0.0,0.0,261380.0,0.0,0.0,8,3267.25,0.0,0.0,0.0,0.0,0,MXI-3.28,MXI,MMH8
RFUD,2026-04-24,MMH8,3236.8,3205.15,3236.8,3205.15,320515.0,96547.5,3.0,10,3205.15,0.0,3218.25,0.0,1.0,3,MXI-3.28,MXI,MMH8
RFUD,2026-04-27,MMH8,0.0,0.0,0.0,0.0,321410.0,0.0,0.0,10,3214.1,0.0,0.0,0.0,0.0,0,MXI-3.28,MXI,MMH8
RFUD,2026-04-28,MMH8,0.0,0.0,0.0,0.0,318010.0,0.0,0.0,10,3180.1,0.0,0.0,0.0,0.0,0,MXI-3.28,MXI,MMH8
RFUD,2026-04-29,MMH8,0.0,0.0,0.0,0.0,310310.0,0.0,0.0,10,3103.1,0.0,0.0,0.0,0.0,0,MXI-3.28,MXI,MMH8
RFUD,2026-04-30,MMH8,0.0,0.0,0.0,0.0,312655.0,0.0,0.0,10,3126.55,0.0,0.0,0.0,0.0,0,MXI-3.28,MXI,MMH8
RFUD,2026-05-04,MMH8,0.0,0.0,0.0,0.0,315180.0,0.0,0.0,10,3151.8,0.0,0.0,0.0,0.0,0,MXI-3.28,MXI,MMH8
RFUD,2026-05-05,MMH8,3110.8,3110.8,3187.15,3187.15,444948.0,94837.5,3.0,14,3178.2,0.0,3161.25,0.0,1.0,3,MXI-3.28,MXI,MMH8
RFUD,2026-05-06,MMH8,3139.7,3139.7,3139.7,3139.7,502352.0,31397.0,1.0,16,3139.7,0.0,3139.7,-1.49,1.0,1,MXI-3.28,MXI,MMH8
RFUD,2026-05-07,MMH8,0.0,0.0,0.0,0.0,501136.0,0.0,0.0,16,3132.1,0.0,0.0,0.0,0.0,0,MXI-3.28,MXI,MMH8
RFUD,2026-05-08,MMH8,3052.25,3052.25,3052.25,3052.25,432705.0,61045.0,2.0,14,3090.75,0.0,3052.25,0.0,1.0,2,MXI-3.28,MXI,MMH8
RFUD,2026-05-11,MMH8,3155.0,3155.0,3198.35,3198.35,447769.0,63533.5,2.0,14,3198.35,0.0,3176.68,4.79,1.0,2,MXI-3.28,MXI,MMH8
RFUD,2026-05-12,MMH8,3168.1,3168.1,3168.1,3168.1,380514.0,31681.0,1.0,12,3170.95,0.0,3168.1,-0.95,1.0,1,MXI-3.28,MXI,MMH8
RFUD,2026-05-13,MMH8,0.0,0.0,0.0,0.0,385116.0,0.0,0.0,12,3209.3,0.0,0.0,0.0,0.0,0,MXI-3.28,MXI,MMH8
RFUD,2026-05-14,MMH8,3157.5,3157.5,3157.5,3157.5,445151.0,31575.0,1.0,14,3179.65,0.0,3157.5,0.0,1.0,1,MXI-3.28,MXI,MMH8
RFUD,2026-05-15,MMH8,0.0,0.0,0.0,0.0,443107.0,0.0,0.0,14,3165.05,0.0,0.0,0.0,0.0,0,MXI-3.28,MXI,MMH8
RFUD,2026-05-18,MMH8,0.0,0.0,0.0,0.0,447335.0,0.0,0.0,14,3195.25,0.0,0.0,0.0,0.0,0,MXI-3.28,MXI,MMH8
RFUD,2026-05-19,MMH8,0.0,0.0,0.0,0.0,444269.0,0.0,0.0,14,3173.35,0.0,0.0,0.0,0.0,0,MXI-3.28,MXI,MMH8
RFUD,2026-05-20,MMH8,0.0,0.0,0.0,0.0,439782.0,0.0,0.0,14,3141.3,0.0,0.0,0.0,0.0,0,MXI-3.28,MXI,MMH8
RFUD,2026-05-21,MMH8,0.0,0.0,0.0,0.0,444409.0,0.0,0.0,14,3174.35,0.0,0.0,0.0,0.0,0,MXI-3.28,MXI,MMH8
RFUD,2026-05-22,MMH8,0.0,0.0,0.0,0.0,436751.0,0.0,0.0,14,3119.65,0.0,0.0,0.0,0.0,0,MXI-3.28,MXI,MMH8
RFUD,2026-05-25,MMH8,3122.4,3108.45,3210.4,3210.4,577872.0,125497.0,4.0,18,3210.4,0.0,3137.43,0.0,1.0,4,MXI-3.28,MXI,MMH8
RFUD,2026-05-26,MMH8,0.0,0.0,0.0,0.0,565200.0,0.0,0.0,18,3140.0,0.0,0.0,0.0,0.0,0,MXI-3.28,MXI,MMH8
RFUD,2026-05-27,MMH8,0.0,0.0,0.0,0.0,558765.0,0.0,0.0,18,3104.25,0.0,0.0,0.0,0.0,0,MXI-3.28,MXI,MMH8
RFUD,2024-01-03,MMM6,,,,,1060865.0,,,26,4080.25,0.0,,,,0,MXI-6.26,MXI,MMM6
RFUD,2024-01-04,MMM6,,,,,1057862.0,,,26,4068.7,0.0,,,,0,MXI-6.26,MXI,MMM6
RFUD,2024-01-05,MMM6,,,,,1020175.0,,,26,3923.75,0.0,,,,0,MXI-6.26,MXI,MMM6
RFUD,2024-01-08,MMM6,,,,,1024595.0,,,26,3940.75,0.0,,,,0,MXI-6.26,MXI,MMM6
RFUD,2024-01-09,MMM6,,,,,1020942.0,,,26,3926.7,0.0,,,,0,MXI-6.26,MXI,MMM6
RFUD,2024-01-10,MMM6,,,,,1018771.0,,,26,3918.35,0.0,,,,0,MXI-6.26,MXI,MMM6
RFUD,2024-01-11,MMM6,,,,,1021644.0,,,26,3929.4,0.0,,,,0,MXI-6.26,MXI,MMM6
RFUD,2024-01-12,MMM6,,,,,1039636.0,,,26,3998.6,0.0,,,,0,MXI-6.26,MXI,MMM6
RFUD,2024-01-15,MMM6,,,,,1038830.0,,,26,3995.5,0.0,,,,0,MXI-6.26,MXI,MMM6
RFUD,2024-01-16,MMM6,,,,,1037400.0,,,26,3990.0,0.0,,,,0,MXI-6.26,MXI,MMM6
RFUD,2024-01-17,MMM6,,,,,1039662.0,,,26,3998.7,0.0,,,,0,MXI-6.26,MXI,MMM6
RFUD,2024-01-18,MMM6,3950.0,3950.0,3975.0,3975.0,874500.0,79250.0,2.0,22,3975.0,0.0,3962.5,,1.0,2,MXI-6.26,MXI,MMM6
RFUD,2024-01-19,MMM6,3975.0,3975.0,3975.0,3975.0,795000.0,39750.0,1.0,20,3975.0,0.0,3975.0,0.0,1.0,1,MXI-6.26,MXI,MMM6
RFUD,2024-01-22,MMM6,,,,,795590.0,,,20,3977.95,0.0,,,,0,MXI-6.26,MXI,MMM6
RFUD,2024-01-23,MMM6,,,,,799320.0,,,20,3996.6,0.0,,,,0,MXI-6.26,MXI,MMM6
RFUD,2024-01-24,MMM6,3950.0,3950.0,3950.05,3950.05,790010.0,79000.5,2.0,20,3950.05,0.0,3950.03,,1.0,2,MXI-6.26,MXI,MMM6
RFUD,2024-01-25,MMM6,4036.15,4036.15,4036.15,4036.15,799360.0,40361.5,1.0,20,3996.8,0.0,4036.15,2.18,1.0,1,MXI-6.26,MXI,MMM6
RFUD,2024-01-26,MMM6,3706.15,3649.4,3706.15,3649.4,860563.0,146547.0,4.0,22,3911.65,0.0,3663.68,-9.58,1.0,4,MXI-6.26,MXI,MMM6
RFUD,2024-01-29,MMM6,,,,,862477.0,,,22,3920.35,0.0,,,,0,MXI-6.26,MXI,MMM6
RFUD,2024-01-30,MMM6,,,,,863500.0,,,22,3925.0,0.0,,,,0,MXI-6.26,MXI,MMM6
RFUD,2024-01-31,MMM6,,,,,867559.0,,,22,3943.45,0.0,,,,0,MXI-6.26,MXI,MMM6
RFUD,2024-02-01,MMM6,3948.05,3948.05,3948.05,3948.05,868571.0,39480.5,1.0,22,3948.05,0.0,3948.05,,1.0,1,MXI-6.26,MXI,MMM6
RFUD,2024-02-02,MMM6,,,,,870573.0,,,22,3957.15,0.0,,,,0,MXI-6.26,MXI,MMM6
RFUD,2024-02-05,MMM6,,,,,869264.0,,,22,3951.2,0.0,,,,0,MXI-6.26,MXI,MMM6
RFUD,2024-02-06,MMM6,,,,,870617.0,,,22,3957.35,0.0,,,,0,MXI-6.26,MXI,MMM6
RFUD,2024-02-07,MMM6,,,,,869077.0,,,22,3950.35,0.0,,,,0,MXI-6.26,MXI,MMM6
RFUD,2024-02-08,MMM6,,,,,865755.0,,,22,3935.25,0.0,,,,0,MXI-6.26,MXI,MMM6
RFUD,2024-02-09,MMM6,,,,,869297.0,,,22,3951.35,0.0,,,,0,MXI-6.26,MXI,MMM6
RFUD,2024-02-12,MMM6,,,,,871992.0,,,22,3963.6,0.0,,,,0,MXI-6.26,MXI,MMM6
RFUD,2024-02-13,MMM6,,,,,863368.0,,,22,3924.4,0.0,,,,0,MXI-6.26,MXI,MMM6
RFUD,2024-02-14,MMM6,,,,,860442.0,,,22,3911.1,0.0,,,,0,MXI-6.26,MXI,MMM6
RFUD,2024-02-15,MMM6,,,,,865205.0,,,22,3932.75,0.0,,,,0,MXI-6.26,MXI,MMM6
RFUD,2024-02-16,MMM6,,,,,864490.0,,,22,3929.5,0.0,,,,0,MXI-6.26,MXI,MMM6
RFUD,2024-02-19,MMM6,,,,,864897.0,,,22,3931.35,0.0,,,,0,MXI-6.26,MXI,MMM6
RFUD,2024-02-20,MMM6,,,,,862037.0,,,22,3918.35,0.0,,,,0,MXI-6.26,MXI,MMM6
RFUD,2024-02-21,MMM6,,,,,856251.0,,,22,3892.05,0.0,,,,0,MXI-6.26,MXI,MMM6
RFUD,2024-02-22,MMM6,3891.25,3777.7,3894.3,3777.7,940464.0,115632.5,3.0,24,3918.6,0.0,3854.42,,1.0,3,MXI-6.26,MXI,MMM6
RFUD,2024-02-26,MMM6,3994.9,3807.15,4014.5,3810.4,959664.0,236201.5,6.0,24,3998.6,0.0,3936.69,0.87,1.0,6,MXI-6.26,MXI,MMM6
RFUD,2024-02-27,MMM6,,,,,924408.0,,,24,3851.7,0.0,,,,0,MXI-6.26,MXI,MMM6
RFUD,2024-02-28,MMM6,,,,,923292.0,,,24,3847.05,0.0,,,,0,MXI-6.26,MXI,MMM6
RFUD,2024-02-29,MMM6,4039.3,4039.3,4039.3,4039.3,1040650.0,40393.0,1.0,26,4002.5,0.0,4039.3,,1.0,1,MXI-6.26,MXI,MMM6
RFUD,2024-03-01,MMM6,3857.75,3845.45,4056.05,4056.05,1326544.0,594317.5,15.0,34,3901.6,0.0,3962.12,0.41,4.0,12,MXI-6.26,MXI,MMM6
RFUD,2024-03-04,MMM6,3903.4,3903.4,3985.5,3985.5,1275360.0,157127.0,4.0,32,3985.5,0.0,3928.18,-1.74,1.0,4,MXI-6.26,MXI,MMM6
RFUD,2024-03-05,MMM6,,,,,1251760.0,,,32,3911.75,0.0,,,,0,MXI-6.26,MXI,MMM6
RFUD,2024-03-06,MMM6,,,,,1250144.0,,,32,3906.7,0.0,,,,0,MXI-6.26,MXI,MMM6
RFUD,2024-03-07,MMM6,,,,,1247744.0,,,32,3899.2,0.0,,,,0,MXI-6.26,MXI,MMM6
RFUD,2024-03-11,MMM6,,,,,1249760.0,,,32,3905.5,0.0,,,,0,MXI-6.26,MXI,MMM6
RFUD,2024-03-12,MMM6,,,,,1249840.0,,,32,3905.75,0.0,,,,0,MXI-6.26,MXI,MMM6
RFUD,2024-03-13,MMM6,,,,,1246368.0,,,32,3894.9,0.0,,,,0,MXI-6.26,MXI,MMM6
RFUD,2024-03-14,MMM6,,,,,1256320.0,,,32,3926.0,0.0,,,,0,MXI-6.26,MXI,MMM6
RFUD,2024-03-15,MMM6,3895.0,3895.0,3895.0,3895.0,1248816.0,38950.0,1.0,32,3902.55,0.0,3895.0,,1.0,1,MXI-6.26,MXI,MMM6
RFUD,2024-03-18,MMM6,3968.55,3968.55,3968.55,3968.55,1263616.0,39685.5,1.0,32,3948.8,0.0,3968.55,1.89,1.0,1,MXI-6.26,MXI,MMM6
RFUD,2024-03-19,MMM6,3774.95,3750.95,4191.8,3905.1,1640142.0,669857.5,17.0,42,3905.1,0.0,3940.34,-1.6,1.0,17,MXI-6.26,MXI,MMM6
RFUD,2024-03-20,MMM6,3876.05,3876.05,3997.0,3997.0,1678740.0,157492.5,4.0,42,3997.0,0.0,3937.31,2.35,1.0,4,MXI-6.26,MXI,MMM6
RFUD,2024-03-21,MMM6,3930.0,3930.0,4073.45,4073.45,1786378.0,80034.5,2.0,44,4059.95,0.0,4001.73,1.91,1.0,2,MXI-6.26,MXI,MMM6
RFUD,2024-03-22,MMM6,4050.0,3944.25,4050.0,3944.25,1638693.0,120442.5,3.0,42,3901.65,0.0,4014.75,-3.17,1.0,3,MXI-6.26,MXI,MMM6
RFUD,2024-03-25,MMM6,3995.95,3995.95,3995.95,3995.95,1634472.0,39959.5,1.0,42,3891.6,0.0,3995.95,1.31,1.0,1,MXI-6.26,MXI,MMM6
RFUD,2024-03-26,MMM6,,,,,1628655.0,,,42,3877.75,0.0,,,,0,MXI-6.26,MXI,MMM6
RFUD,2024-03-27,MMM6,,,,,1635438.0,,,42,3893.9,0.0,,,,0,MXI-6.26,MXI,MMM6
RFUD,2024-03-28,MMM6,,,,,1633947.0,,,42,3890.35,0.0,,,,0,MXI-6.26,MXI,MMM6
RFUD,2024-03-29,MMM6,3868.6,3868.6,3879.3,3872.55,1703944.0,193694.5,5.0,44,3872.6,0.0,3873.89,,1.0,5,MXI-6.26,MXI,MMM6
RFUD,2024-04-01,MMM6,4002.0,3958.0,4096.9,3958.0,2058160.0,241366.5,6.0,52,3958.0,0.0,4022.78,2.21,1.0,6,MXI-6.26,MXI,MMM6
RFUD,2024-04-02,MMM6,,,,,2060396.0,,,52,3962.3,0.0,,,,0,MXI-6.26,MXI,MMM6
RFUD,2024-04-03,MMM6,,,,,2066532.0,,,52,3974.1,0.0,,,,0,MXI-6.26,MXI,MMM6
RFUD,2024-04-04,MMM6,,,,,2042846.0,,,52,3928.55,0.0,,,,0,MXI-6.26,MXI,MMM6
RFUD,2024-04-05,MMM6,,,,,2061644.0,,,52,3964.7,0.0,,,,0,MXI-6.26,MXI,MMM6
RFUD,2024-04-08,MMM6,3958.8,3950.0,3958.8,3950.0,2137455.0,118606.0,3.0,54,3958.25,0.0,3953.53,,1.0,3,MXI-6.26,MXI,MMM6
RFUD,2024-04-09,MMM6,,,,,2153520.0,,,54,3988.0,0.0,,,,0,MXI-6.26,MXI,MMM6
RFUD,2024-04-10,MMM6,,,,,2131920.0,,,54,3948.0,0.0,,,,0,MXI-6.26,MXI,MMM6
RFUD,2024-04-11,MMM6,,,,,2134350.0,,,54,3952.5,0.0,,,,0,MXI-6.26,MXI,MMM6
RFUD,2024-04-12,MMM6,4098.6,4098.6,4098.6,4098.6,2220680.0,40986.0,1.0,56,3965.5,0.0,4098.6,,1.0,1,MXI-6.26,MXI,MMM6
RFUD,2024-04-15,MMM6,3980.0,3980.0,4090.0,4090.0,2462671.0,280769.0,7.0,62,3972.05,0.0,4010.99,-0.21,1.0,5,MXI-6.26,MXI,MMM6
RFUD,2024-04-16,MMM6,3979.0,3918.75,3979.0,3918.75,2432415.0,118165.0,3.0,62,3923.25,0.0,3938.83,-4.19,1.0,3,MXI-6.26,MXI,MMM6
RFUD,2024-04-17,MMM6,4040.0,3938.75,4082.0,3938.75,2520800.0,161007.5,4.0,64,3938.75,0.0,4025.19,0.51,1.0,4,MXI-6.26,MXI,MMM6
RFUD,2024-04-18,MMM6,,,,,2503680.0,,,64,3912.0,0.0,,,,0,MXI-6.26,MXI,MMM6
RFUD,2024-04-19,MMM6,,,,,2504416.0,,,64,3913.15,0.0,,,,0,MXI-6.26,MXI,MMM6
RFUD,2024-04-22,MMM6,3940.0,3938.75,3940.0,3938.75,2520800.0,78787.5,2.0,64,3938.75,0.0,3939.38,,1.0,2,MXI-6.26,MXI,MMM6
RFUD,2024-04-23,MMM6,,,,,2492160.0,,,64,3894.0,0.0,,,,0,MXI-6.26,MXI,MMM6
RFUD,2024-04-24,MMM6,3970.0,3900.0,3970.0,3900.0,2652000.0,157400.0,4.0,68,3900.0,0.0,3935.0,,1.0,4,MXI-6.26,MXI,MMM6
RFUD,2024-04-25,MMM6,3959.5,3959.5,3959.5,3959.5,2692460.0,79190.0,2.0,68,3959.5,0.0,3959.5,1.53,2.0,1,MXI-6.26,MXI,MMM6
RFUD,2024-04-26,MMM6,,,,,2639760.0,,,68,3882.0,0.0,,,,0,MXI-6.26,MXI,MMM6
RFUD,2024-04-27,MMM6,,,,,2645200.0,,,68,3890.0,0.0,,,,0,MXI-6.26,MXI,MMM6
RFUD,2024-04-29,MMM6,,,,,2655162.0,,,68,3904.65,0.0,,,,0,MXI-6.26,MXI,MMM6
RFUD,2024-04-30,MMM6,,,,,2648736.0,,,68,3895.2,0.0,,,,0,MXI-6.26,MXI,MMM6
RFUD,2024-05-02,MMM6,,,,,2649620.0,,,68,3896.5,0.0,,,,0,MXI-6.26,MXI,MMM6
RFUD,2024-05-03,MMM6,3950.0,3950.0,3950.0,3950.0,2699900.0,79000.0,2.0,70,3857.0,0.0,3950.0,,1.0,2,MXI-6.26,MXI,MMM6
RFUD,2024-05-06,MMM6,,,,,2702140.0,,,70,3860.2,0.0,,,,0,MXI-6.26,MXI,MMM6
RFUD,2024-05-07,MMM6,,,,,2698430.0,,,70,3854.9,0.0,,,,0,MXI-6.26,MXI,MMM6
RFUD,2024-05-08,MMM6,,,,,2701510.0,,,70,3859.3,0.0,,,,0,MXI-6.26,MXI,MMM6
RFUD,2024-05-10,MMM6,,,,,2701720.0,,,70,3859.6,0.0,,,,0,MXI-6.26,MXI,MMM6
RFUD,2024-05-13,MMM6,,,,,2724400.0,,,70,3892.0,0.0,,,,0,MXI-6.26,MXI,MMM6
RFUD,2024-05-14,MMM6,4167.7,4167.7,4167.7,4167.7,2769375.0,41677.0,1.0,70,3956.25,0.0,4167.7,,1.0,1,MXI-6.26,MXI,MMM6
RFUD,2024-05-15,MMM6,4141.0,4100.0,4141.0,4100.0,2905647.0,82410.0,2.0,74,3926.55,0.0,4120.5,-1.62,1.0,2,MXI-6.26,MXI,MMM6
RFUD,2024-05-16,MMM6,,,,,2963293.0,,,74,4004.45,0.0,,,,0,MXI-6.26,MXI,MMM6
RFUD,2024-05-17,MMM6,4001.95,4000.0,4001.95,4000.0,3078465.0,120019.5,3.0,78,3946.75,0.0,4000.65,,1.0,3,MXI-6.26,MXI,MMM6
RFUD,2024-05-20,MMM6,,,,,3081195.0,,,78,3950.25,0.0,,,,0,MXI-6.26,MXI,MMM6
RFUD,2024-05-21,MMM6,4001.0,4001.0,4001.0,4001.0,3120780.0,40010.0,1.0,78,4001.0,0.0,4001.0,,1.0,1,MXI-6.26,MXI,MMM6
RFUD,2024-05-22,MMM6,4001.0,4001.0,4001.0,4001.0,3200000.0,40010.0,1.0,80,4000.0,0.0,4001.0,0.0,1.0,1,MXI-6.26,MXI,MMM6
RFUD,2024-05-23,MMM6,,,,,3120800.0,,,80,3901.0,0.0,,,,0,MXI-6.26,MXI,MMM6
RFUD,2024-05-24,MMM6,,,,,3118080.0,,,80,3897.6,0.0,,,,0,MXI-6.26,MXI,MMM6
RFUD,2024-05-27,MMM6,,,,,3136560.0,,,80,3920.7,0.0,,,,0,MXI-6.26,MXI,MMM6
RFUD,2024-05-28,MMM6,,,,,3139280.0,,,80,3924.1,0.0,,,,0,MXI-6.26,MXI,MMM6
RFUD,2024-05-29,MMM6,3981.65,3806.45,3981.65,3890.0,3112000.0,116781.0,3.0,80,3890.0,0.0,3892.7,,1.0,3,MXI-6.26,MXI,MMM6
RFUD,2024-05-30,MMM6,,,,,3097600.0,,,80,3872.0,0.0,,,,0,MXI-6.26,MXI,MMM6
RFUD,2024-05-31,MMM6,4017.95,3800.0,4017.95,3800.0,3117640.0,268900.0,7.0,82,3802.0,0.0,3841.43,,3.0,5,MXI-6.26,MXI,MMM6
RFUD,2024-06-03,MMM6,3801.0,3801.0,3801.0,3801.0,3116820.0,114030.0,3.0,82,3801.0,0.0,3801.0,0.03,1.0,3,MXI-6.26,MXI,MMM6
RFUD,2024-06-04,MMM6,3801.0,3801.0,3801.0,3801.0,3091318.0,38010.0,1.0,82,3769.9,0.0,3801.0,0.0,1.0,1,MXI-6.26,MXI,MMM6
RFUD,2024-06-05,MMM6,,,,,3132400.0,,,82,3820.0,0.0,,,,0,MXI-6.26,MXI,MMM6
RFUD,2024-06-06,MMM6,,,,,3113991.0,,,82,3797.55,0.0,,,,0,MXI-6.26,MXI,MMM6
RFUD,2024-06-07,MMM6,3893.9,3893.9,3990.0,3903.4,4059536.0,550141.5,14.0,104,3903.4,0.0,3929.58,,1.0,13,MXI-6.26,MXI,MMM6
RFUD,2024-06-10,MMM6,3916.0,3907.3,3916.0,3907.3,4298030.0,234707.0,6.0,110,3907.3,0.0,3911.78,0.1,1.0,4,MXI-6.26,MXI,MMM6
RFUD,2024-06-11,MMM6,,,,,4225485.0,,,110,3841.35,0.0,,,,0,MXI-6.26,MXI,MMM6
RFUD,2024-06-13,MMM6,3500.0,3452.05,3952.5,3932.0,4639760.0,456559.5,12.0,118,3932.0,0.0,3804.66,,1.0,10,MXI-6.26,MXI,MMM6
RFUD,2024-06-14,MMM6,,,,,4577220.0,,,118,3879.0,0.0,,,,0,MXI-6.26,MXI,MMM6
RFUD,2024-06-17,MMM6,3749.0,3748.85,3749.0,3748.85,4305952.0,187447.0,5.0,112,3844.6,0.0,3748.94,,2.0,2,MXI-6.26,MXI,MMM6
RFUD,2024-06-18,MMM6,,,,,4225256.0,,,112,3772.55,0.0,,,,0,MXI-6.26,MXI,MMM6
RFUD,2024-06-19,MMM6,3752.0,3752.0,3752.0,3752.0,4202240.0,75040.0,2.0,112,3752.0,0.0,3752.0,,2.0,1,MXI-6.26,MXI,MMM6
RFUD,2024-06-20,MMM6,,,,,4243232.0,,,112,3788.6,0.0,,,,0,MXI-6.26,MXI,MMM6
RFUD,2024-06-21,MMM6,,,,,4268376.0,,,112,3811.05,0.0,,,,0,MXI-6.26,MXI,MMM6
RFUD,2024-06-24,MMM6,,,,,4267200.0,,,112,3810.0,0.0,,,,0,MXI-6.26,MXI,MMM6
RFUD,2024-06-25,MMM6,3705.5,3698.35,3728.0,3728.0,4194512.0,111318.5,3.0,112,3745.1,0.0,3710.62,,1.0,3,MXI-6.26,MXI,MMM6
RFUD,2024-06-26,MMM6,,,,,4226880.0,,,112,3774.0,0.0,,,,0,MXI-6.26,MXI,MMM6
RFUD,2024-06-27,MMM6,,,,,4233600.0,,,112,3780.0,0.0,,,,0,MXI-6.26,MXI,MMM6
RFUD,2024-06-28,MMM6,3777.25,3777.25,3885.45,3885.45,4429413.0,115481.5,3.0,114,3885.45,0.0,3849.38,,1.0,3,MXI-6.26,MXI,MMM6
RFUD,2024-07-01,MMM6,3744.9,3744.9,3744.9,3744.9,4289820.0,37449.0,1.0,114,3763.0,0.0,3744.9,-3.62,1.0,1,MXI-6.26,MXI,MMM6
RFUD,2024-07-02,MMM6,,,,,4329720.0,,,114,3798.0,0.0,,,,0,MXI-6.26,MXI,MMM6
RFUD,2024-07-03,MMM6,3794.0,3794.0,3794.0,3794.0,4325160.0,113820.0,3.0,114,3794.0,0.0,3794.0,,1.0,3,MXI-6.26,MXI,MMM6
RFUD,2024-07-04,MMM6,3717.0,3717.0,3800.0,3800.0,4104000.0,337170.0,9.0,108,3800.0,0.0,3746.33,0.16,1.0,5,MXI-6.26,MXI,MMM6
RFUD,2024-07-05,MMM6,3814.0,3736.0,3814.0,3736.0,4034880.0,113640.0,3.0,108,3736.0,0.0,3788.0,-1.68,1.0,3,MXI-6.26,MXI,MMM6
RFUD,2024-07-08,MMM6,,,,,3990438.0,,,108,3694.85,0.0,,,,0,MXI-6.26,MXI,MMM6
RFUD,2024-07-09,MMM6,3701.0,3701.0,3701.0,3701.0,3997188.0,37010.0,1.0,108,3701.1,0.0,3701.0,,1.0,1,MXI-6.26,MXI,MMM6
RFUD,2024-07-10,MMM6,3660.05,3659.0,3660.05,3659.0,3839076.0,182971.0,5.0,108,3554.7,0.0,3659.42,-1.14,3.0,3,MXI-6.26,MXI,MMM6
RFUD,2024-07-11,MMM6,3663.45,3663.45,3663.45,3663.45,3750408.0,36634.5,1.0,108,3472.6,0.0,3663.45,0.12,1.0,1,MXI-6.26,MXI,MMM6
RFUD,2024-07-12,MMM6,3661.95,3661.95,3661.95,3661.95,3905715.0,36619.5,1.0,110,3550.65,0.0,3661.95,-0.04,1.0,1,MXI-6.26,MXI,MMM6
RFUD,2024-07-15,MMM6,,,,,3743850.0,,,110,3403.5,0.0,,,,0,MXI-6.26,MXI,MMM6
RFUD,2024-07-16,MMM6,,,,,3979525.0,,,110,3617.75,0.0,,,,0,MXI-6.26,MXI,MMM6
RFUD,2024-07-17,MMM6,,,,,3771955.0,,,110,3429.05,0.0,,,,0,MXI-6.26,MXI,MMM6
RFUD,2024-07-18,MMM6,,,,,3795165.0,,,110,3450.15,0.0,,,,0,MXI-6.26,MXI,MMM6
RFUD,2024-07-19,MMM6,,,,,3715800.0,,,110,3378.0,0.0,,,,0,MXI-6.26,MXI,MMM6
RFUD,2024-07-22,MMM6,,,,,3797090.0,,,110,3451.9,0.0,,,,0,MXI-6.26,MXI,MMM6
RFUD,2024-07-23,MMM6,,,,,3965390.0,,,110,3604.9,0.0,,,,0,MXI-6.26,MXI,MMM6
RFUD,2024-07-24,MMM6,,,,,3763320.0,,,110,3421.2,0.0,,,,0,MXI-6.26,MXI,MMM6
RFUD,2024-07-25,MMM6,,,,,3716460.0,,,110,3378.6,0.0,,,,0,MXI-6.26,MXI,MMM6
RFUD,2024-07-26,MMM6,,,,,3761725.0,,,110,3419.75,0.0,,,,0,MXI-6.26,MXI,MMM6
RFUD,2024-07-29,MMM6,,,,,3725700.0,,,110,3387.0,0.0,,,,0,MXI-6.26,MXI,MMM6
RFUD,2024-07-30,MMM6,3442.1,3442.1,3704.0,3704.0,3950856.0,108390.0,3.0,112,3527.55,0.0,3613.0,,1.0,3,MXI-6.26,MXI,MMM6
RFUD,2024-07-31,MMM6,,,,,3956288.0,,,112,3532.4,0.0,,,,0,MXI-6.26,MXI,MMM6
RFUD,2024-08-01,MMM6,,,,,3920392.0,,,112,3500.35,0.0,,,,0,MXI-6.26,MXI,MMM6
RFUD,2024-08-02,MMM6,3683.75,3474.85,3683.75,3596.2,3968965.0,177696.0,5.0,110,3608.15,0.0,3553.92,,1.0,5,MXI-6.26,MXI,MMM6
RFUD,2024-08-05,MMM6,3494.15,3494.15,3500.0,3500.0,4019288.0,69941.5,2.0,112,3588.65,0.0,3497.08,-2.67,1.0,2,MXI-6.26,MXI,MMM6
RFUD,2024-08-06,MMM6,,,,,3955728.0,,,112,3531.9,0.0,,,,0,MXI-6.26,MXI,MMM6
RFUD,2024-08-07,MMM6,,,,,4053952.0,,,112,3619.6,0.0,,,,0,MXI-6.26,MXI,MMM6
RFUD,2024-08-08,MMM6,3597.2,3590.75,3597.2,3590.75,4093455.0,71879.5,2.0,114,3590.75,0.0,3593.98,,1.0,2,MXI-6.26,MXI,MMM6
RFUD,2024-08-09,MMM6,,,,,4017018.0,,,114,3523.7,0.0,,,,0,MXI-6.26,MXI,MMM6
RFUD,2024-08-12,MMM6,,,,,4069173.0,,,114,3569.45,0.0,,,,0,MXI-6.26,MXI,MMM6
RFUD,2024-08-13,MMM6,,,,,4080459.0,,,114,3579.35,0.0,,,,0,MXI-6.26,MXI,MMM6
RFUD,2024-08-14,MMM6,3556.2,3556.2,3629.3,3558.7,4070085.0,107442.0,3.0,114,3570.25,0.0,3581.4,,1.0,3,MXI-6.26,MXI,MMM6
RFUD,2024-08-15,MMM6,3570.4,3531.7,3575.6,3531.7,3884870.0,142533.0,4.0,110,3531.7,0.0,3563.33,-0.76,1.0,3,MXI-6.26,MXI,MMM6
RFUD,2024-08-16,MMM6,,,,,3879095.0,,,110,3526.45,0.0,,,,0,MXI-6.26,MXI,MMM6
RFUD,2024-08-19,MMM6,,,,,3815625.0,,,110,3468.75,0.0,,,,0,MXI-6.26,MXI,MMM6
RFUD,2024-08-20,MMM6,,,,,3810675.0,,,110,3464.25,0.0,,,,0,MXI-6.26,MXI,MMM6
RFUD,2024-08-21,MMM6,,,,,3790930.0,,,110,3446.3,0.0,,,,0,MXI-6.26,MXI,MMM6
RFUD,2024-08-22,MMM6,3438.0,3438.0,3438.0,3438.0,3781800.0,34380.0,1.0,110,3438.0,0.0,3438.0,,1.0,1,MXI-6.26,MXI,MMM6
RFUD,2024-08-23,MMM6,3423.35,3423.35,3423.35,3423.35,3820152.0,34233.5,1.0,112,3410.85,0.0,3423.35,-0.43,1.0,1,MXI-6.26,MXI,MMM6
RFUD,2024-08-26,MMM6,,,,,3970792.0,,,112,3545.35,0.0,,,,0,MXI-6.26,MXI,MMM6
RFUD,2024-08-27,MMM6,,,,,3733688.0,,,112,3333.65,0.0,,,,0,MXI-6.26,MXI,MMM6
RFUD,2024-08-28,MMM6,3367.7,3367.7,3367.7,3367.7,3867528.0,33677.0,1.0,112,3453.15,0.0,3367.7,,1.0,1,MXI-6.26,MXI,MMM6
RFUD,2024-08-29,MMM6,,,,,3748304.0,,,112,3346.7,0.0,,,,0,MXI-6.26,MXI,MMM6
RFUD,2024-08-30,MMM6,,,,,3880016.0,,,112,3464.3,0.0,,,,0,MXI-6.26,MXI,MMM6
RFUD,2024-09-02,MMM6,3305.3,3305.3,3310.25,3310.25,3773685.0,99208.5,3.0,114,3310.25,0.0,3306.95,,1.0,3,MXI-6.26,MXI,MMM6
RFUD,2024-09-03,MMM6,,,,,3770493.0,,,114,3307.45,0.0,,,,0,MXI-6.26,MXI,MMM6
RFUD,2024-09-04,MMM6,3270.0,3256.95,3301.0,3300.0,3630000.0,394192.5,12.0,110,3300.0,0.0,3284.94,,4.0,9,MXI-6.26,MXI,MMM6
RFUD,2024-09-05,MMM6,3330.4,3308.4,3330.4,3308.4,3903912.0,430704.0,13.0,118,3308.4,0.0,3313.11,0.26,1.0,9,MXI-6.26,MXI,MMM6
RFUD,2024-09-06,MMM6,3314.0,3314.0,3314.0,3314.0,3909812.0,165700.0,5.0,118,3313.4,0.0,3314.0,0.17,5.0,1,MXI-6.26,MXI,MMM6
RFUD,2024-09-09,MMM6,3314.55,3314.55,3367.95,3351.0,2881860.0,767096.0,23.0,86,3351.0,0.0,3335.2,1.12,3.0,11,MXI-6.26,MXI,MMM6
RFUD,2024-09-10,MMM6,3359.95,3337.7,3359.95,3337.7,2630277.0,133730.5,4.0,78,3372.15,0.0,3343.26,-0.4,1.0,4,MXI-6.26,MXI,MMM6
RFUD,2024-09-11,MMM6,3325.2,3325.2,3325.2,3325.2,2620683.0,33252.0,1.0,78,3359.85,0.0,3325.2,-0.38,1.0,1,MXI-6.26,MXI,MMM6
RFUD,2024-09-12,MMM6,3297.95,3297.95,3317.6,3317.6,2652000.0,99135.5,3.0,80,3315.0,0.0,3304.52,-0.23,1.0,3,MXI-6.26,MXI,MMM6
RFUD,2024-09-13,MMM6,3325.0,3325.0,3325.0,3325.0,2527000.0,66500.0,2.0,76,3325.0,0.0,3325.0,0.22,1.0,2,MXI-6.26,MXI,MMM6
RFUD,2024-09-16,MMM6,3338.85,3338.85,3338.85,3338.85,2509254.0,66777.0,2.0,76,3301.65,0.0,3338.85,0.42,1.0,2,MXI-6.26,MXI,MMM6
RFUD,2024-09-17,MMM6,3379.0,3379.0,3379.0,3379.0,2500460.0,33790.0,1.0,74,3379.0,0.0,3379.0,1.2,1.0,1,MXI-6.26,MXI,MMM6
RFUD,2024-09-18,MMM6,,,,,2508600.0,,,74,3390.0,0.0,,,,0,MXI-6.26,MXI,MMM6
RFUD,2024-09-19,MMM6,,,,,2500460.0,,,74,3379.0,0.0,,,,0,MXI-6.26,MXI,MMM6
RFUD,2024-09-20,MMM6,,,,,2500460.0,,,74,3379.0,0.0,,,,0,MXI-6.26,MXI,MMM6
RFUD,2024-09-23,MMM6,3379.0,3379.0,3379.0,3379.0,2365300.0,101370.0,3.0,70,3379.0,0.0,3379.0,,1.0,3,MXI-6.26,MXI,MMM6
RFUD,2024-09-24,MMM6,3400.0,3383.5,3435.1,3410.0,3069000.0,509384.5,15.0,90,3410.0,0.0,3395.9,0.92,1.0,12,MXI-6.26,MXI,MMM6
RFUD,2024-09-25,MMM6,,,,,3063555.0,,,90,3403.95,0.0,,,,0,MXI-6.26,MXI,MMM6
RFUD,2024-09-26,MMM6,3389.0,3389.0,3389.0,3389.0,3117880.0,33890.0,1.0,92,3389.0,0.0,3389.0,,1.0,1,MXI-6.26,MXI,MMM6
RFUD,2024-09-27,MMM6,,,,,3125240.0,,,92,3397.0,0.0,,,,0,MXI-6.26,MXI,MMM6
RFUD,2024-09-30,MMM6,3397.0,3397.0,3397.0,3397.0,3261120.0,203820.0,6.0,96,3397.0,0.0,3397.0,,1.0,5,MXI-6.26,MXI,MMM6
RFUD,2024-10-01,MMM6,3341.55,3341.55,3380.65,3380.65,3177811.0,167722.0,5.0,94,3380.65,0.0,3354.44,-0.48,1.0,5,MXI-6.26,MXI,MMM6
RFUD,2024-10-02,MMM6,3335.6,3335.6,3335.6,3335.6,3202176.0,33356.0,1.0,96,3335.6,0.0,3335.6,-1.33,1.0,1,MXI-6.26,MXI,MMM6
RFUD,2024-10-03,MMM6,3283.0,3283.0,3313.0,3313.0,3114220.0,65960.0,2.0,94,3313.0,0.0,3298.0,-0.68,1.0,2,MXI-6.26,MXI,MMM6
RFUD,2024-10-04,MMM6,,,,,3167800.0,,,94,3370.0,0.0,,,,0,MXI-6.26,MXI,MMM6
RFUD,2024-10-07,MMM6,,,,,3163664.0,,,94,3365.6,0.0,,,,0,MXI-6.26,MXI,MMM6
RFUD,2024-10-08,MMM6,,,,,3165215.0,,,94,3367.25,0.0,,,,0,MXI-6.26,MXI,MMM6
RFUD,2024-10-09,MMM6,,,,,3150457.0,,,94,3351.55,0.0,,,,0,MXI-6.26,MXI,MMM6
RFUD,2024-10-10,MMM6,,,,,3137297.0,,,94,3337.55,0.0,,,,0,MXI-6.26,MXI,MMM6
RFUD,2024-10-11,MMM6,3305.85,3305.85,3305.85,3305.85,3107499.0,33058.5,1.0,94,3305.85,0.0,3305.85,,1.0,1,MXI-6.26,MXI,MMM6
RFUD,2024-10-14,MMM6,3296.0,3296.0,3296.0,3296.0,3098240.0,32960.0,1.0,94,3296.0,0.0,3296.0,-0.3,1.0,1,MXI-6.26,MXI,MMM6
RFUD,2024-10-15,MMM6,3327.2,3326.0,3336.0,3336.0,3135840.0,99892.0,3.0,94,3336.0,0.0,3329.73,1.21,1.0,3,MXI-6.26,MXI,MMM6
RFUD,2024-10-16,MMM6,,,,,3146791.0,,,94,3347.65,0.0,,,,0,MXI-6.26,MXI,MMM6
RFUD,2024-10-17,MMM6,,,,,3131563.0,,,94,3331.45,0.0,,,,0,MXI-6.26,MXI,MMM6
RFUD,2024-10-18,MMM6,3305.0,3305.0,3305.0,3305.0,3106700.0,33050.0,1.0,94,3305.0,0.0,3305.0,,1.0,1,MXI-6.26,MXI,MMM6
RFUD,2024-10-21,MMM6,,,,,3125688.0,,,94,3325.2,0.0,,,,0,MXI-6.26,MXI,MMM6
RFUD,2024-10-22,MMM6,,,,,3125077.0,,,94,3324.55,0.0,,,,0,MXI-6.26,MXI,MMM6
RFUD,2024-10-23,MMM6,3302.0,3302.0,3302.0,3302.0,3103880.0,33020.0,1.0,94,3302.0,0.0,3302.0,,1.0,1,MXI-6.26,MXI,MMM6
RFUD,2024-10-24,MMM6,3291.55,3283.0,3291.55,3283.0,3151680.0,65745.5,2.0,96,3283.0,0.0,3287.28,-0.57,1.0,2,MXI-6.26,MXI,MMM6
RFUD,2024-10-25,MMM6,3340.0,3283.35,3340.0,3283.35,3217683.0,198383.5,6.0,98,3283.35,0.0,3306.39,0.01,1.0,6,MXI-6.26,MXI,MMM6
RFUD,2024-10-28,MMM6,3283.0,3283.0,3283.0,3283.0,3348660.0,65660.0,2.0,102,3283.0,0.0,3283.0,-0.01,1.0,2,MXI-6.26,MXI,MMM6
RFUD,2024-10-29,MMM6,3261.0,3230.0,3264.85,3264.85,3134256.0,194807.0,6.0,96,3264.85,0.0,3246.78,-0.55,2.0,3,MXI-6.26,MXI,MMM6
RFUD,2024-10-30,MMM6,,,,,3108528.0,,,96,3238.05,0.0,,,,0,MXI-6.26,MXI,MMM6
RFUD,2024-10-31,MMM6,,,,,3100800.0,,,96,3230.0,0.0,,,,0,MXI-6.26,MXI,MMM6
RFUD,2024-11-01,MMM6,,,,,3110784.0,,,96,3240.4,0.0,,,,0,MXI-6.26,MXI,MMM6
RFUD,2024-11-02,MMM6,,,,,3120000.0,,,96,3250.0,0.0,,,,0,MXI-6.26,MXI,MMM6
RFUD,2024-11-05,MMM6,,,,,3103824.0,,,96,3233.15,0.0,,,,0,MXI-6.26,MXI,MMM6
RFUD,2024-11-06,MMM6,3290.0,3290.0,3406.0,3316.5,3325200.0,400350.0,12.0,102,3260.0,0.0,3336.25,,1.0,7,MXI-6.26,MXI,MMM6
RFUD,2024-11-07,MMM6,3300.0,3300.0,3300.0,3300.0,3036247.0,132000.0,4.0,94,3230.05,0.0,3300.0,-0.5,1.0,4,MXI-6.26,MXI,MMM6
RFUD,2024-11-08,MMM6,,,,,3146650.0,,,94,3347.5,0.0,,,,0,MXI-6.26,MXI,MMM6
RFUD,2024-11-11,MMM6,3370.0,3351.0,3370.0,3351.0,3082920.0,67210.0,2.0,92,3351.0,0.0,3360.5,,1.0,2,MXI-6.26,MXI,MMM6
RFUD,2024-11-12,MMM6,,,,,3064796.0,,,92,3331.3,0.0,,,,0,MXI-6.26,MXI,MMM6
RFUD,2024-11-13,MMM6,,,,,3080436.0,,,92,3348.3,0.0,,,,0,MXI-6.26,MXI,MMM6
RFUD,2024-11-14,MMM6,,,,,3020774.0,,,92,3283.45,0.0,,,,0,MXI-6.26,MXI,MMM6
RFUD,2024-11-15,MMM6,,,,,3042440.0,,,92,3307.0,0.0,,,,0,MXI-6.26,MXI,MMM6
RFUD,2024-11-18,MMM6,,,,,3021326.0,,,92,3284.05,0.0,,,,0,MXI-6.26,MXI,MMM6
RFUD,2024-11-19,MMM6,3273.0,3273.0,3273.0,3273.0,3011160.0,32730.0,1.0,92,3273.0,0.0,3273.0,,1.0,1,MXI-6.26,MXI,MMM6
RFUD,2024-11-20,MMM6,3310.35,3263.0,3310.35,3263.0,3072014.0,65733.5,2.0,94,3268.1,0.0,3286.68,-0.31,1.0,2,MXI-6.26,MXI,MMM6
RFUD,2024-11-21,MMM6,3224.1,3178.25,3224.1,3178.25,2766448.0,160743.5,5.0,86,3216.8,0.0,3214.87,-2.6,1.0,3,MXI-6.26,MXI,MMM6
RFUD,2024-11-22,MMM6,,,,,2737122.0,,,86,3182.7,0.0,,,,0,MXI-6.26,MXI,MMM6
RFUD,2024-11-25,MMM6,3227.0,3227.0,3227.0,3227.0,2818865.0,32270.0,1.0,86,3277.75,0.0,3227.0,,1.0,1,MXI-6.26,MXI,MMM6
RFUD,2024-11-26,MMM6,3195.0,3195.0,3195.0,3195.0,2747700.0,31950.0,1.0,86,3195.0,0.0,3195.0,-0.99,1.0,1,MXI-6.26,MXI,MMM6
RFUD,2024-11-27,MMM6,3173.0,3163.1,3207.0,3207.0,2791302.0,222395.0,7.0,86,3245.7,0.0,3177.07,0.38,2.0,5,MXI-6.26,MXI,MMM6
RFUD,2024-11-28,MMM6,,,,,2820671.0,,,86,3279.85,0.0,,,,0,MXI-6.26,MXI,MMM6
RFUD,2024-11-29,MMM6,3238.0,3238.0,3238.0,3238.0,2830647.0,32380.0,1.0,86,3291.45,0.0,3238.0,,1.0,1,MXI-6.26,MXI,MMM6
RFUD,2024-12-02,MMM6,,,,,2842859.0,,,86,3305.65,0.0,,,,0,MXI-6.26,MXI,MMM6
RFUD,2024-12-03,MMM6,3135.9,3135.9,3135.9,3135.9,2715622.0,31359.0,1.0,86,3157.7,0.0,3135.9,,1.0,1,MXI-6.26,MXI,MMM6
RFUD,2024-12-04,MMM6,3200.0,3200.0,3200.0,3200.0,2880000.0,64000.0,2.0,90,3200.0,0.0,3200.0,2.04,1.0,2,MXI-6.26,MXI,MMM6
RFUD,2024-12-05,MMM6,3193.0,3193.0,3193.0,3193.0,2873700.0,31930.0,1.0,90,3193.0,0.0,3193.0,-0.22,1.0,1,MXI-6.26,MXI,MMM6
RFUD,2024-12-06,MMM6,,,,,2844180.0,,,90,3160.2,0.0,,,,0,MXI-6.26,MXI,MMM6
RFUD,2024-12-09,MMM6,,,,,2932515.0,,,90,3258.35,0.0,,,,0,MXI-6.26,MXI,MMM6
RFUD,2024-12-10,MMM6,,,,,2895840.0,,,90,3217.6,0.0,,,,0,MXI-6.26,MXI,MMM6
RFUD,2024-12-11,MMM6,,,,,2909700.0,,,90,3233.0,0.0,,,,0,MXI-6.26,MXI,MMM6
RFUD,2024-12-12,MMM6,,,,,2926215.0,,,90,3251.35,0.0,,,,0,MXI-6.26,MXI,MMM6
RFUD,2024-12-13,MMM6,,,,,2853000.0,,,90,3170.0,0.0,,,,0,MXI-6.26,MXI,MMM6
RFUD,2024-12-16,MMM6,3178.0,3178.0,3178.0,3178.0,2860200.0,31780.0,1.0,90,3178.0,0.0,3178.0,,1.0,1,MXI-6.26,MXI,MMM6
RFUD,2024-12-17,MMM6,3171.0,3171.0,3171.0,3171.0,2853000.0,31710.0,1.0,90,3170.0,0.0,3171.0,-0.22,1.0,1,MXI-6.26,MXI,MMM6
RFUD,2024-12-18,MMM6,,,,,2841435.0,,,90,3157.15,0.0,,,,0,MXI-6.26,MXI,MMM6
RFUD,2024-12-19,MMM6,,,,,2915325.0,,,90,3239.25,0.0,,,,0,MXI-6.26,MXI,MMM6
RFUD,2024-12-20,MMM6,3263.4,3263.4,3336.0,3336.0,3202560.0,396944.5,12.0,96,3336.0,0.0,3307.87,,1.0,10,MXI-6.26,MXI,MMM6
RFUD,2024-12-23,MMM6,3350.65,3350.65,3371.1,3371.1,3236256.0,67217.5,2.0,96,3371.1,0.0,3360.88,1.05,1.0,2,MXI-6.26,MXI,MMM6
RFUD,2024-12-24,MMM6,3357.15,3352.2,3357.15,3352.2,3285156.0,100615.5,3.0,98,3352.2,0.0,3353.85,-0.56,1.0,3,MXI-6.26,MXI,MMM6
RFUD,2024-12-25,MMM6,3370.0,3370.0,3370.0,3370.0,3302600.0,33700.0,1.0,98,3370.0,0.0,3370.0,0.53,1.0,1,MXI-6.26,MXI,MMM6
RFUD,2024-12-26,MMM6,3389.0,3389.0,3389.0,3389.0,3321220.0,67780.0,2.0,98,3389.0,0.0,3389.0,0.56,1.0,2,MXI-6.26,MXI,MMM6
RFUD,2024-12-27,MMM6,,,,,3317643.0,,,98,3385.35,0.0,,,,0,MXI-6.26,MXI,MMM6
RFUD,2024-12-28,MMM6,,,,,3297700.0,,,98,3365.0,0.0,,,,0,MXI-6.26,MXI,MMM6
RFUD,2024-12-30,MMM6,3405.85,3396.0,3425.0,3425.0,3425000.0,238978.5,7.0,100,3425.0,0.0,3413.98,,1.0,7,MXI-6.26,MXI,MMM6
RFUD,2025-01-03,MMM6,3410.9,3400.0,3410.9,3400.0,3396650.0,68109.0,2.0,100,3396.65,0.0,3405.45,-0.73,1.0,2,MXI-6.26,MXI,MMM6
RFUD,2025-01-06,MMM6,3388.5,3388.5,3388.5,3388.5,3388500.0,33885.0,1.0,100,3388.5,0.0,3388.5,-0.34,1.0,1,MXI-6.26,MXI,MMM6
RFUD,2025-01-08,MMM6,3399.85,3399.85,3399.85,3399.85,3467847.0,33998.5,1.0,102,3399.85,0.0,3399.85,0.34,1.0,1,MXI-6.26,MXI,MMM6
RFUD,2025-01-09,MMM6,3370.55,3370.55,3383.8,3370.55,3437961.0,134954.5,4.0,102,3370.55,0.0,3373.86,-0.86,1.0,4,MXI-6.26,MXI,MMM6
RFUD,2025-01-10,MMM6,3403.3,3403.3,3419.85,3419.85,3482433.0,102314.5,3.0,102,3414.15,0.0,3410.48,1.46,1.0,3,MXI-6.26,MXI,MMM6
RFUD,2025-01-13,MMM6,3430.4,3420.1,3438.9,3420.1,3493449.0,102894.0,3.0,102,3424.95,0.0,3429.8,0.01,1.0,3,MXI-6.26,MXI,MMM6
RFUD,2025-01-14,MMM6,3430.75,3430.75,3430.75,3430.75,3499365.0,34307.5,1.0,102,3430.75,0.0,3430.75,0.31,1.0,1,MXI-6.26,MXI,MMM6
RFUD,2025-01-15,MMM6,3395.35,3388.0,3395.35,3388.0,2981440.0,305015.5,9.0,88,3388.0,0.0,3389.06,-1.25,3.0,4,MXI-6.26,MXI,MMM6
RFUD,2025-01-16,MMM6,3459.9,3459.5,3461.35,3461.35,3461350.0,207600.5,6.0,100,3461.35,0.0,3460.01,2.17,1.0,4,MXI-6.26,MXI,MMM6
RFUD,2025-01-17,MMM6,3453.9,3453.9,3467.35,3456.2,3533943.0,138313.5,4.0,102,3464.65,0.0,3457.84,-0.15,1.0,3,MXI-6.26,MXI,MMM6
RFUD,2025-01-20,MMM6,3505.0,3459.4,3505.0,3460.0,3736800.0,243511.0,7.0,108,3460.0,0.0,3478.73,0.11,1.0,7,MXI-6.26,MXI,MMM6
RFUD,2025-01-21,MMM6,3440.0,3436.3,3440.0,3436.3,3666063.0,68763.0,2.0,106,3458.55,0.0,3438.15,-0.69,1.0,2,MXI-6.26,MXI,MMM6
RFUD,2025-01-22,MMM6,3484.0,3484.0,3484.0,3484.0,3832400.0,69680.0,2.0,110,3484.0,0.0,3484.0,1.39,1.0,2,MXI-6.26,MXI,MMM6
RFUD,2025-01-23,MMM6,3450.0,3446.9,3452.45,3452.45,3797695.0,137962.5,4.0,110,3452.45,0.0,3449.06,-0.91,1.0,4,MXI-6.26,MXI,MMM6
RFUD,2025-01-24,MMM6,,,,,3843180.0,,,110,3493.8,0.0,,,,0,MXI-6.26,MXI,MMM6
RFUD,2025-01-27,MMM6,3440.0,3427.15,3440.0,3433.9,3777290.0,171579.5,5.0,110,3433.9,0.0,3431.59,,1.0,5,MXI-6.26,MXI,MMM6
RFUD,2025-01-28,MMM6,3435.4,3435.4,3436.4,3436.4,3508545.0,171810.0,5.0,102,3439.75,0.0,3436.2,0.07,1.0,5,MXI-6.26,MXI,MMM6
RFUD,2025-01-29,MMM6,,,,,3547611.0,,,102,3478.05,0.0,,,,0,MXI-6.26,MXI,MMM6
RFUD,2025-01-30,MMM6,,,,,3541899.0,,,102,3472.45,0.0,,,,0,MXI-6.26,MXI,MMM6
RFUD,2025-01-31,MMM6,3496.1,3413.1,3705.8,3460.6,4291144.0,3190759.5,91.0,124,3460.6,0.0,3506.33,,1.0,64,MXI-6.26,MXI,MMM6
RFUD,2025-02-03,MMM6,3446.3,3426.05,3460.65,3426.05,3837176.0,310657.5,9.0,112,3426.05,0.0,3451.75,-1.0,1.0,7,MXI-6.26,MXI,MMM6
RFUD,2025-02-04,MMM6,,,,,3846864.0,,,112,3434.7,0.0,,,,0,MXI-6.26,MXI,MMM6
RFUD,2025-02-05,MMM6,3434.05,3434.05,3438.65,3438.65,3644969.0,137408.0,4.0,106,3438.65,0.0,3435.2,,1.0,4,MXI-6.26,MXI,MMM6
RFUD,2025-02-06,MMM6,3464.25,3464.25,3485.9,3485.9,3764772.0,69501.5,2.0,108,3485.9,0.0,3475.08,1.37,1.0,2,MXI-6.26,MXI,MMM6
RFUD,2025-02-07,MMM6,3473.25,3471.2,3473.25,3471.2,3610048.0,69444.5,2.0,104,3471.2,0.0,3472.23,-0.42,1.0,2,MXI-6.26,MXI,MMM6
RFUD,2025-02-10,MMM6,3484.95,3484.95,3488.6,3488.6,3767688.0,69735.5,2.0,108,3488.6,0.0,3486.78,0.5,1.0,2,MXI-6.26,MXI,MMM6
RFUD,2025-02-11,MMM6,3494.3,3489.5,3494.3,3489.5,3770658.0,174609.5,5.0,108,3491.35,0.0,3492.19,0.03,1.0,5,MXI-6.26,MXI,MMM6
RFUD,2025-02-12,MMM6,3524.65,3524.65,3528.35,3528.35,3946264.0,70530.0,2.0,112,3523.45,0.0,3526.5,1.11,1.0,2,MXI-6.26,MXI,MMM6
RFUD,2025-02-13,MMM6,3590.95,3590.95,3666.55,3666.55,4185440.0,217912.5,6.0,112,3737.0,0.0,3631.88,3.92,1.0,5,MXI-6.26,MXI,MMM6
RFUD,2025-02-14,MMM6,3613.6,3575.75,3811.85,3610.0,4658598.0,1039771.5,28.0,126,3697.3,0.0,3713.47,-1.54,1.0,24,MXI-6.26,MXI,MMM6
RFUD,2025-02-17,MMM6,3742.3,3742.3,3742.3,3742.3,4715298.0,37423.0,1.0,126,3742.3,0.0,3742.3,3.67,1.0,1,MXI-6.26,MXI,MMM6
RFUD,2025-02-18,MMM6,3742.3,3742.3,3788.9,3788.9,4812672.0,113201.0,3.0,128,3759.9,0.0,3773.37,1.24,2.0,2,MXI-6.26,MXI,MMM6
RFUD,2025-02-19,MMM6,3721.0,3721.0,3725.0,3725.0,4693500.0,111670.0,3.0,126,3725.0,0.0,3722.33,-1.69,1.0,3,MXI-6.26,MXI,MMM6
RFUD,2025-02-20,MMM6,3808.35,3808.35,3808.35,3808.35,4796316.0,38083.5,1.0,126,3806.6,0.0,3808.35,2.24,1.0,1,MXI-6.26,MXI,MMM6
RFUD,2025-02-21,MMM6,3744.45,3744.45,3744.45,3744.45,4726260.0,37444.5,1.0,126,3751.0,0.0,3744.45,-1.68,1.0,1,MXI-6.26,MXI,MMM6
RFUD,2025-02-24,MMM6,3755.0,3755.0,3755.0,3755.0,4745475.0,37550.0,1.0,126,3766.25,0.0,3755.0,0.28,1.0,1,MXI-6.26,MXI,MMM6
RFUD,2025-02-25,MMM6,3796.5,3775.5,3796.5,3775.5,4762170.0,75720.0,2.0,126,3779.5,0.0,3786.0,0.55,1.0,2,MXI-6.26,MXI,MMM6
RFUD,2025-02-26,MMM6,3791.6,3787.55,3791.6,3787.55,4838085.0,303069.5,8.0,126,3839.75,0.0,3788.37,0.32,1.0,8,MXI-6.26,MXI,MMM6
RFUD,2025-02-27,MMM6,3770.0,3722.4,3770.0,3722.4,4771648.0,112624.0,3.0,128,3727.85,0.0,3754.13,-1.72,1.0,3,MXI-6.26,MXI,MMM6
RFUD,2025-02-28,MMM6,3714.1,3700.0,3789.4,3700.0,5059948.0,596392.0,16.0,136,3720.55,0.0,3727.45,-0.6,1.0,15,MXI-6.26,MXI,MMM6
RFUD,2025-03-03,MMM6,3762.75,3710.0,3779.0,3740.0,5759600.0,560925.0,15.0,154,3740.0,0.0,3739.5,1.08,1.0,13,MXI-6.26,MXI,MMM6
RFUD,2025-03-04,MMM6,3740.0,3740.0,3852.3,3835.0,6979700.0,759648.0,20.0,182,3835.0,0.0,3798.24,2.54,1.0,16,MXI-6.26,MXI,MMM6
RFUD,2025-03-05,MMM6,3862.75,3830.0,3862.75,3830.0,6434400.0,461242.5,12.0,168,3830.0,0.0,3843.69,-0.13,1.0,8,MXI-6.26,MXI,MMM6
RFUD,2025-03-06,MMM6,3822.4,3776.5,3822.4,3814.15,6530926.0,531752.5,14.0,172,3797.05,0.0,3798.23,-0.41,1.0,14,MXI-6.26,MXI,MMM6
RFUD,2025-03-07,MMM6,3737.5,3737.5,3768.9,3768.9,6407130.0,112753.0,3.0,170,3768.9,0.0,3758.43,-1.19,1.0,3,MXI-6.26,MXI,MMM6
RFUD,2025-03-10,MMM6,,,,,6495615.0,,,170,3820.95,0.0,,,,0,MXI-6.26,MXI,MMM6
RFUD,2025-03-11,MMM6,,,,,6456855.0,,,170,3798.15,0.0,,,,0,MXI-6.26,MXI,MMM6
RFUD,2025-03-12,MMM6,,,,,6465100.0,,,170,3803.0,0.0,,,,0,MXI-6.26,MXI,MMM6
RFUD,2025-03-13,MMM6,3732.75,3732.75,3757.85,3740.0,6432800.0,112306.0,3.0,172,3740.0,0.0,3743.53,,1.0,3,MXI-6.26,MXI,MMM6
RFUD,2025-03-14,MMM6,3785.1,3785.1,3798.8,3798.8,6685888.0,151665.0,4.0,176,3798.8,0.0,3791.63,1.57,1.0,4,MXI-6.26,MXI,MMM6
RFUD,2025-03-17,MMM6,3794.75,3794.75,3851.0,3838.9,7063576.0,458460.0,12.0,184,3838.9,0.0,3820.5,1.06,1.0,11,MXI-6.26,MXI,MMM6
RFUD,2025-03-18,MMM6,3856.0,3850.25,3876.0,3867.05,7347395.0,309183.5,8.0,190,3867.05,0.0,3864.79,0.73,1.0,8,MXI-6.26,MXI,MMM6
RFUD,2025-03-19,MMM6,3868.0,3813.55,3869.4,3826.0,7728520.0,652413.5,17.0,202,3826.0,0.0,3837.73,-1.06,1.0,17,MXI-6.26,MXI,MMM6
RFUD,2025-03-20,MMM6,3847.2,3830.0,3863.7,3849.85,9778619.0,1075846.5,28.0,254,3849.85,0.0,3842.31,0.62,1.0,13,MXI-6.26,MXI,MMM6
RFUD,2025-03-21,MMM6,3839.95,3772.4,3889.4,3808.2,9890530.0,915149.5,24.0,260,3804.05,0.0,3813.12,-1.08,1.0,23,MXI-6.26,MXI,MMM6
RFUD,2025-03-24,MMM6,3792.0,3783.95,3792.0,3785.4,9312084.0,378673.0,10.0,246,3785.4,0.0,3786.73,-0.6,1.0,8,MXI-6.26,MXI,MMM6
RFUD,2025-03-25,MMM6,3772.2,3760.0,3806.15,3783.6,9156312.0,943911.5,25.0,242,3783.6,0.0,3775.65,-0.05,1.0,25,MXI-6.26,MXI,MMM6
RFUD,2025-03-26,MMM6,3803.1,3788.3,3828.15,3788.3,9167686.0,418247.0,11.0,242,3788.3,0.0,3802.25,0.12,1.0,11,MXI-6.26,MXI,MMM6
RFUD,2025-03-27,MMM6,3826.0,3733.25,3826.0,3733.25,8810470.0,490494.5,13.0,236,3733.25,0.0,3773.03,-1.45,1.0,12,MXI-6.26,MXI,MMM6
RFUD,2025-03-28,MMM6,3728.1,3690.1,3817.4,3692.25,8716424.0,1194438.5,32.0,236,3693.4,0.0,3732.62,-1.1,1.0,24,MXI-6.26,MXI,MMM6
RFUD,2025-03-31,MMM6,3696.95,3666.1,3712.25,3677.95,8211891.0,663113.0,18.0,222,3699.05,0.0,3683.96,-0.39,1.0,16,MXI-6.26,MXI,MMM6
RFUD,2025-04-01,MMM6,3700.5,3621.05,3800.3,3648.2,8244932.0,1106108.0,30.0,226,3648.2,0.0,3687.03,-0.81,1.0,26,MXI-6.26,MXI,MMM6
RFUD,2025-04-02,MMM6,3658.55,3604.3,3658.55,3623.05,8188093.0,473044.0,13.0,226,3623.05,0.0,3638.8,-0.69,1.0,13,MXI-6.26,MXI,MMM6
RFUD,2025-04-03,MMM6,3633.55,3568.1,3646.45,3571.7,7572004.0,1299956.0,36.0,212,3571.7,0.0,3610.99,-1.42,1.0,32,MXI-6.26,MXI,MMM6
RFUD,2025-04-04,MMM6,3561.25,3492.85,3635.8,3500.0,6720000.0,2733244.5,77.0,192,3500.0,0.0,3549.67,-2.01,1.0,62,MXI-6.26,MXI,MMM6
RFUD,2025-04-07,MMM6,3481.5,3310.2,3513.9,3483.75,6729800.0,958334.5,28.0,200,3364.9,0.0,3422.62,-0.46,1.0,28,MXI-6.26,MXI,MMM6
RFUD,2025-04-08,MMM6,3454.9,3302.45,3460.0,3369.1,6944364.0,374067.5,11.0,204,3404.1,0.0,3400.61,-3.29,1.0,11,MXI-6.26,MXI,MMM6
RFUD,2025-04-09,MMM6,3293.75,3293.75,3293.75,3293.75,6700380.0,65875.0,2.0,204,3284.5,0.0,3293.75,-2.24,2.0,1,MXI-6.26,MXI,MMM6
RFUD,2025-04-10,MMM6,3357.55,3357.55,3380.0,3380.0,6827600.0,168226.5,5.0,202,3380.0,0.0,3364.53,2.62,1.0,4,MXI-6.26,MXI,MMM6
RFUD,2025-04-11,MMM6,3398.1,3398.1,3407.05,3407.05,6825700.0,68051.5,2.0,200,3412.85,0.0,3402.58,0.8,1.0,2,MXI-6.26,MXI,MMM6
RFUD,2025-04-14,MMM6,3425.9,3425.9,3425.9,3425.9,6851800.0,34259.0,1.0,200,3425.9,0.0,3425.9,0.55,1.0,1,MXI-6.26,MXI,MMM6
RFUD,2025-04-15,MMM6,3387.4,3369.05,3387.4,3369.05,6401195.0,168636.0,5.0,190,3369.05,0.0,3372.72,-1.66,1.0,5,MXI-6.26,MXI,MMM6
RFUD,2025-04-16,MMM6,3372.3,3358.0,3372.3,3360.0,6854400.0,974812.0,29.0,204,3360.0,0.0,3361.42,-0.27,1.0,27,MXI-6.26,MXI,MMM6
RFUD,2025-04-17,MMM6,3360.0,3360.0,3360.0,3360.0,6518400.0,201600.0,6.0,194,3360.0,0.0,3360.0,0.0,1.0,4,MXI-6.26,MXI,MMM6
RFUD,2025-04-18,MMM6,3370.2,3315.75,3370.2,3315.75,6331750.0,200282.5,6.0,190,3332.5,0.0,3338.04,-1.32,1.0,5,MXI-6.26,MXI,MMM6
RFUD,2025-04-21,MMM6,3362.45,3362.45,3362.5,3362.5,6403380.0,100874.5,3.0,190,3370.2,0.0,3362.48,1.41,1.0,3,MXI-6.26,MXI,MMM6
RFUD,2025-04-22,MMM6,3394.0,3377.65,3394.0,3377.65,6302145.0,169276.5,5.0,186,3388.25,0.0,3385.53,0.45,1.0,5,MXI-6.26,MXI,MMM6
RFUD,2025-04-23,MMM6,3404.1,3368.0,3428.75,3368.0,6294054.0,169478.5,5.0,186,3383.9,0.0,3389.57,-0.29,1.0,5,MXI-6.26,MXI,MMM6
RFUD,2025-04-24,MMM6,3406.25,3397.7,3406.25,3397.7,6251768.0,68039.5,2.0,184,3397.7,0.0,3401.98,0.88,1.0,2,MXI-6.26,MXI,MMM6
RFUD,2025-04-25,MMM6,3394.85,3394.85,3447.8,3432.45,6590304.0,205661.0,6.0,192,3432.45,0.0,3427.68,1.02,1.0,6,MXI-6.26,MXI,MMM6
RFUD,2025-04-28,MMM6,3451.4,3419.55,3501.15,3501.15,6859413.0,172259.5,5.0,198,3464.35,0.0,3445.19,2.0,1.0,5,MXI-6.26,MXI,MMM6
RFUD,2025-04-29,MMM6,3434.6,3372.1,3480.75,3396.9,6791500.0,786033.5,23.0,200,3395.75,0.0,3417.54,-2.98,1.0,20,MXI-6.26,MXI,MMM6
RFUD,2025-04-30,MMM6,3378.2,3325.95,3378.2,3374.15,6748300.0,503871.0,15.0,200,3374.15,0.0,3359.14,-0.67,1.0,14,MXI-6.26,MXI,MMM6
RFUD,2025-05-02,MMM6,,,,,6547900.0,,,200,3273.95,0.0,,,,0,MXI-6.26,MXI,MMM6
RFUD,2025-05-05,MMM6,3267.7,3228.0,3268.9,3228.0,6714240.0,455707.5,14.0,208,3228.0,0.0,3255.05,,1.0,13,MXI-6.26,MXI,MMM6
RFUD,2025-05-06,MMM6,3235.35,3186.95,3316.4,3238.5,6674778.0,1924202.0,59.0,204,3271.95,0.0,3261.36,0.33,1.0,52,MXI-6.26,MXI,MMM6
RFUD,2025-05-07,MMM6,3294.35,3268.1,3352.1,3276.95,6505686.0,230435.0,7.0,198,3285.7,0.0,3291.93,1.19,1.0,7,MXI-6.26,MXI,MMM6
RFUD,2025-05-08,MMM6,3293.55,3287.85,3293.55,3287.85,6707214.0,164512.5,5.0,204,3287.85,0.0,3290.25,0.33,1.0,5,MXI-6.26,MXI,MMM6
RFUD,2025-05-12,MMM6,3366.15,3272.85,3454.35,3371.1,6607356.0,811752.0,24.0,196,3371.1,0.0,3382.3,2.53,1.0,21,MXI-6.26,MXI,MMM6
RFUD,2025-05-13,MMM6,3384.8,3379.15,3439.45,3379.15,6420385.0,135882.0,4.0,190,3379.15,0.0,3397.05,0.24,1.0,4,MXI-6.26,MXI,MMM6
RFUD,2025-05-14,MMM6,,,,,6382005.0,,,190,3358.95,0.0,,,,0,MXI-6.26,MXI,MMM6
RFUD,2025-05-15,MMM6,3315.0,3282.0,3315.0,3310.5,6481328.0,461987.5,14.0,196,3306.8,0.0,3299.91,,1.0,11,MXI-6.26,MXI,MMM6
RFUD,2025-05-16,MMM6,3316.8,3283.2,3338.35,3283.2,6575300.0,132551.5,4.0,200,3287.65,0.0,3313.79,-0.83,1.0,4,MXI-6.26,MXI,MMM6
RFUD,2025-05-19,MMM6,3332.15,3329.65,3332.15,3329.65,6608943.0,99914.5,3.0,198,3337.85,0.0,3330.48,1.42,2.0,2,MXI-6.26,MXI,MMM6
RFUD,2025-05-20,MMM6,3317.8,3308.5,3361.75,3308.5,6805210.0,865746.5,26.0,206,3303.5,0.0,3329.79,-0.64,8.0,15,MXI-6.26,MXI,MMM6
RFUD,2025-05-21,MMM6,3218.7,3205.25,3351.25,3239.05,6678520.0,424500.5,13.0,206,3242.0,0.0,3265.39,-2.1,1.0,12,MXI-6.26,MXI,MMM6
RFUD,2025-05-22,MMM6,3279.05,3279.05,3292.35,3285.3,7020908.0,197242.0,6.0,218,3220.6,0.0,3287.37,1.43,1.0,6,MXI-6.26,MXI,MMM6
RFUD,2025-05-23,MMM6,3215.7,3188.85,3267.0,3262.45,6848107.0,385833.5,12.0,214,3200.05,0.0,3215.28,-0.7,1.0,12,MXI-6.26,MXI,MMM6
RFUD,2025-05-26,MMM6,3267.1,3149.05,3267.1,3149.05,6675986.0,95652.0,3.0,212,3149.05,0.0,3188.4,-3.48,1.0,3,MXI-6.26,MXI,MMM6
RFUD,2025-05-27,MMM6,3127.0,3127.0,3130.5,3130.5,6559800.0,62575.0,2.0,208,3153.75,0.0,3128.75,-0.59,1.0,2,MXI-6.26,MXI,MMM6
RFUD,2025-05-28,MMM6,3245.2,3227.0,3245.2,3227.0,6720105.0,64722.0,2.0,210,3200.05,0.0,3236.1,3.08,1.0,2,MXI-6.26,MXI,MMM6
RFUD,2025-05-29,MMM6,3292.95,3266.55,3325.0,3266.55,8035713.0,950812.5,29.0,246,3266.55,0.0,3278.66,1.23,11.0,17,MXI-6.26,MXI,MMM6
RFUD,2025-05-30,MMM6,3228.4,3228.4,3289.85,3289.85,8092908.0,65182.5,2.0,246,3289.8,0.0,3259.13,0.71,1.0,2,MXI-6.26,MXI,MMM6
RFUD,2025-06-02,MMM6,3289.8,3201.05,3358.5,3300.0,8381873.0,1275476.0,39.0,254,3299.95,0.0,3270.45,0.31,1.0,25,MXI-6.26,MXI,MMM6
RFUD,2025-06-03,MMM6,3287.95,3239.4,3288.0,3288.0,8220000.0,229672.5,7.0,250,3288.0,0.0,3281.04,-0.36,1.0,6,MXI-6.26,MXI,MMM6
RFUD,2025-06-04,MMM6,3288.0,3288.0,3288.0,3288.0,7956960.0,361680.0,11.0,242,3288.0,0.0,3288.0,0.0,1.0,6,MXI-6.26,MXI,MMM6
RFUD,2025-06-05,MMM6,3249.25,3249.25,3306.2,3271.7,7721212.0,458245.0,14.0,236,3271.7,0.0,3273.18,-0.5,1.0,13,MXI-6.26,MXI,MMM6
RFUD,2025-06-06,MMM6,3289.8,3230.3,3368.0,3230.3,8011144.0,298553.0,9.0,248,3230.3,0.0,3317.26,-1.26,1.0,6,MXI-6.26,MXI,MMM6
RFUD,2025-06-09,MMM6,3220.0,3220.0,3270.15,3236.7,8156484.0,291380.0,9.0,252,3236.7,0.0,3237.56,0.2,1.0,9,MXI-6.26,MXI,MMM6
RFUD,2025-06-10,MMM6,3220.0,3189.75,3220.0,3189.75,7984250.0,128497.5,4.0,250,3193.7,0.0,3212.44,-1.45,1.0,4,MXI-6.26,MXI,MMM6
RFUD,2025-06-11,MMM6,3181.15,3181.15,3181.15,3181.15,7850352.0,63623.0,2.0,246,3191.2,0.0,3181.15,-0.27,1.0,2,MXI-6.26,MXI,MMM6
RFUD,2025-06-13,MMM6,3221.25,3221.25,3221.25,3221.25,7924275.0,32212.5,1.0,246,3221.25,0.0,3221.25,1.26,1.0,1,MXI-6.26,MXI,MMM6
RFUD,2025-06-16,MMM6,3210.5,3194.0,3233.2,3194.0,8048880.0,225430.5,7.0,252,3194.0,0.0,3220.44,-0.85,1.0,5,MXI-6.26,MXI,MMM6
RFUD,2025-06-17,MMM6,,,,,8162532.0,,,252,3239.1,0.0,,,,0,MXI-6.26,MXI,MMM6
RFUD,2025-06-18,MMM6,3256.1,3239.8,3256.1,3239.8,8164296.0,97463.5,3.0,252,3239.8,0.0,3248.78,,1.0,3,MXI-6.26,MXI,MMM6
RFUD,2025-06-19,MMM6,3244.8,3240.0,3270.95,3270.95,8463520.0,227391.5,7.0,260,3255.2,0.0,3248.45,0.96,1.0,7,MXI-6.26,MXI,MMM6
RFUD,2025-06-20,MMM6,3256.85,3183.0,3285.35,3220.85,8503044.0,1488777.0,46.0,264,3220.85,0.0,3236.47,-1.53,1.0,42,MXI-6.26,MXI,MMM6
RFUD,2025-06-23,MMM6,3200.0,3200.0,3232.55,3232.55,8404630.0,257024.5,8.0,260,3232.55,0.0,3212.81,0.36,1.0,8,MXI-6.26,MXI,MMM6
RFUD,2025-06-24,MMM6,3211.05,3179.05,3231.3,3198.0,8314800.0,638464.5,20.0,260,3198.0,0.0,3192.32,-1.07,1.0,20,MXI-6.26,MXI,MMM6
RFUD,2025-06-25,MMM6,3210.25,3210.25,3228.85,3228.85,8395010.0,64391.0,2.0,260,3228.85,0.0,3219.55,0.97,1.0,2,MXI-6.26,MXI,MMM6
RFUD,2025-06-26,MMM6,3221.8,3178.55,3222.0,3215.5,8360300.0,385740.5,12.0,260,3215.5,0.0,3214.5,-0.41,1.0,12,MXI-6.26,MXI,MMM6
RFUD,2025-06-27,MMM6,3214.5,3199.6,3227.0,3227.0,8390200.0,289007.5,9.0,260,3227.0,0.0,3211.19,0.36,1.0,9,MXI-6.26,MXI,MMM6
RFUD,2025-06-30,MMM6,3227.0,3212.25,3259.85,3212.25,8465089.0,161396.0,5.0,262,3230.95,0.0,3227.92,-0.46,1.0,5,MXI-6.26,MXI,MMM6
RFUD,2025-07-01,MMM6,3243.3,3241.85,3259.2,3241.85,8558484.0,194891.0,6.0,264,3241.85,0.0,3248.18,0.92,1.0,6,MXI-6.26,MXI,MMM6
RFUD,2025-07-02,MMM6,3204.95,3192.0,3263.45,3263.45,8480736.0,322078.0,10.0,264,3212.4,0.0,3220.78,0.67,2.0,8,MXI-6.26,MXI,MMM6
RFUD,2025-07-03,MMM6,3211.2,3211.2,3217.6,3217.6,8558816.0,160721.0,5.0,266,3217.6,0.0,3214.42,-1.41,1.0,5,MXI-6.26,MXI,MMM6
RFUD,2025-07-04,MMM6,3210.0,3200.0,3232.0,3232.0,8632414.0,352820.0,11.0,268,3221.05,0.0,3207.45,0.45,1.0,11,MXI-6.26,MXI,MMM6
RFUD,2025-07-07,MMM6,3191.0,3171.6,3196.35,3183.6,8462125.0,446032.5,14.0,266,3181.25,0.0,3185.95,-1.5,1.0,13,MXI-6.26,MXI,MMM6
RFUD,2025-07-08,MMM6,3182.4,3161.05,3182.4,3174.3,8507124.0,222140.5,7.0,268,3174.3,0.0,3173.44,-0.29,1.0,7,MXI-6.26,MXI,MMM6
RFUD,2025-07-09,MMM6,3166.2,3118.8,3166.2,3123.9,8621964.0,250607.0,8.0,276,3123.9,0.0,3132.59,-1.59,1.0,8,MXI-6.26,MXI,MMM6
RFUD,2025-07-10,MMM6,3122.8,3099.25,3182.75,3171.5,8880200.0,1037633.5,33.0,280,3171.5,0.0,3144.34,1.52,1.0,26,MXI-6.26,MXI,MMM6
RFUD,2025-07-11,MMM6,3160.5,3079.2,3162.0,3088.6,9142256.0,681884.0,22.0,296,3088.6,0.0,3099.47,-2.61,1.0,19,MXI-6.26,MXI,MMM6
RFUD,2025-07-14,MMM6,3077.1,3044.7,3129.0,3124.8,9436896.0,1112059.0,36.0,302,3124.8,0.0,3089.05,1.17,1.0,33,MXI-6.26,MXI,MMM6
RFUD,2025-07-15,MMM6,3135.0,3086.0,3151.95,3149.9,9827688.0,469455.0,15.0,312,3149.9,0.0,3129.7,0.8,1.0,15,MXI-6.26,MXI,MMM6
RFUD,2025-07-16,MMM6,3159.7,3093.6,3199.0,3172.8,10152960.0,1074882.0,34.0,320,3172.8,0.0,3161.42,0.73,1.0,30,MXI-6.26,MXI,MMM6
RFUD,2025-07-17,MMM6,3164.45,3161.75,3175.25,3161.75,10115520.0,95014.5,3.0,320,3161.1,0.0,3167.15,-0.35,1.0,3,MXI-6.26,MXI,MMM6
RFUD,2025-07-18,MMM6,3126.75,3125.85,3164.6,3164.6,9818785.0,377416.0,12.0,310,3167.35,0.0,3145.13,0.09,1.0,12,MXI-6.26,MXI,MMM6
RFUD,2025-07-21,MMM6,3200.6,3200.0,3209.95,3208.5,11550600.0,1408314.5,44.0,360,3208.5,0.0,3200.71,1.39,1.0,31,MXI-6.26,MXI,MMM6
RFUD,2025-07-22,MMM6,3205.0,3201.0,3218.8,3218.5,11264750.0,449253.0,14.0,350,3218.5,0.0,3208.95,0.31,1.0,14,MXI-6.26,MXI,MMM6
RFUD,2025-07-23,MMM6,3223.85,3223.85,3235.5,3235.45,11388784.0,226240.5,7.0,352,3235.45,0.0,3232.01,0.53,1.0,7,MXI-6.26,MXI,MMM6
RFUD,2025-07-24,MMM6,3228.35,3220.1,3228.35,3220.1,11291808.0,64484.5,2.0,352,3207.9,0.0,3224.23,-0.47,1.0,2,MXI-6.26,MXI,MMM6
RFUD,2025-07-25,MMM6,3217.45,3158.4,3264.0,3168.7,11280572.0,928912.0,29.0,356,3168.7,0.0,3203.14,-1.6,1.0,23,MXI-6.26,MXI,MMM6
RFUD,2025-07-28,MMM6,3160.9,3137.8,3165.0,3146.9,12461724.0,1104923.0,35.0,396,3146.9,0.0,3156.92,-0.69,1.0,30,MXI-6.26,MXI,MMM6
RFUD,2025-07-29,MMM6,3146.9,3140.45,3178.15,3174.4,12761088.0,253167.0,8.0,402,3174.4,0.0,3164.59,0.87,1.0,8,MXI-6.26,MXI,MMM6
RFUD,2025-07-30,MMM6,3156.05,3156.05,3165.8,3165.8,12614000.0,94779.0,3.0,400,3153.5,0.0,3159.3,-0.27,1.0,3,MXI-6.26,MXI,MMM6
RFUD,2025-07-31,MMM6,3156.25,3156.25,3175.55,3175.55,12339795.0,221901.5,7.0,390,3164.05,0.0,3170.02,0.31,3.0,4,MXI-6.26,MXI,MMM6
RFUD,2025-08-01,MMM6,3149.45,3149.45,3175.0,3174.9,13334580.0,602486.5,19.0,420,3174.9,0.0,3170.98,-0.02,1.0,15,MXI-6.26,MXI,MMM6
RFUD,2025-08-04,MMM6,3164.9,3150.0,3195.75,3150.0,13908400.0,697990.5,22.0,436,3190.0,0.0,3172.68,-0.78,2.0,19,MXI-6.26,MXI,MMM6
RFUD,2025-08-05,MMM6,3200.0,3190.0,3203.0,3203.0,14028264.0,415789.0,13.0,438,3202.8,0.0,3198.38,1.68,1.0,11,MXI-6.26,MXI,MMM6
RFUD,2025-08-06,MMM6,3188.65,3166.8,3195.0,3166.8,14123928.0,318287.5,10.0,446,3166.8,0.0,3182.88,-1.13,1.0,10,MXI-6.26,MXI,MMM6
RFUD,2025-08-07,MMM6,3181.2,3176.75,3274.45,3236.85,15411214.0,2452173.5,76.0,476,3237.65,0.0,3226.54,2.21,2.0,73,MXI-6.26,MXI,MMM6
RFUD,2025-08-08,MMM6,3232.45,3232.45,3290.15,3248.75,15673381.0,650554.0,20.0,478,3278.95,0.0,3252.77,0.37,1.0,20,MXI-6.26,MXI,MMM6
RFUD,2025-08-11,MMM6,3298.05,3255.6,3352.95,3352.2,17056512.0,1592999.0,48.0,512,3331.35,0.0,3318.75,3.18,1.0,39,MXI-6.26,MXI,MMM6
RFUD,2025-08-12,MMM6,3326.0,3305.0,3326.0,3305.0,16837406.0,397022.0,12.0,508,3314.45,0.0,3308.52,-1.41,1.0,9,MXI-6.26,MXI,MMM6
RFUD,2025-08-13,MMM6,3333.8,3307.0,3368.35,3368.35,17482998.0,534060.0,16.0,524,3336.45,0.0,3337.88,1.92,2.0,12,MXI-6.26,MXI,MMM6
RFUD,2025-08-14,MMM6,3318.0,3313.8,3340.0,3339.95,17300941.0,598887.5,18.0,518,3339.95,0.0,3327.15,-0.84,1.0,15,MXI-6.26,MXI,MMM6
RFUD,2025-08-15,MMM6,3340.0,3330.2,3379.3,3378.65,17704126.0,1742187.0,52.0,524,3378.65,0.0,3350.36,1.16,1.0,50,MXI-6.26,MXI,MMM6
RFUD,2025-08-18,MMM6,3306.15,3306.15,3330.2,3320.85,17666922.0,298399.5,9.0,532,3320.85,0.0,3315.55,-1.71,1.0,9,MXI-6.26,MXI,MMM6
RFUD,2025-08-19,MMM6,3337.05,3336.45,3364.95,3358.35,17634408.0,200987.5,6.0,528,3339.85,0.0,3349.79,1.13,1.0,6,MXI-6.26,MXI,MMM6
RFUD,2025-08-20,MMM6,3330.0,3315.3,3330.0,3315.3,18234150.0,432459.0,13.0,550,3315.3,0.0,3326.61,-1.28,1.0,13,MXI-6.26,MXI,MMM6
RFUD,2025-08-21,MMM6,3323.15,3243.75,3323.15,3243.75,16348500.0,1109964.5,34.0,504,3243.75,0.0,3264.6,-2.16,1.0,30,MXI-6.26,MXI,MMM6
RFUD,2025-08-22,MMM6,3248.55,3230.0,3299.95,3257.35,16612485.0,1632171.5,50.0,510,3257.35,0.0,3264.34,0.42,1.0,40,MXI-6.26,MXI,MMM6
RFUD,2025-08-25,MMM6,3266.9,3251.15,3266.9,3251.15,16775934.0,130361.0,4.0,516,3251.15,0.0,3259.03,-0.19,1.0,4,MXI-6.26,MXI,MMM6
RFUD,2025-08-26,MMM6,3282.55,3282.55,3282.55,3282.55,16885505.0,32825.5,1.0,518,3259.75,0.0,3282.55,0.97,1.0,1,MXI-6.26,MXI,MMM6
RFUD,2025-08-27,MMM6,3259.7,3259.7,3264.75,3264.75,16911405.0,65244.5,2.0,518,3264.75,0.0,3262.23,-0.54,1.0,2,MXI-6.26,MXI,MMM6
RFUD,2025-08-28,MMM6,3271.8,3271.8,3284.75,3280.0,17318400.0,196677.5,6.0,528,3280.0,0.0,3277.96,0.47,1.0,6,MXI-6.26,MXI,MMM6
RFUD,2025-08-29,MMM6,3268.9,3252.0,3268.9,3252.0,16975440.0,162898.0,5.0,522,3252.0,0.0,3257.96,-0.85,1.0,5,MXI-6.26,MXI,MMM6
RFUD,2025-09-01,MMM6,3265.75,3250.0,3265.75,3250.0,16965000.0,65157.5,2.0,522,3250.0,0.0,3257.88,-0.06,1.0,2,MXI-6.26,MXI,MMM6
RFUD,2025-09-02,MMM6,3236.35,3212.0,3236.35,3212.0,17087840.0,192963.5,6.0,532,3212.0,0.0,3216.06,-1.17,1.0,6,MXI-6.26,MXI,MMM6
RFUD,2025-09-03,MMM6,3216.3,3216.3,3239.75,3239.75,17753830.0,355700.5,11.0,548,3239.75,0.0,3233.64,0.86,1.0,11,MXI-6.26,MXI,MMM6
RFUD,2025-09-04,MMM6,3249.75,3247.95,3269.75,3250.0,18070000.0,651347.5,20.0,556,3250.0,0.0,3256.74,0.32,1.0,20,MXI-6.26,MXI,MMM6
RFUD,2025-09-05,MMM6,3260.0,3256.35,3260.0,3258.85,17858498.0,162882.5,5.0,548,3258.85,0.0,3257.65,0.27,1.0,5,MXI-6.26,MXI,MMM6
RFUD,2025-09-08,MMM6,3261.1,3256.25,3284.5,3284.5,17999060.0,261672.5,8.0,548,3284.5,0.0,3270.91,0.79,1.0,8,MXI-6.26,MXI,MMM6
RFUD,2025-09-09,MMM6,3277.5,3277.5,3299.75,3297.25,17805150.0,361679.5,11.0,540,3297.25,0.0,3288.0,0.39,1.0,11,MXI-6.26,MXI,MMM6
RFUD,2025-09-10,MMM6,3290.0,3277.1,3294.1,3277.1,17556948.0,164165.5,5.0,536,3275.55,0.0,3283.31,-0.61,1.0,5,MXI-6.26,MXI,MMM6
RFUD,2025-09-11,MMM6,3271.0,3266.35,3271.0,3266.35,17638290.0,65373.5,2.0,540,3266.35,0.0,3268.68,-0.33,1.0,2,MXI-6.26,MXI,MMM6
RFUD,2025-09-12,MMM6,3257.8,3215.0,3264.55,3215.0,19225700.0,1196963.0,37.0,598,3215.0,0.0,3235.04,-1.57,1.0,33,MXI-6.26,MXI,MMM6
RFUD,2025-09-15,MMM6,3210.0,3179.0,3210.0,3193.95,20505159.0,2679200.5,84.0,642,3193.95,0.0,3189.52,-0.66,1.0,74,MXI-6.26,MXI,MMM6
RFUD,2025-09-16,MMM6,3191.95,3136.0,3200.0,3191.0,20613860.0,3844777.5,121.0,646,3191.0,0.0,3177.5,-0.09,1.0,100,MXI-6.26,MXI,MMM6
RFUD,2025-09-17,MMM6,3192.55,3169.35,3208.05,3207.0,24565620.0,3370730.0,106.0,766,3207.0,0.0,3179.93,0.5,1.0,90,MXI-6.26,MXI,MMM6
RFUD,2025-09-18,MMM6,3209.0,3163.0,3210.0,3176.1,26592324.0,2287904.5,72.0,836,3180.9,0.0,3177.65,-0.96,1.0,62,MXI-6.26,MXI,MMM6
RFUD,2025-09-19,MMM6,3187.9,3105.85,3188.6,3121.8,46015332.0,16448484.5,522.0,1474,3121.8,0.0,3150.94,-1.71,2.0,382,MXI-6.26,MXI,MMM6
RFUD,2025-09-22,MMM6,3109.9,3051.4,3149.95,3098.5,53294200.0,11297563.5,365.0,1720,3098.5,0.0,3095.22,-0.75,1.0,242,MXI-6.26,MXI,MMM6
RFUD,2025-09-23,MMM6,3095.45,3081.65,3120.0,3110.0,53927400.0,3323020.0,107.0,1734,3110.0,0.0,3105.63,0.37,1.0,101,MXI-6.26,MXI,MMM6
RFUD,2025-09-24,MMM6,3110.5,3016.55,3110.5,3071.05,58032450.0,7951893.0,260.0,1890,3070.5,0.0,3058.42,-1.25,1.0,214,MXI-6.26,MXI,MMM6
RFUD,2025-09-25,MMM6,3072.25,3039.25,3086.05,3045.75,57930165.0,1349231.5,44.0,1902,3045.75,0.0,3066.44,-0.82,1.0,40,MXI-6.26,MXI,MMM6
RFUD,2025-09-26,MMM6,3047.9,3030.0,3051.3,3051.2,60863155.0,2402852.0,79.0,1990,3058.45,0.0,3041.58,0.18,1.0,59,MXI-6.26,MXI,MMM6
RFUD,2025-09-29,MMM6,3066.2,3004.15,3070.7,3004.15,59602336.0,4933023.5,162.0,1984,3004.15,0.0,3045.08,-1.54,1.0,151,MXI-6.26,MXI,MMM6
RFUD,2025-09-30,MMM6,3004.8,2979.6,3018.0,3010.85,62352696.0,4712072.5,157.0,2072,3009.3,0.0,3001.32,0.22,1.0,135,MXI-6.26,MXI,MMM6
RFUD,2025-10-01,MMM6,3010.85,2967.0,3013.7,2969.1,63123066.0,2446862.0,82.0,2126,2969.1,0.0,2983.98,-1.39,1.0,75,MXI-6.26,MXI,MMM6
RFUD,2025-10-02,MMM6,2968.15,2945.0,2972.1,2953.4,66127305.0,2873569.5,97.0,2238,2954.75,0.0,2962.44,-0.53,1.0,81,MXI-6.26,MXI,MMM6
RFUD,2025-10-03,MMM6,2959.95,2915.5,2969.85,2920.0,65700000.0,4577184.0,156.0,2250,2920.0,0.0,2934.09,-1.13,1.0,138,MXI-6.26,MXI,MMM6
RFUD,2025-10-06,MMM6,2913.35,2858.35,2984.95,2968.5,79060844.0,15653790.5,535.0,2668,2963.3,0.0,2925.94,1.66,1.0,422,MXI-6.26,MXI,MMM6
RFUD,2025-10-07,MMM6,2965.0,2956.7,3000.65,2980.7,108577125.0,24948160.5,838.0,3642,2981.25,0.0,2977.34,0.41,2.0,601,MXI-6.26,MXI,MMM6
RFUD,2025-10-08,MMM6,2979.25,2868.85,2995.0,2868.85,112274886.0,17215202.5,586.0,3908,2872.95,0.0,2937.76,-3.75,3.0,452,MXI-6.26,MXI,MMM6
RFUD,2025-10-09,MMM6,2869.0,2834.25,2965.0,2965.0,117561625.0,7663565.0,264.0,3970,2961.25,0.0,2902.87,3.35,1.0,240,MXI-6.26,MXI,MMM6
RFUD,2025-10-10,MMM6,2955.0,2894.3,2959.0,2901.0,119869320.0,5231832.5,179.0,4132,2901.0,0.0,2922.81,-2.16,1.0,157,MXI-6.26,MXI,MMM6
RFUD,2025-10-13,MMM6,2907.15,2868.15,2934.2,2894.9,127607192.0,8960397.0,309.0,4408,2894.9,0.0,2899.8,-0.21,1.0,240,MXI-6.26,MXI,MMM6
RFUD,2025-10-14,MMM6,2894.0,2851.3,2908.45,2864.5,129704560.0,5121046.5,178.0,4528,2864.5,0.0,2876.79,-1.05,2.0,128,MXI-6.26,MXI,MMM6
RFUD,2025-10-15,MMM6,2862.05,2844.6,2881.75,2857.25,130690615.0,4604839.0,161.0,4574,2857.25,0.0,2860.15,-0.25,1.0,139,MXI-6.26,MXI,MMM6
RFUD,2025-10-16,MMM6,2864.15,2845.75,2934.25,2913.45,138568086.0,11428510.0,396.0,4764,2908.65,0.0,2885.99,1.97,1.0,312,MXI-6.26,MXI,MMM6
RFUD,2025-10-17,MMM6,2920.9,2892.05,3056.95,3017.35,153447480.0,25558868.5,850.0,5076,3023.0,0.0,3007.03,3.57,1.0,619,MXI-6.26,MXI,MMM6
RFUD,2025-10-20,MMM6,3026.0,3010.0,3058.35,3038.6,163051276.0,18460143.0,607.0,5366,3038.6,0.0,3041.21,0.7,1.0,456,MXI-6.26,MXI,MMM6
RFUD,2025-10-21,MMM6,3034.95,2902.8,3050.85,2926.15,160305453.0,10244787.5,346.0,5478,2926.35,0.0,2960.92,-3.7,1.0,253,MXI-6.26,MXI,MMM6
RFUD,2025-10-22,MMM6,2941.8,2915.1,2968.85,2952.85,159796372.0,7653560.0,260.0,5416,2950.45,0.0,2943.68,0.91,1.0,203,MXI-6.26,MXI,MMM6
RFUD,2025-10-23,MMM6,2942.5,2835.0,2949.6,2864.65,156868234.0,8853967.0,308.0,5476,2864.65,0.0,2874.66,-2.99,1.0,269,MXI-6.26,MXI,MMM6
RFUD,2025-10-24,MMM6,2859.65,2800.0,2887.65,2828.85,156944598.0,6446903.5,226.0,5548,2828.85,0.0,2852.61,-1.25,1.0,193,MXI-6.26,MXI,MMM6
RFUD,2025-10-27,MMM6,2828.0,2740.0,2830.85,2757.1,149986240.0,9029492.5,326.0,5440,2757.1,0.0,2769.78,-2.54,1.0,292,MXI-6.26,MXI,MMM6
RFUD,2025-10-28,MMM6,2754.45,2726.05,2791.8,2770.0,153956600.0,6674852.5,242.0,5558,2770.0,0.0,2758.15,0.47,1.0,233,MXI-6.26,MXI,MMM6
RFUD,2025-10-29,MMM6,2774.9,2755.05,2809.0,2784.95,152068658.0,7345809.0,263.0,5446,2792.3,0.0,2793.08,0.54,1.0,206,MXI-6.26,MXI,MMM6
RFUD,2025-10-30,MMM6,2788.2,2783.8,2839.4,2835.0,156360807.0,3296172.5,117.0,5518,2833.65,0.0,2818.17,1.8,1.0,90,MXI-6.26,MXI,MMM6
RFUD,2025-10-31,MMM6,2834.95,2791.4,2835.05,2792.55,153359516.0,3712653.0,132.0,5494,2791.4,0.0,2812.62,-1.5,1.0,112,MXI-6.26,MXI,MMM6
RFUD,2025-11-01,MMM6,2788.25,2765.0,2805.25,2798.65,154429507.0,3114546.0,112.0,5518,2798.65,0.0,2780.76,0.22,1.0,100,MXI-6.26,MXI,MMM6
RFUD,2025-11-03,MMM6,2794.6,2788.15,2844.0,2830.15,155148823.0,1640185.5,58.0,5482,2830.15,0.0,2827.91,1.13,1.0,56,MXI-6.26,MXI,MMM6
RFUD,2025-11-05,MMM6,2831.1,2800.2,2840.0,2806.9,154491776.0,1833272.5,65.0,5504,2806.9,0.0,2820.42,-0.82,1.0,59,MXI-6.26,MXI,MMM6
RFUD,2025-11-06,MMM6,2811.05,2787.9,2817.45,2792.1,158312070.0,5430090.5,194.0,5670,2792.1,0.0,2799.02,-0.53,2.0,123,MXI-6.26,MXI,MMM6
RFUD,2025-11-07,MMM6,2799.05,2792.5,2825.5,2816.35,159887244.0,2784153.5,99.0,5676,2816.9,0.0,2812.28,0.87,1.0,77,MXI-6.26,MXI,MMM6
RFUD,2025-11-10,MMM6,2822.2,2806.25,2872.0,2811.15,164002491.0,6191998.5,219.0,5834,2811.15,0.0,2827.4,-0.18,1.0,129,MXI-6.26,MXI,MMM6
RFUD,2025-11-11,MMM6,2815.95,2800.1,2821.4,2817.95,166976940.0,4721301.0,168.0,5928,2816.75,0.0,2810.3,0.24,1.0,96,MXI-6.26,MXI,MMM6
RFUD,2025-11-12,MMM6,2818.55,2777.0,2825.15,2777.0,171618600.0,8188180.0,293.0,6180,2777.0,0.0,2794.6,-1.45,1.0,206,MXI-6.26,MXI,MMM6
RFUD,2025-11-13,MMM6,2776.0,2773.0,2792.8,2784.8,171989248.0,4032048.0,145.0,6176,2784.8,0.0,2780.72,0.28,2.0,115,MXI-6.26,MXI,MMM6
RFUD,2025-11-14,MMM6,2780.65,2752.05,2783.7,2765.35,172834375.0,4063413.0,147.0,6250,2765.35,0.0,2764.23,-0.7,1.0,116,MXI-6.26,MXI,MMM6
RFUD,2025-11-17,MMM6,2765.8,2736.0,2772.15,2750.1,173201298.0,2503865.5,91.0,6298,2750.1,0.0,2751.5,-0.55,1.0,84,MXI-6.26,MXI,MMM6
RFUD,2025-11-18,MMM6,2747.65,2728.0,2803.0,2791.0,179194332.0,8230769.5,296.0,6414,2793.8,0.0,2780.67,1.49,1.0,258,MXI-6.26,MXI,MMM6
RFUD,2025-11-19,MMM6,2798.9,2781.65,2891.95,2877.2,193750648.0,18118625.0,634.0,6734,2877.2,0.0,2857.83,3.09,1.0,526,MXI-6.26,MXI,MMM6
RFUD,2025-11-20,MMM6,2872.65,2841.6,2930.2,2848.0,194434083.0,10669238.5,372.0,6814,2853.45,0.0,2868.07,-1.01,1.0,321,MXI-6.26,MXI,MMM6
RFUD,2025-11-21,MMM6,2855.95,2855.95,2941.0,2901.8,211599256.0,28674961.0,988.0,7292,2901.8,0.0,2902.32,1.89,1.0,745,MXI-6.26,MXI,MMM6
RFUD,2025-11-24,MMM6,2902.1,2870.05,2938.0,2880.0,209491200.0,12552224.5,433.0,7274,2880.0,0.0,2898.96,-0.75,1.0,329,MXI-6.26,MXI,MMM6
RFUD,2025-11-25,MMM6,2878.0,2861.55,2961.6,2911.3,219655925.0,19397350.0,671.0,7550,2909.35,0.0,2890.81,1.09,1.0,493,MXI-6.26,MXI,MMM6
RFUD,2025-11-26,MMM6,2915.25,2884.0,2924.55,2897.0,226355952.0,11933667.0,411.0,7814,2896.8,0.0,2903.57,-0.49,1.0,318,MXI-6.26,MXI,MMM6
RFUD,2025-11-27,MMM6,2897.85,2832.0,2900.3,2852.9,230907732.0,9159392.0,319.0,8108,2847.9,0.0,2871.28,-1.52,1.0,245,MXI-6.26,MXI,MMM6
RFUD,2025-11-28,MMM6,2845.0,2840.25,2902.25,2895.8,240467232.0,9209417.0,322.0,8304,2895.8,0.0,2860.07,1.5,1.0,240,MXI-6.26,MXI,MMM6
RFUD,2025-12-01,MMM6,2889.4,2882.2,2923.1,2912.0,250680150.0,18076553.0,622.0,8610,2911.5,0.0,2906.31,0.56,1.0,446,MXI-6.26,MXI,MMM6
RFUD,2025-12-02,MMM6,2912.55,2885.95,2920.65,2919.5,260406530.0,12040672.0,415.0,8980,2899.85,0.0,2901.33,0.26,1.0,293,MXI-6.26,MXI,MMM6
RFUD,2025-12-03,MMM6,2919.45,2841.4,2919.45,2865.65,268167527.0,16283593.5,568.0,9358,2865.65,0.0,2866.84,-1.84,2.0,392,MXI-6.26,MXI,MMM6
RFUD,2025-12-04,MMM6,2870.35,2862.9,2907.8,2874.0,273202440.0,12035338.5,418.0,9506,2874.0,0.0,2879.27,0.29,1.0,274,MXI-6.26,MXI,MMM6
RFUD,2025-12-05,MMM6,2874.15,2862.35,2929.15,2920.7,278225882.0,24724518.0,853.0,9526,2920.7,0.0,2898.62,1.62,1.0,476,MXI-6.26,MXI,MMM6
RFUD,2025-12-08,MMM6,2920.7,2912.1,2945.3,2917.0,281247972.0,12658832.5,432.0,9644,2916.3,0.0,2930.43,-0.13,1.0,298,MXI-6.26,MXI,MMM6
RFUD,2025-12-09,MMM6,2918.9,2895.55,2934.95,2915.3,294491184.0,11732521.0,403.0,10104,2914.6,0.0,2911.3,-0.06,1.0,235,MXI-6.26,MXI,MMM6
RFUD,2025-12-10,MMM6,2917.8,2916.65,2950.0,2933.2,296730586.0,10185293.0,347.0,10118,2932.7,0.0,2935.24,0.61,2.0,244,MXI-6.26,MXI,MMM6
RFUD,2025-12-11,MMM6,2935.25,2932.55,2972.15,2958.15,300311388.0,17549064.5,593.0,10152,2958.15,0.0,2959.37,0.85,1.0,388,MXI-6.26,MXI,MMM6
RFUD,2025-12-12,MMM6,2970.0,2934.15,2988.75,2946.4,306996158.0,20294870.0,685.0,10444,2939.45,0.0,2962.73,-0.4,3.0,454,MXI-6.26,MXI,MMM6
RFUD,2025-12-15,MMM6,2938.2,2916.55,2955.2,2945.5,368187500.0,58449392.0,1991.0,12500,2945.5,0.0,2935.62,-0.03,1.0,965,MXI-6.26,MXI,MMM6
RFUD,2025-12-16,MMM6,2941.9,2938.5,2967.35,2958.5,384545830.0,23134883.5,782.0,12998,2958.5,0.0,2958.5,0.44,1.0,431,MXI-6.26,MXI,MMM6
RFUD,2025-12-17,MMM6,2959.25,2924.0,2966.6,2943.0,406127100.0,40532740.5,1377.0,13800,2942.95,0.0,2943.49,-0.52,1.0,924,MXI-6.26,MXI,MMM6
RFUD,2025-12-18,MMM6,2939.6,2930.0,2955.4,2933.75,424396275.0,41125813.0,1398.0,14466,2933.75,0.0,2941.82,-0.31,2.0,852,MXI-6.26,MXI,MMM6
RFUD,2025-12-19,MMM6,2939.25,2896.3,2966.45,2916.6,478055325.0,130485621.5,4449.0,16390,2916.75,0.0,2932.89,-0.58,1.0,2389,MXI-6.26,MXI,MMM6
RFUD,2025-12-22,MMM6,2917.8,2887.0,2933.7,2891.2,536102640.0,107004578.5,3683.0,18540,2891.6,0.0,2905.28,-0.87,1.0,1722,MXI-6.26,MXI,MMM6
RFUD,2025-12-23,MMM6,2892.2,2875.25,2907.05,2895.6,574154141.0,81637829.5,2824.0,19822,2896.55,0.0,2890.99,0.15,1.0,1341,MXI-6.26,MXI,MMM6
RFUD,2025-12-24,MMM6,2900.5,2875.1,2902.2,2885.75,566567326.0,33748991.0,1168.0,19636,2885.35,0.0,2889.47,-0.34,1.0,522,MXI-6.26,MXI,MMM6
RFUD,2025-12-25,MMM6,2882.6,2873.1,2889.6,2877.55,561294903.0,19498505.5,677.0,19506,2877.55,0.0,2880.12,-0.28,1.0,421,MXI-6.26,MXI,MMM6
RFUD,2025-12-26,MMM6,2877.35,2877.3,2918.0,2913.75,576805950.0,58232998.0,2013.0,19796,2913.75,0.0,2892.88,1.26,1.0,898,MXI-6.26,MXI,MMM6
RFUD,2025-12-29,MMM6,2911.25,2890.0,2972.9,2891.65,586124714.0,127551804.0,4337.0,20258,2893.3,0.0,2941.16,-0.76,1.0,1927,MXI-6.26,MXI,MMM6
RFUD,2025-12-30,MMM6,2897.3,2889.0,2937.0,2915.25,596635065.0,58109245.0,2000.0,20466,2915.25,0.0,2905.55,0.82,2.0,935,MXI-6.26,MXI,MMM6
RFUD,2026-01-05,MMM6,2916.0,2871.65,2916.5,2899.8,629231785.0,75937994.5,2628.0,21710,2898.35,0.0,2889.36,-0.53,1.0,1163,MXI-6.26,MXI,MMM6
RFUD,2026-01-06,MMM6,2899.95,2879.0,2908.1,2884.45,644749138.0,45989083.0,1589.0,22346,2885.3,0.0,2894.32,-0.53,2.0,777,MXI-6.26,MXI,MMM6
RFUD,2026-01-08,MMM6,2886.6,2860.0,2895.55,2865.15,609245496.0,76200166.0,2651.0,21264,2865.15,0.0,2874.18,-0.67,13.0,1049,MXI-6.26,MXI,MMM6
RFUD,2026-01-09,MMM6,2864.6,2857.65,2878.1,2866.0,599911120.0,94319230.0,3289.0,20932,2866.0,0.0,2867.74,0.03,2.0,1282,MXI-6.26,MXI,MMM6
RFUD,2026-01-12,MMM6,2865.3,2861.15,2890.0,2865.0,564748800.0,65696476.5,2287.0,19712,2865.0,0.0,2872.67,-0.03,1.0,936,MXI-6.26,MXI,MMM6
RFUD,2026-01-13,MMM6,2865.0,2850.8,2870.95,2852.4,553087920.0,69702378.0,2437.0,19376,2854.5,0.0,2860.13,-0.44,1.0,979,MXI-6.26,MXI,MMM6
RFUD,2026-01-14,MMM6,2854.5,2834.0,2878.4,2862.45,553044660.0,85931074.0,3009.0,19320,2862.55,0.0,2855.75,0.35,2.0,1354,MXI-6.26,MXI,MMM6
RFUD,2026-01-15,MMM6,2858.9,2850.55,2873.05,2860.0,550245780.0,52342175.0,1829.0,19236,2860.5,0.0,2861.79,-0.09,1.0,825,MXI-6.26,MXI,MMM6
RFUD,2026-01-16,MMM6,2859.95,2857.55,2896.75,2893.2,561801576.0,69112808.5,2401.0,19418,2893.2,0.0,2878.8,1.16,18.0,1232,MXI-6.26,MXI,MMM6
RFUD,2026-01-19,MMM6,2892.3,2883.9,2910.45,2901.2,564051304.0,53220185.0,1837.0,19442,2901.2,0.0,2897.16,0.28,1.0,1017,MXI-6.26,MXI,MMM6
RFUD,2026-01-20,MMM6,2901.6,2878.4,2903.65,2889.5,560612661.0,42036565.0,1454.0,19394,2890.65,0.0,2891.06,-0.4,2.0,832,MXI-6.26,MXI,MMM6
RFUD,2026-01-21,MMM6,2889.95,2884.35,2927.8,2920.45,594501820.0,77678212.5,2669.0,20360,2919.95,0.0,2910.91,1.07,10.0,1424,MXI-6.26,MXI,MMM6
RFUD,2026-01-22,MMM6,2920.4,2901.0,2937.15,2912.9,578618456.0,88461330.0,3028.0,19864,2912.9,0.0,2921.42,-0.26,1.0,1519,MXI-6.26,MXI,MMM6
RFUD,2026-01-23,MMM6,2916.7,2907.05,2929.05,2923.8,580374300.0,33228538.0,1138.0,19850,2923.8,0.0,2920.02,0.37,1.0,660,MXI-6.26,MXI,MMM6
RFUD,2026-01-26,MMM6,2924.55,2911.2,2965.25,2915.45,588279501.0,173942742.0,5929.0,20178,2915.45,0.0,2933.94,-0.29,1.0,3187,MXI-6.26,MXI,MMM6
RFUD,2026-01-27,MMM6,2912.5,2904.05,2936.0,2934.3,596495552.0,50963437.5,1746.0,20336,2933.2,0.0,2918.97,0.65,7.0,943,MXI-6.26,MXI,MMM6
RFUD,2026-01-28,MMM6,2935.0,2933.0,2950.5,2936.85,598741632.0,43173650.0,1468.0,20382,2937.6,0.0,2941.22,0.09,3.0,791,MXI-6.26,MXI,MMM6
RFUD,2026-01-29,MMM6,2941.05,2930.3,2989.95,2943.9,576768660.0,186143669.5,6282.0,19588,2944.5,0.0,2963.35,0.24,1.0,2862,MXI-6.26,MXI,MMM6
RFUD,2026-01-30,MMM6,2944.95,2910.55,2970.0,2923.4,576786820.0,105738180.5,3600.0,19730,2923.4,0.0,2937.15,-0.7,1.0,1921,MXI-6.26,MXI,MMM6
RFUD,2026-02-02,MMM6,2924.8,2893.2,2950.0,2911.3,561240414.0,129721253.0,4456.0,19278,2911.3,0.0,2910.8,-0.41,3.0,2133,MXI-6.26,MXI,MMM6
RFUD,2026-02-03,MMM6,2914.7,2914.7,2935.95,2932.65,574662033.0,37900050.0,1295.0,19602,2931.65,0.0,2926.75,0.73,1.0,761,MXI-6.26,MXI,MMM6
RFUD,2026-02-04,MMM6,2931.0,2912.05,2947.2,2913.45,566365072.0,49309513.5,1684.0,19432,2914.6,0.0,2928.11,-0.66,1.0,838,MXI-6.26,MXI,MMM6
RFUD,2026-02-05,MMM6,2912.7,2852.9,2915.15,2866.15,782592664.0,238184971.5,8281.0,27308,2865.8,0.0,2875.87,-1.62,1.0,3495,MXI-6.26,MXI,MMM6
RFUD,2026-02-06,MMM6,2869.3,2862.85,2884.0,2869.45,847837243.0,76949055.5,2680.0,29546,2869.55,0.0,2871.31,0.11,1.0,1062,MXI-6.26,MXI,MMM6
RFUD,2026-02-09,MMM6,2871.1,2846.0,2877.6,2855.7,822354704.0,92131945.5,3219.0,28802,2855.2,0.0,2862.1,-0.48,4.0,1631,MXI-6.26,MXI,MMM6
RFUD,2026-02-10,MMM6,2861.1,2848.0,2875.5,2850.0,911710022.0,122543129.5,4284.0,31996,2849.45,0.0,2860.57,-0.2,1.0,1836,MXI-6.26,MXI,MMM6
RFUD,2026-02-11,MMM6,2847.0,2840.0,2895.95,2892.9,886583720.0,122852187.0,4277.0,30640,2893.55,0.0,2872.94,1.5,1.0,2026,MXI-6.26,MXI,MMM6
RFUD,2026-02-12,MMM6,2893.95,2879.0,2904.95,2899.5,886947444.0,51831225.5,1792.0,30596,2898.9,0.0,2892.23,0.23,1.0,854,MXI-6.26,MXI,MMM6
RFUD,2026-02-13,MMM6,2897.6,2873.4,2909.8,2905.0,870904010.0,163789513.0,5662.0,29980,2904.95,0.0,2892.31,0.19,2.0,2767,MXI-6.26,MXI,MMM6
RFUD,2026-02-16,MMM6,2905.0,2901.0,2919.45,2907.7,874391460.0,73378509.5,2520.0,30084,2906.5,0.0,2911.85,0.09,1.0,1216,MXI-6.26,MXI,MMM6
RFUD,2026-02-17,MMM6,2906.35,2881.75,2915.95,2891.7,863114616.0,126813922.0,4378.0,29848,2891.7,0.0,2895.98,-0.55,1.0,1739,MXI-6.26,MXI,MMM6
RFUD,2026-02-18,MMM6,2891.7,2883.0,2906.4,2905.25,929780208.0,117627452.0,4061.0,32004,2905.2,0.0,2896.66,0.47,3.0,1718,MXI-6.26,MXI,MMM6
RFUD,2026-02-19,MMM6,2904.5,2893.0,2915.8,2894.0,930015840.0,66848290.0,2301.0,32136,2894.0,0.0,2905.19,-0.39,1.0,1051,MXI-6.26,MXI,MMM6
RFUD,2026-02-20,MMM6,2894.45,2889.05,2905.7,2899.55,941107475.0,72315894.5,2494.0,32438,2901.25,0.0,2899.72,0.19,1.0,1063,MXI-6.26,MXI,MMM6
RFUD,2026-02-24,MMM6,2902.9,2894.05,2926.3,2894.65,935010951.0,173240319.0,5955.0,32298,2894.95,0.0,2909.22,-0.17,1.0,2636,MXI-6.26,MXI,MMM6
RFUD,2026-02-25,MMM6,2894.65,2893.9,2915.0,2911.9,936991182.0,79925989.0,2753.0,32178,2911.9,0.0,2903.26,0.6,2.0,1378,MXI-6.26,MXI,MMM6
RFUD,2026-02-26,MMM6,2911.55,2896.0,2915.65,2897.85,940023171.0,67081033.5,2307.0,32442,2897.55,0.0,2907.69,-0.48,1.0,1160,MXI-6.26,MXI,MMM6
RFUD,2026-02-27,MMM6,2897.2,2893.45,2914.9,2914.35,931101972.0,64628620.5,2225.0,31956,2913.7,0.0,2904.68,0.57,1.0,1048,MXI-6.26,MXI,MMM6
RFUD,2026-03-02,MMM6,2911.45,2909.45,2957.9,2940.0,910174433.0,472708051.5,16098.0,30962,2939.65,0.0,2936.73,0.88,1.0,7299,MXI-6.26,MXI,MMM6
RFUD,2026-03-03,MMM6,2936.0,2925.05,2965.1,2926.7,845566204.0,246968172.5,8392.0,28888,2927.05,0.0,2942.94,-0.45,2.0,3453,MXI-6.26,MXI,MMM6
RFUD,2026-03-04,MMM6,2928.6,2908.8,2945.15,2911.75,1010358668.0,238865137.5,8164.0,34694,2912.2,0.0,2925.81,-0.51,1.0,4000,MXI-6.26,MXI,MMM6
RFUD,2026-03-05,MMM6,2914.55,2909.8,2935.5,2927.7,1058129334.0,100848097.5,3452.0,36142,2927.7,0.0,2921.49,0.55,1.0,1727,MXI-6.26,MXI,MMM6
RFUD,2026-03-06,MMM6,2927.7,2924.0,2954.9,2948.05,1097137061.0,224831836.0,7652.0,37222,2947.55,0.0,2938.23,0.69,1.0,3590,MXI-6.26,MXI,MMM6
RFUD,2026-03-09,MMM6,2949.6,2945.3,3002.0,2980.05,1160285516.0,478155473.5,16032.0,38924,2980.9,0.0,2983.2,1.08,2.0,5875,MXI-6.26,MXI,MMM6
RFUD,2026-03-10,MMM6,2985.35,2943.4,2988.8,2945.75,1403431421.0,535182736.0,18026.0,47662,2944.55,0.0,2968.85,-1.15,1.0,7223,MXI-6.26,MXI,MMM6
RFUD,2026-03-11,MMM6,2947.2,2936.4,2963.8,2944.3,1744553180.0,465212493.5,15763.0,59270,2943.4,0.0,2951.31,-0.05,1.0,6722,MXI-6.26,MXI,MMM6
RFUD,2026-03-12,MMM6,2944.9,2943.4,2966.3,2954.5,2391727600.0,789223067.0,26685.0,80900,2956.4,0.0,2957.58,0.35,5.0,13850,MXI-6.26,MXI,MMM6
RFUD,2026-03-13,MMM6,2956.85,2952.25,2976.6,2955.1,2610268388.0,709783765.0,23937.0,88322,2955.4,0.0,2965.22,0.02,1.0,11210,MXI-6.26,MXI,MMM6
RFUD,2026-03-16,MMM6,2956.9,2938.1,2975.2,2939.45,3227539814.0,1509968393.0,51098.0,109756,2940.65,0.0,2954.99,-0.53,16.0,20101,MXI-6.26,MXI,MMM6
RFUD,2026-03-17,MMM6,2944.95,2934.6,2954.0,2940.6,3586935152.0,1324354343.5,44993.0,121988,2940.4,0.0,2943.53,0.04,3.0,16033,MXI-6.26,MXI,MMM6
RFUD,2026-03-18,MMM6,2940.6,2935.15,2968.0,2964.05,4738408899.0,2184037552.0,73934.0,159922,2962.95,0.0,2954.05,0.8,2.0,31005,MXI-6.26,MXI,MMM6
RFUD,2026-03-19,MMM6,2964.75,2944.0,2978.4,2949.15,5333246745.0,3907670292.0,131857.0,180834,2949.25,0.0,2963.57,-0.5,16.0,34951,MXI-6.26,MXI,MMM6
RFUD,2026-03-20,MMM6,2948.9,2933.55,2962.45,2939.25,6310008480.0,4907228053.0,166369.0,214860,2936.8,0.0,2949.6,-0.34,1.0,36018,MXI-6.26,MXI,MMM6
RFUD,2026-03-23,MMM6,2938.9,2878.0,2948.8,2892.2,6993534213.0,8140771827.0,279764.0,240986,2902.05,0.0,2909.87,-1.6,4.0,54967,MXI-6.26,MXI,MMM6
RFUD,2026-03-24,MMM6,2892.2,2892.05,2911.9,2895.95,7030079370.0,3850869222.5,132707.0,241812,2907.25,0.0,2901.78,0.13,2.0,27915,MXI-6.26,MXI,MMM6
RFUD,2026-03-25,MMM6,2901.0,2895.0,2909.4,2902.65,7570720336.0,2326525635.5,80127.0,260368,2907.7,0.0,2903.54,0.23,23.0,15758,MXI-6.26,MXI,MMM6
RFUD,2026-03-26,MMM6,2908.9,2869.6,2919.85,2883.7,7363890534.0,4173872422.5,144426.0,255398,2883.3,0.0,2889.97,-0.65,1.0,27839,MXI-6.26,MXI,MMM6
RFUD,2026-03-27,MMM6,2877.7,2834.8,2890.0,2847.9,7646331488.0,5422463535.5,189779.0,268934,2843.2,0.0,2857.25,-1.24,10.0,37339,MXI-6.26,MXI,MMM6
RFUD,2026-03-30,MMM6,2848.3,2828.85,2870.85,2861.4,7620062288.0,6125278389.0,214750.0,266324,2861.2,0.0,2852.29,0.47,1.0,43738,MXI-6.26,MXI,MMM6
RFUD,2026-03-31,MMM6,2859.5,2819.45,2859.65,2830.0,7762706120.0,5459124341.5,192538.0,274480,2828.15,0.0,2835.34,-1.1,16.0,41880,MXI-6.26,MXI,MMM6
RFUD,2026-04-01,MMM6,2825.9,2818.9,2844.05,2839.55,8201584911.0,4288943400.5,151464.0,289466,2833.35,0.0,2831.66,0.34,1.0,30891,MXI-6.26,MXI,MMM6
RFUD,2026-04-02,MMM6,2832.0,2820.0,2843.95,2827.1,9464311296.0,3826807747.5,135067.0,334848,2826.45,0.0,2833.27,-0.44,1.0,24103,MXI-6.26,MXI,MMM6
RFUD,2026-04-03,MMM6,2832.0,2800.0,2839.0,2807.75,11051444644.0,5044087058.5,179283.0,393598,2807.8,0.0,2813.47,-0.68,1.0,31450,MXI-6.26,MXI,MMM6
RFUD,2026-04-06,MMM6,2808.8,2793.8,2840.2,2834.1,11158743052.0,6155242286.5,218626.0,393662,2834.6,0.0,2815.42,0.94,4.0,42813,MXI-6.26,MXI,MMM6
RFUD,2026-04-07,MMM6,2838.0,2826.4,2853.5,2833.0,10849819605.0,4532938951.5,159572.0,381398,2844.75,0.0,2840.69,-0.04,10.0,35989,MXI-6.26,MXI,MMM6
RFUD,2026-04-08,MMM6,2825.5,2803.0,2825.8,2810.1,10914957712.0,4024909950.0,143047.0,388184,2811.8,0.0,2813.68,-0.81,1.0,34030,MXI-6.26,MXI,MMM6
RFUD,2026-04-09,MMM6,2814.9,2775.25,2815.95,2783.3,11599657822.0,4843203790.0,173509.0,417652,2777.35,0.0,2791.31,-0.95,1.0,40301,MXI-6.26,MXI,MMM6
RFUD,2026-04-10,MMM6,2789.0,2755.7,2789.0,2757.3,11614947052.0,4011673830.0,144630.0,420116,2764.7,0.0,2773.75,-0.93,4.0,30867,MXI-6.26,MXI,MMM6
RFUD,2026-04-13,MMM6,2758.25,2747.2,2791.6,2756.0,11446088222.0,5344097023.5,193180.0,414796,2759.45,0.0,2766.38,-0.05,3.0,45309,MXI-6.26,MXI,MMM6
RFUD,2026-04-14,MMM6,2760.0,2739.0,2772.0,2752.95,11743981206.0,4455184713.5,161514.0,424668,2765.45,0.0,2758.39,-0.11,2.0,35797,MXI-6.26,MXI,MMM6
RFUD,2026-04-15,MMM6,2760.4,2745.05,2789.5,2785.0,11644279255.0,5313307106.5,191932.0,418430,2782.85,0.0,2768.33,1.16,93.0,41672,MXI-6.26,MXI,MMM6
RFUD,2026-04-16,MMM6,2793.0,2771.0,2802.4,2774.25,11600798704.0,4861050406.5,174413.0,417836,2776.4,0.0,2787.09,-0.39,8.0,41558,MXI-6.26,MXI,MMM6
RFUD,2026-04-17,MMM6,2778.0,2745.2,2792.4,2756.75,12039790539.0,5658282179.0,204630.0,437262,2753.45,0.0,2765.13,-0.63,3.0,49916,MXI-6.26,MXI,MMM6
RFUD,2026-04-20,MMM6,2759.5,2755.4,2790.45,2785.2,12064788552.0,5339472257.0,192759.0,432802,2787.6,0.0,2770.04,1.03,1.0,42066,MXI-6.26,MXI,MMM6
RFUD,2026-04-21,MMM6,2780.85,2767.0,2795.9,2786.05,11672969400.0,4341949577.0,156030.0,418386,2790.0,0.0,2782.76,0.03,11.0,38565,MXI-6.26,MXI,MMM6
RFUD,2026-04-22,MMM6,2786.0,2780.35,2803.7,2801.4,12001703656.0,3295976100.0,118036.0,428908,2798.2,0.0,2792.35,0.55,1.0,30823,MXI-6.26,MXI,MMM6
RFUD,2026-04-23,MMM6,2802.0,2791.2,2809.0,2798.3,11543714630.0,3189009927.5,113884.0,411614,2804.5,0.0,2800.23,-0.11,2.0,29239,MXI-6.26,MXI,MMM6
RFUD,2026-04-24,MMM6,2799.0,2755.0,2805.2,2765.0,11874949522.0,5998766672.0,215878.0,430244,2760.05,0.0,2778.77,-1.19,2.0,50776,MXI-6.26,MXI,MMM6
RFUD,2026-04-27,MMM6,2768.2,2748.05,2773.5,2759.4,11652039294.0,4075694143.0,147503.0,421572,2763.95,0.0,2763.13,-0.2,1.0,35743,MXI-6.26,MXI,MMM6
RFUD,2026-04-28,MMM6,2759.4,2723.65,2765.0,2727.7,12327394671.0,4492082221.0,163935.0,451826,2728.35,0.0,2740.16,-1.15,2.0,40253,MXI-6.26,MXI,MMM6
RFUD,2026-04-29,MMM6,2730.0,2655.1,2734.35,2687.6,13420334824.0,7703521462.0,286169.0,504088,2662.3,0.0,2691.93,-1.47,1.0,71954,MXI-6.26,MXI,MMM6
RFUD,2026-04-30,MMM6,2688.9,2663.3,2697.8,2688.6,12451760234.0,4815017058.5,179507.0,464774,2679.1,0.0,2682.36,0.04,2.0,52682,MXI-6.26,MXI,MMM6
RFUD,2026-05-04,MMM6,2688.6,2642.45,2696.9,2662.05,12457915155.0,6233118476.0,233593.0,468510,2659.05,0.0,2668.36,-0.99,6.0,65668,MXI-6.26,MXI,MMM6
RFUD,2026-05-05,MMM6,2662.05,2626.75,2692.7,2677.6,11841163362.0,6375217400.5,239547.0,441612,2681.35,0.0,2661.36,0.58,3.0,60834,MXI-6.26,MXI,MMM6
RFUD,2026-05-06,MMM6,2674.15,2645.65,2685.85,2658.6,12094933581.0,5739616562.0,215364.0,452714,2671.65,0.0,2665.07,-0.71,3.0,62456,MXI-6.26,MXI,MMM6
RFUD,2026-05-07,MMM6,2655.35,2640.0,2669.95,2644.0,12174611460.0,2333884520.5,87944.0,459246,2651.0,0.0,2653.83,-0.55,2.0,26998,MXI-6.26,MXI,MMM6
RFUD,2026-05-08,MMM6,2643.0,2628.35,2673.0,2663.15,11814671050.0,3035258168.5,114628.0,448630,2633.5,0.0,2647.92,0.72,2.0,36088,MXI-6.26,MXI,MMM6
RFUD,2026-05-11,MMM6,2675.0,2671.45,2698.9,2694.6,11609601228.0,3003500560.0,111803.0,431688,2689.35,0.0,2686.43,1.18,2.0,35196,MXI-6.26,MXI,MMM6
RFUD,2026-05-12,MMM6,2690.0,2683.5,2735.95,2729.25,11180824030.0,5326576007.5,196118.0,410170,2725.9,0.0,2716.01,1.29,10.0,50294,MXI-6.26,MXI,MMM6
RFUD,2026-05-13,MMM6,2730.0,2713.2,2733.65,2723.45,10890415390.0,2982271926.0,109575.0,399260,2727.65,0.0,2721.67,-0.21,2.0,29443,MXI-6.26,MXI,MMM6
RFUD,2026-05-14,MMM6,2723.95,2678.2,2724.2,2679.0,11040067104.0,4027466835.0,148946.0,410992,2686.2,0.0,2703.97,-1.63,1.0,40531,MXI-6.26,MXI,MMM6
RFUD,2026-05-15,MMM6,2679.0,2653.5,2693.85,2664.05,10804339344.0,3306462623.0,123641.0,405934,2661.6,0.0,2674.24,-0.56,6.0,36842,MXI-6.26,MXI,MMM6
RFUD,2026-05-18,MMM6,2664.05,2644.75,2706.25,2699.7,10805826456.0,5064537725.0,189389.0,400038,2701.2,0.0,2674.15,1.34,2.0,44972,MXI-6.26,MXI,MMM6
RFUD,2026-05-19,MMM6,2702.7,2684.0,2704.05,2694.0,10794534635.0,2900528804.5,107660.0,400874,2692.75,0.0,2694.16,-0.21,6.0,26113,MXI-6.26,MXI,MMM6
RFUD,2026-05-20,MMM6,2697.15,2654.05,2697.15,2655.6,10638456093.0,3550218727.5,132974.0,399274,2664.45,0.0,2669.86,-1.43,3.0,37282,MXI-6.26,MXI,MMM6
RFUD,2026-05-21,MMM6,2660.0,2635.05,2699.35,2675.85,10761280749.0,5473950411.5,205128.0,399298,2695.05,0.0,2668.55,0.76,2.0,56554,MXI-6.26,MXI,MMM6
RFUD,2026-05-22,MMM6,2677.0,2640.25,2705.9,2650.1,10473599220.0,5161694197.0,193077.0,395880,2645.65,0.0,2673.37,-0.96,2.0,53561,MXI-6.26,MXI,MMM6
RFUD,2026-05-25,MMM6,2652.2,2600.0,2660.0,2619.7,10541147616.0,6438889948.5,244817.0,402672,2617.8,0.0,2630.07,-1.15,5.0,65472,MXI-6.26,MXI,MMM6
RFUD,2026-05-26,MMM6,2621.0,2582.1,2623.9,2594.5,10180808484.0,6019898042.5,231090.0,390698,2605.8,0.0,2605.0,-0.96,11.0,58331,MXI-6.26,MXI,MMM6
RFUD,2026-05-27,MMM6,2594.5,2580.7,2618.05,2611.7,10278610755.0,4819142298.5,185145.0,393402,2612.75,0.0,2602.9,0.66,1.0,46276,MXI-6.26,MXI,MMM6
RFUD,2024-03-15,MMM7,,,,,0.0,,,0,4276.85,0.0,,,,0,MXI-6.27,MXI,MMM7
RFUD,2024-03-18,MMM7,,,,,0.0,,,0,4281.5,0.0,,,,0,MXI-6.27,MXI,MMM7
RFUD,2024-03-19,MMM7,,,,,0.0,,,0,4284.85,0.0,,,,0,MXI-6.27,MXI,MMM7
RFUD,2024-03-20,MMM7,,,,,0.0,,,0,4279.0,0.0,,,,0,MXI-6.27,MXI,MMM7
RFUD,2024-03-21,MMM7,,,,,0.0,,,0,4273.65,0.0,,,,0,MXI-6.27,MXI,MMM7
RFUD,2024-03-22,MMM7,,,,,0.0,,,0,4271.65,0.0,,,,0,MXI-6.27,MXI,MMM7
RFUD,2024-03-25,MMM7,,,,,0.0,,,0,4269.55,0.0,,,,0,MXI-6.27,MXI,MMM7
RFUD,2024-03-26,MMM7,,,,,0.0,,,0,4253.75,0.0,,,,0,MXI-6.27,MXI,MMM7
RFUD,2024-03-27,MMM7,,,,,0.0,,,0,4263.05,0.0,,,,0,MXI-6.27,MXI,MMM7
RFUD,2024-03-28,MMM7,,,,,0.0,,,0,4265.1,0.0,,,,0,MXI-6.27,MXI,MMM7
RFUD,2024-03-29,MMM7,,,,,0.0,,,0,4260.3,0.0,,,,0,MXI-6.27,MXI,MMM7
RFUD,2024-04-01,MMM7,,,,,0.0,,,0,4253.25,0.0,,,,0,MXI-6.27,MXI,MMM7
RFUD,2024-04-02,MMM7,,,,,0.0,,,0,4251.3,0.0,,,,0,MXI-6.27,MXI,MMM7
RFUD,2024-04-03,MMM7,,,,,0.0,,,0,4249.1,0.0,,,,0,MXI-6.27,MXI,MMM7
RFUD,2024-04-04,MMM7,,,,,0.0,,,0,4192.6,0.0,,,,0,MXI-6.27,MXI,MMM7
RFUD,2024-04-05,MMM7,,,,,0.0,,,0,4194.0,0.0,,,,0,MXI-6.27,MXI,MMM7
RFUD,2024-04-08,MMM7,,,,,0.0,,,0,4223.7,0.0,,,,0,MXI-6.27,MXI,MMM7
RFUD,2024-04-09,MMM7,,,,,0.0,,,0,4092.55,0.0,,,,0,MXI-6.27,MXI,MMM7
RFUD,2024-04-10,MMM7,,,,,0.0,,,0,4323.1,0.0,,,,0,MXI-6.27,MXI,MMM7
RFUD,2024-04-11,MMM7,,,,,0.0,,,0,4325.95,0.0,,,,0,MXI-6.27,MXI,MMM7
RFUD,2024-04-12,MMM7,,,,,0.0,,,0,4321.95,0.0,,,,0,MXI-6.27,MXI,MMM7
RFUD,2024-04-15,MMM7,,,,,0.0,,,0,4179.55,0.0,,,,0,MXI-6.27,MXI,MMM7
RFUD,2024-04-16,MMM7,,,,,0.0,,,0,4137.3,0.0,,,,0,MXI-6.27,MXI,MMM7
RFUD,2024-04-17,MMM7,,,,,0.0,,,0,4125.45,0.0,,,,0,MXI-6.27,MXI,MMM7
RFUD,2024-04-18,MMM7,,,,,0.0,,,0,4133.9,0.0,,,,0,MXI-6.27,MXI,MMM7
RFUD,2024-04-19,MMM7,,,,,0.0,,,0,4124.95,0.0,,,,0,MXI-6.27,MXI,MMM7
RFUD,2024-04-22,MMM7,,,,,0.0,,,0,4115.45,0.0,,,,0,MXI-6.27,MXI,MMM7
RFUD,2024-04-23,MMM7,,,,,0.0,,,0,4087.9,0.0,,,,0,MXI-6.27,MXI,MMM7
RFUD,2024-04-24,MMM7,,,,,0.0,,,0,4114.5,0.0,,,,0,MXI-6.27,MXI,MMM7
RFUD,2024-04-25,MMM7,,,,,0.0,,,0,4111.2,0.0,,,,0,MXI-6.27,MXI,MMM7
RFUD,2024-04-26,MMM7,,,,,0.0,,,0,4103.75,0.0,,,,0,MXI-6.27,MXI,MMM7
RFUD,2024-04-27,MMM7,,,,,0.0,,,0,4101.45,0.0,,,,0,MXI-6.27,MXI,MMM7
RFUD,2024-04-29,MMM7,,,,,0.0,,,0,4097.0,0.0,,,,0,MXI-6.27,MXI,MMM7
RFUD,2024-04-30,MMM7,,,,,0.0,,,0,4098.05,0.0,,,,0,MXI-6.27,MXI,MMM7
RFUD,2024-05-02,MMM7,,,,,0.0,,,0,4073.1,0.0,,,,0,MXI-6.27,MXI,MMM7
RFUD,2024-05-03,MMM7,,,,,0.0,,,0,4073.7,0.0,,,,0,MXI-6.27,MXI,MMM7
RFUD,2024-05-06,MMM7,,,,,0.0,,,0,4062.55,0.0,,,,0,MXI-6.27,MXI,MMM7
RFUD,2024-05-07,MMM7,,,,,0.0,,,0,4110.45,0.0,,,,0,MXI-6.27,MXI,MMM7
RFUD,2024-05-08,MMM7,,,,,0.0,,,0,4117.0,0.0,,,,0,MXI-6.27,MXI,MMM7
RFUD,2024-05-10,MMM7,,,,,0.0,,,0,4123.05,0.0,,,,0,MXI-6.27,MXI,MMM7
RFUD,2024-05-13,MMM7,,,,,0.0,,,0,4186.9,0.0,,,,0,MXI-6.27,MXI,MMM7
RFUD,2024-05-14,MMM7,,,,,0.0,,,0,4525.4,0.0,,,,0,MXI-6.27,MXI,MMM7
RFUD,2024-05-15,MMM7,,,,,0.0,,,0,4301.9,0.0,,,,0,MXI-6.27,MXI,MMM7
RFUD,2024-05-16,MMM7,,,,,0.0,,,0,4280.15,0.0,,,,0,MXI-6.27,MXI,MMM7
RFUD,2024-05-17,MMM7,,,,,0.0,,,0,4278.05,0.0,,,,0,MXI-6.27,MXI,MMM7
RFUD,2024-05-20,MMM7,,,,,0.0,,,0,4272.6,0.0,,,,0,MXI-6.27,MXI,MMM7
RFUD,2024-05-21,MMM7,,,,,0.0,,,0,4285.65,0.0,,,,0,MXI-6.27,MXI,MMM7
RFUD,2024-05-22,MMM7,,,,,0.0,,,0,4290.55,0.0,,,,0,MXI-6.27,MXI,MMM7
RFUD,2024-05-23,MMM7,,,,,0.0,,,0,4297.55,0.0,,,,0,MXI-6.27,MXI,MMM7
RFUD,2024-05-24,MMM7,,,,,0.0,,,0,4309.1,0.0,,,,0,MXI-6.27,MXI,MMM7
RFUD,2024-05-27,MMM7,,,,,0.0,,,0,4358.5,0.0,,,,0,MXI-6.27,MXI,MMM7
RFUD,2024-05-28,MMM7,,,,,0.0,,,0,4362.85,0.0,,,,0,MXI-6.27,MXI,MMM7
RFUD,2024-05-29,MMM7,,,,,0.0,,,0,4406.5,0.0,,,,0,MXI-6.27,MXI,MMM7
RFUD,2024-05-30,MMM7,,,,,0.0,,,0,3964.5,0.0,,,,0,MXI-6.27,MXI,MMM7
RFUD,2024-05-31,MMM7,,,,,0.0,,,0,4016.95,0.0,,,,0,MXI-6.27,MXI,MMM7
RFUD,2024-06-03,MMM7,,,,,0.0,,,0,3811.4,0.0,,,,0,MXI-6.27,MXI,MMM7
RFUD,2024-06-04,MMM7,,,,,0.0,,,0,3772.15,0.0,,,,0,MXI-6.27,MXI,MMM7
RFUD,2024-06-05,MMM7,,,,,0.0,,,0,3769.95,0.0,,,,0,MXI-6.27,MXI,MMM7
RFUD,2024-06-06,MMM7,,,,,0.0,,,0,3771.9,0.0,,,,0,MXI-6.27,MXI,MMM7
RFUD,2024-06-07,MMM7,,,,,0.0,,,0,3776.7,0.0,,,,0,MXI-6.27,MXI,MMM7
RFUD,2024-06-10,MMM7,4233.6,4233.6,4308.1,4308.1,168324.0,85417.0,2.0,4,4208.1,0.0,4270.85,,1.0,2,MXI-6.27,MXI,MMM7
RFUD,2024-06-11,MMM7,,,,,170616.0,,,4,4265.4,0.0,,,,0,MXI-6.27,MXI,MMM7
RFUD,2024-06-13,MMM7,,,,,171128.0,,,4,4278.2,0.0,,,,0,MXI-6.27,MXI,MMM7
RFUD,2024-06-14,MMM7,3954.1,3954.1,3954.1,3954.1,239775.0,39541.0,1.0,6,3996.25,0.0,3954.1,,1.0,1,MXI-6.27,MXI,MMM7
RFUD,2024-06-17,MMM7,,,,,239292.0,,,6,3988.2,0.0,,,,0,MXI-6.27,MXI,MMM7
RFUD,2024-06-18,MMM7,,,,,239532.0,,,6,3992.2,0.0,,,,0,MXI-6.27,MXI,MMM7
RFUD,2024-06-19,MMM7,3963.8,3963.8,4000.0,4000.0,558992.0,199194.5,5.0,14,3992.8,0.0,3983.89,,1.0,5,MXI-6.27,MXI,MMM7
RFUD,2024-06-20,MMM7,,,,,553742.0,,,14,3955.3,0.0,,,,0,MXI-6.27,MXI,MMM7
RFUD,2024-06-21,MMM7,,,,,564326.0,,,14,4030.9,0.0,,,,0,MXI-6.27,MXI,MMM7
RFUD,2024-06-24,MMM7,,,,,557424.0,,,14,3981.6,0.0,,,,0,MXI-6.27,MXI,MMM7
RFUD,2024-06-25,MMM7,,,,,563206.0,,,14,4022.9,0.0,,,,0,MXI-6.27,MXI,MMM7
RFUD,2024-06-26,MMM7,,,,,556199.0,,,14,3972.85,0.0,,,,0,MXI-6.27,MXI,MMM7
RFUD,2024-06-27,MMM7,,,,,553140.0,,,14,3951.0,0.0,,,,0,MXI-6.27,MXI,MMM7
RFUD,2024-06-28,MMM7,,,,,554911.0,,,14,3963.65,0.0,,,,0,MXI-6.27,MXI,MMM7
RFUD,2024-07-01,MMM7,,,,,558943.0,,,14,3992.45,0.0,,,,0,MXI-6.27,MXI,MMM7
RFUD,2024-07-02,MMM7,,,,,549906.0,,,14,3927.9,0.0,,,,0,MXI-6.27,MXI,MMM7
RFUD,2024-07-03,MMM7,,,,,551789.0,,,14,3941.35,0.0,,,,0,MXI-6.27,MXI,MMM7
RFUD,2024-07-04,MMM7,,,,,548464.0,,,14,3917.6,0.0,,,,0,MXI-6.27,MXI,MMM7
RFUD,2024-07-05,MMM7,,,,,569023.0,,,14,4064.45,0.0,,,,0,MXI-6.27,MXI,MMM7
RFUD,2024-07-08,MMM7,,,,,548261.0,,,14,3916.15,0.0,,,,0,MXI-6.27,MXI,MMM7
RFUD,2024-07-09,MMM7,,,,,554218.0,,,14,3958.7,0.0,,,,0,MXI-6.27,MXI,MMM7
RFUD,2024-07-10,MMM7,,,,,547722.0,,,14,3912.3,0.0,,,,0,MXI-6.27,MXI,MMM7
RFUD,2024-07-11,MMM7,3529.6,3529.6,4231.25,3674.0,520359.0,1045650.0,27.0,14,3716.85,0.0,3872.78,,1.0,5,MXI-6.27,MXI,MMM7
RFUD,2024-07-12,MMM7,,,,,514367.0,,,14,3674.05,0.0,,,,0,MXI-6.27,MXI,MMM7
RFUD,2024-07-15,MMM7,,,,,514374.0,,,14,3674.1,0.0,,,,0,MXI-6.27,MXI,MMM7
RFUD,2024-07-16,MMM7,,,,,540260.0,,,14,3859.0,0.0,,,,0,MXI-6.27,MXI,MMM7
RFUD,2024-07-17,MMM7,,,,,509194.0,,,14,3637.1,0.0,,,,0,MXI-6.27,MXI,MMM7
RFUD,2024-07-18,MMM7,,,,,511007.0,,,14,3650.05,0.0,,,,0,MXI-6.27,MXI,MMM7
RFUD,2024-07-19,MMM7,,,,,514927.0,,,14,3678.05,0.0,,,,0,MXI-6.27,MXI,MMM7
RFUD,2024-07-22,MMM7,,,,,516404.0,,,14,3688.6,0.0,,,,0,MXI-6.27,MXI,MMM7
RFUD,2024-07-23,MMM7,,,,,533421.0,,,14,3810.15,0.0,,,,0,MXI-6.27,MXI,MMM7
RFUD,2024-07-24,MMM7,3892.35,3807.0,3934.0,3807.0,678060.0,233150.5,6.0,18,3767.0,0.0,3885.84,,1.0,6,MXI-6.27,MXI,MMM7
RFUD,2024-07-25,MMM7,3947.0,3947.0,3947.0,3947.0,679869.0,39470.0,1.0,18,3777.05,0.0,3947.0,3.68,1.0,1,MXI-6.27,MXI,MMM7
RFUD,2024-07-26,MMM7,3777.05,3717.0,3777.05,3717.0,594768.0,74940.5,2.0,16,3717.3,0.0,3747.03,-5.83,1.0,2,MXI-6.27,MXI,MMM7
RFUD,2024-07-29,MMM7,3871.65,3871.65,3871.65,3871.65,652860.0,38716.5,1.0,18,3627.0,0.0,3871.65,4.16,1.0,1,MXI-6.27,MXI,MMM7
RFUD,2024-07-30,MMM7,3876.0,3627.0,3877.0,3838.75,523628.0,226325.0,6.0,14,3740.2,0.0,3772.08,-0.85,1.0,6,MXI-6.27,MXI,MMM7
RFUD,2024-07-31,MMM7,,,,,525777.0,,,14,3755.55,0.0,,,,0,MXI-6.27,MXI,MMM7
RFUD,2024-08-01,MMM7,,,,,517300.0,,,14,3695.0,0.0,,,,0,MXI-6.27,MXI,MMM7
RFUD,2024-08-02,MMM7,3717.85,3717.85,3717.85,3717.85,458334.0,37178.5,1.0,12,3819.45,0.0,3717.85,,1.0,1,MXI-6.27,MXI,MMM7
RFUD,2024-08-05,MMM7,,,,,458190.0,,,12,3818.25,0.0,,,,0,MXI-6.27,MXI,MMM7
RFUD,2024-08-06,MMM7,,,,,443238.0,,,12,3693.65,0.0,,,,0,MXI-6.27,MXI,MMM7
RFUD,2024-08-07,MMM7,,,,,460836.0,,,12,3840.3,0.0,,,,0,MXI-6.27,MXI,MMM7
RFUD,2024-08-08,MMM7,,,,,448242.0,,,12,3735.35,0.0,,,,0,MXI-6.27,MXI,MMM7
RFUD,2024-08-09,MMM7,,,,,447798.0,,,12,3731.65,0.0,,,,0,MXI-6.27,MXI,MMM7
RFUD,2024-08-12,MMM7,,,,,458892.0,,,12,3824.1,0.0,,,,0,MXI-6.27,MXI,MMM7
RFUD,2024-08-13,MMM7,,,,,460554.0,,,12,3837.95,0.0,,,,0,MXI-6.27,MXI,MMM7
RFUD,2024-08-14,MMM7,,,,,460032.0,,,12,3833.6,0.0,,,,0,MXI-6.27,MXI,MMM7
RFUD,2024-08-15,MMM7,,,,,461142.0,,,12,3842.85,0.0,,,,0,MXI-6.27,MXI,MMM7
RFUD,2024-08-16,MMM7,,,,,460896.0,,,12,3840.8,0.0,,,,0,MXI-6.27,MXI,MMM7
RFUD,2024-08-19,MMM7,,,,,456954.0,,,12,3807.95,0.0,,,,0,MXI-6.27,MXI,MMM7
RFUD,2024-08-20,MMM7,,,,,453174.0,,,12,3776.45,0.0,,,,0,MXI-6.27,MXI,MMM7
RFUD,2024-08-21,MMM7,3711.6,3711.6,3711.6,3711.6,296928.0,74232.0,2.0,8,3711.6,0.0,3711.6,,1.0,2,MXI-6.27,MXI,MMM7
RFUD,2024-08-22,MMM7,,,,,297776.0,,,8,3722.2,0.0,,,,0,MXI-6.27,MXI,MMM7
RFUD,2024-08-23,MMM7,,,,,295032.0,,,8,3687.9,0.0,,,,0,MXI-6.27,MXI,MMM7
RFUD,2024-08-26,MMM7,,,,,304080.0,,,8,3801.0,0.0,,,,0,MXI-6.27,MXI,MMM7
RFUD,2024-08-27,MMM7,,,,,284016.0,,,8,3550.2,0.0,,,,0,MXI-6.27,MXI,MMM7
RFUD,2024-08-28,MMM7,,,,,302156.0,,,8,3776.95,0.0,,,,0,MXI-6.27,MXI,MMM7
RFUD,2024-08-29,MMM7,,,,,279404.0,,,8,3492.55,0.0,,,,0,MXI-6.27,MXI,MMM7
RFUD,2024-08-30,MMM7,,,,,289752.0,,,8,3621.9,0.0,,,,0,MXI-6.27,MXI,MMM7
RFUD,2024-09-02,MMM7,,,,,299416.0,,,8,3742.7,0.0,,,,0,MXI-6.27,MXI,MMM7
RFUD,2024-09-03,MMM7,,,,,299320.0,,,8,3741.5,0.0,,,,0,MXI-6.27,MXI,MMM7
RFUD,2024-09-04,MMM7,,,,,306820.0,,,8,3835.25,0.0,,,,0,MXI-6.27,MXI,MMM7
RFUD,2024-09-05,MMM7,,,,,294840.0,,,8,3685.5,0.0,,,,0,MXI-6.27,MXI,MMM7
RFUD,2024-09-06,MMM7,,,,,290572.0,,,8,3632.15,0.0,,,,0,MXI-6.27,MXI,MMM7
RFUD,2024-09-09,MMM7,,,,,293484.0,,,8,3668.55,0.0,,,,0,MXI-6.27,MXI,MMM7
RFUD,2024-09-10,MMM7,,,,,290320.0,,,8,3629.0,0.0,,,,0,MXI-6.27,MXI,MMM7
RFUD,2024-09-11,MMM7,,,,,294024.0,,,8,3675.3,0.0,,,,0,MXI-6.27,MXI,MMM7
RFUD,2024-09-12,MMM7,,,,,293664.0,,,8,3670.8,0.0,,,,0,MXI-6.27,MXI,MMM7
RFUD,2024-09-13,MMM7,,,,,301228.0,,,8,3765.35,0.0,,,,0,MXI-6.27,MXI,MMM7
RFUD,2024-09-16,MMM7,,,,,283580.0,,,8,3544.75,0.0,,,,0,MXI-6.27,MXI,MMM7
RFUD,2024-09-17,MMM7,,,,,289020.0,,,8,3612.75,0.0,,,,0,MXI-6.27,MXI,MMM7
RFUD,2024-09-18,MMM7,,,,,302548.0,,,8,3781.85,0.0,,,,0,MXI-6.27,MXI,MMM7
RFUD,2024-09-19,MMM7,,,,,302452.0,,,8,3780.65,0.0,,,,0,MXI-6.27,MXI,MMM7
RFUD,2024-09-20,MMM7,,,,,306648.0,,,8,3833.1,0.0,,,,0,MXI-6.27,MXI,MMM7
RFUD,2024-09-23,MMM7,,,,,299620.0,,,8,3745.25,0.0,,,,0,MXI-6.27,MXI,MMM7
RFUD,2024-09-24,MMM7,,,,,289588.0,,,8,3619.85,0.0,,,,0,MXI-6.27,MXI,MMM7
RFUD,2024-09-25,MMM7,,,,,302724.0,,,8,3784.05,0.0,,,,0,MXI-6.27,MXI,MMM7
RFUD,2024-09-26,MMM7,,,,,301180.0,,,8,3764.75,0.0,,,,0,MXI-6.27,MXI,MMM7
RFUD,2024-09-27,MMM7,,,,,300916.0,,,8,3761.45,0.0,,,,0,MXI-6.27,MXI,MMM7
RFUD,2024-09-30,MMM7,,,,,302040.0,,,8,3775.5,0.0,,,,0,MXI-6.27,MXI,MMM7
RFUD,2024-10-01,MMM7,3449.35,3449.35,3819.45,3819.45,292272.0,146011.0,4.0,8,3653.4,0.0,3650.28,,1.0,4,MXI-6.27,MXI,MMM7
RFUD,2024-10-02,MMM7,3622.3,3622.3,3622.3,3622.3,224553.0,36223.0,1.0,6,3742.55,0.0,3622.3,-5.16,1.0,1,MXI-6.27,MXI,MMM7
RFUD,2024-10-03,MMM7,,,,,223011.0,,,6,3716.85,0.0,,,,0,MXI-6.27,MXI,MMM7
RFUD,2024-10-04,MMM7,,,,,224571.0,,,6,3742.85,0.0,,,,0,MXI-6.27,MXI,MMM7
RFUD,2024-10-07,MMM7,,,,,225609.0,,,6,3760.15,0.0,,,,0,MXI-6.27,MXI,MMM7
RFUD,2024-10-08,MMM7,,,,,225690.0,,,6,3761.5,0.0,,,,0,MXI-6.27,MXI,MMM7
RFUD,2024-10-09,MMM7,,,,,224964.0,,,6,3749.4,0.0,,,,0,MXI-6.27,MXI,MMM7
RFUD,2024-10-10,MMM7,,,,,224703.0,,,6,3745.05,0.0,,,,0,MXI-6.27,MXI,MMM7
RFUD,2024-10-11,MMM7,3867.2,3542.35,3867.2,3588.45,372755.0,186004.5,5.0,10,3727.55,0.0,3720.09,,1.0,5,MXI-6.27,MXI,MMM7
RFUD,2024-10-14,MMM7,3737.35,3737.35,3737.35,3737.35,368285.0,37373.5,1.0,10,3682.85,0.0,3737.35,4.15,1.0,1,MXI-6.27,MXI,MMM7
RFUD,2024-10-15,MMM7,,,,,371280.0,,,10,3712.8,0.0,,,,0,MXI-6.27,MXI,MMM7
RFUD,2024-10-16,MMM7,,,,,378000.0,,,10,3780.0,0.0,,,,0,MXI-6.27,MXI,MMM7
RFUD,2024-10-17,MMM7,,,,,371865.0,,,10,3718.65,0.0,,,,0,MXI-6.27,MXI,MMM7
RFUD,2024-10-18,MMM7,3575.5,3575.5,3575.5,3575.5,297304.0,35755.0,1.0,8,3716.3,0.0,3575.5,,1.0,1,MXI-6.27,MXI,MMM7
RFUD,2024-10-21,MMM7,,,,,296928.0,,,8,3711.6,0.0,,,,0,MXI-6.27,MXI,MMM7
RFUD,2024-10-22,MMM7,,,,,299472.0,,,8,3743.4,0.0,,,,0,MXI-6.27,MXI,MMM7
RFUD,2024-10-23,MMM7,,,,,298496.0,,,8,3731.2,0.0,,,,0,MXI-6.27,MXI,MMM7
RFUD,2024-10-24,MMM7,,,,,288500.0,,,8,3606.25,0.0,,,,0,MXI-6.27,MXI,MMM7
RFUD,2024-10-25,MMM7,,,,,287568.0,,,8,3594.6,0.0,,,,0,MXI-6.27,MXI,MMM7
RFUD,2024-10-28,MMM7,,,,,282832.0,,,8,3535.4,0.0,,,,0,MXI-6.27,MXI,MMM7
RFUD,2024-10-29,MMM7,,,,,280444.0,,,8,3505.55,0.0,,,,0,MXI-6.27,MXI,MMM7
RFUD,2024-10-30,MMM7,,,,,281468.0,,,8,3518.35,0.0,,,,0,MXI-6.27,MXI,MMM7
RFUD,2024-10-31,MMM7,,,,,282068.0,,,8,3525.85,0.0,,,,0,MXI-6.27,MXI,MMM7
RFUD,2024-11-01,MMM7,,,,,283300.0,,,8,3541.25,0.0,,,,0,MXI-6.27,MXI,MMM7
RFUD,2024-11-02,MMM7,,,,,281484.0,,,8,3518.55,0.0,,,,0,MXI-6.27,MXI,MMM7
RFUD,2024-11-05,MMM7,,,,,280816.0,,,8,3510.2,0.0,,,,0,MXI-6.27,MXI,MMM7
RFUD,2024-11-06,MMM7,,,,,272772.0,,,8,3409.65,0.0,,,,0,MXI-6.27,MXI,MMM7
RFUD,2024-11-07,MMM7,,,,,285692.0,,,8,3571.15,0.0,,,,0,MXI-6.27,MXI,MMM7
RFUD,2024-11-08,MMM7,,,,,288000.0,,,8,3600.0,0.0,,,,0,MXI-6.27,MXI,MMM7
RFUD,2024-11-11,MMM7,,,,,293100.0,,,8,3663.75,0.0,,,,0,MXI-6.27,MXI,MMM7
RFUD,2024-11-12,MMM7,3910.25,3445.15,3910.25,3761.0,655758.0,742795.5,20.0,18,3643.1,0.0,3713.98,,1.0,19,MXI-6.27,MXI,MMM7
RFUD,2024-11-13,MMM7,3605.1,3601.1,3751.35,3751.35,732100.0,293645.5,8.0,20,3660.5,0.0,3670.57,-0.26,1.0,8,MXI-6.27,MXI,MMM7
RFUD,2024-11-14,MMM7,,,,,724130.0,,,20,3620.65,0.0,,,,0,MXI-6.27,MXI,MMM7
RFUD,2024-11-15,MMM7,,,,,729450.0,,,20,3647.25,0.0,,,,0,MXI-6.27,MXI,MMM7
RFUD,2024-11-18,MMM7,,,,,722840.0,,,20,3614.2,0.0,,,,0,MXI-6.27,MXI,MMM7
RFUD,2024-11-19,MMM7,,,,,726120.0,,,20,3630.6,0.0,,,,0,MXI-6.27,MXI,MMM7
RFUD,2024-11-20,MMM7,,,,,723230.0,,,20,3616.15,0.0,,,,0,MXI-6.27,MXI,MMM7
RFUD,2024-11-21,MMM7,,,,,725840.0,,,20,3629.2,0.0,,,,0,MXI-6.27,MXI,MMM7
RFUD,2024-11-22,MMM7,,,,,683020.0,,,20,3415.1,0.0,,,,0,MXI-6.27,MXI,MMM7
RFUD,2024-11-25,MMM7,,,,,729290.0,,,20,3646.45,0.0,,,,0,MXI-6.27,MXI,MMM7
RFUD,2024-11-26,MMM7,,,,,732780.0,,,20,3663.9,0.0,,,,0,MXI-6.27,MXI,MMM7
RFUD,2024-11-27,MMM7,,,,,731570.0,,,20,3657.85,0.0,,,,0,MXI-6.27,MXI,MMM7
RFUD,2024-11-28,MMM7,,,,,733870.0,,,20,3669.35,0.0,,,,0,MXI-6.27,MXI,MMM7
RFUD,2024-11-29,MMM7,,,,,725480.0,,,20,3627.4,0.0,,,,0,MXI-6.27,MXI,MMM7
RFUD,2024-12-02,MMM7,,,,,727680.0,,,20,3638.4,0.0,,,,0,MXI-6.27,MXI,MMM7
RFUD,2024-12-03,MMM7,,,,,675520.0,,,20,3377.6,0.0,,,,0,MXI-6.27,MXI,MMM7
RFUD,2024-12-04,MMM7,,,,,714910.0,,,20,3574.55,0.0,,,,0,MXI-6.27,MXI,MMM7
RFUD,2024-12-05,MMM7,,,,,723070.0,,,20,3615.35,0.0,,,,0,MXI-6.27,MXI,MMM7
RFUD,2024-12-06,MMM7,,,,,670810.0,,,20,3354.05,0.0,,,,0,MXI-6.27,MXI,MMM7
RFUD,2024-12-09,MMM7,3645.95,3645.0,3645.95,3645.0,858360.0,72909.5,2.0,24,3576.5,0.0,3645.48,,1.0,2,MXI-6.27,MXI,MMM7
RFUD,2024-12-10,MMM7,3854.15,3465.1,3854.15,3696.75,782683.0,355027.0,10.0,22,3557.65,0.0,3550.27,1.42,1.0,8,MXI-6.27,MXI,MMM7
RFUD,2024-12-11,MMM7,,,,,769824.0,,,22,3499.2,0.0,,,,0,MXI-6.27,MXI,MMM7
RFUD,2024-12-12,MMM7,3658.4,3658.4,3658.4,3658.4,842856.0,36584.0,1.0,24,3511.9,0.0,3658.4,,1.0,1,MXI-6.27,MXI,MMM7
RFUD,2024-12-13,MMM7,,,,,824088.0,,,24,3433.7,0.0,,,,0,MXI-6.27,MXI,MMM7
RFUD,2024-12-16,MMM7,,,,,851040.0,,,24,3546.0,0.0,,,,0,MXI-6.27,MXI,MMM7
RFUD,2024-12-17,MMM7,3380.05,3380.05,3409.5,3409.5,698390.0,67895.5,2.0,20,3491.95,0.0,3394.78,,1.0,2,MXI-6.27,MXI,MMM7
RFUD,2024-12-18,MMM7,,,,,709000.0,,,20,3545.0,0.0,,,,0,MXI-6.27,MXI,MMM7
RFUD,2024-12-19,MMM7,,,,,723480.0,,,20,3617.4,0.0,,,,0,MXI-6.27,MXI,MMM7
RFUD,2024-12-20,MMM7,,,,,741750.0,,,20,3708.75,0.0,,,,0,MXI-6.27,MXI,MMM7
RFUD,2024-12-23,MMM7,,,,,741450.0,,,20,3707.25,0.0,,,,0,MXI-6.27,MXI,MMM7
RFUD,2024-12-24,MMM7,3853.15,3683.75,3853.15,3702.35,1057364.0,300596.0,8.0,28,3776.3,0.0,3757.45,,1.0,8,MXI-6.27,MXI,MMM7
RFUD,2024-12-25,MMM7,3789.5,3682.7,3789.5,3682.7,885948.0,74722.0,2.0,24,3691.45,0.0,3736.1,-0.53,1.0,2,MXI-6.27,MXI,MMM7
RFUD,2024-12-26,MMM7,,,,,899808.0,,,24,3749.2,0.0,,,,0,MXI-6.27,MXI,MMM7
RFUD,2024-12-27,MMM7,,,,,902220.0,,,24,3759.25,0.0,,,,0,MXI-6.27,MXI,MMM7
RFUD,2024-12-28,MMM7,3750.3,3750.3,3750.3,3750.3,825066.0,37503.0,1.0,22,3750.3,0.0,3750.3,,1.0,1,MXI-6.27,MXI,MMM7
RFUD,2024-12-30,MMM7,3775.0,3775.0,3775.0,3775.0,756570.0,37750.0,1.0,20,3782.85,0.0,3775.0,0.66,1.0,1,MXI-6.27,MXI,MMM7
RFUD,2025-01-03,MMM7,,,,,751440.0,,,20,3757.2,0.0,,,,0,MXI-6.27,MXI,MMM7
RFUD,2025-01-06,MMM7,,,,,745670.0,,,20,3728.35,0.0,,,,0,MXI-6.27,MXI,MMM7
RFUD,2025-01-08,MMM7,,,,,751140.0,,,20,3755.7,0.0,,,,0,MXI-6.27,MXI,MMM7
RFUD,2025-01-09,MMM7,3684.55,3684.55,3684.55,3684.55,736910.0,36845.5,1.0,20,3684.55,0.0,3684.55,,1.0,1,MXI-6.27,MXI,MMM7
RFUD,2025-01-10,MMM7,,,,,757760.0,,,20,3788.8,0.0,,,,0,MXI-6.27,MXI,MMM7
RFUD,2025-01-13,MMM7,3867.6,3739.55,3881.2,3881.2,913140.0,269362.0,7.0,24,3804.75,0.0,3848.03,,1.0,5,MXI-6.27,MXI,MMM7
RFUD,2025-01-14,MMM7,3800.0,3800.0,3800.0,3800.0,989755.0,38000.0,1.0,26,3806.75,0.0,3800.0,-2.09,1.0,1,MXI-6.27,MXI,MMM7
RFUD,2025-01-15,MMM7,,,,,984659.0,,,26,3787.15,0.0,,,,0,MXI-6.27,MXI,MMM7
RFUD,2025-01-16,MMM7,,,,,998218.0,,,26,3839.3,0.0,,,,0,MXI-6.27,MXI,MMM7
RFUD,2025-01-17,MMM7,3910.35,3855.4,3910.35,3890.0,1167000.0,272247.5,7.0,30,3890.0,0.0,3889.25,,1.0,6,MXI-6.27,MXI,MMM7
RFUD,2025-01-20,MMM7,,,,,1150875.0,,,30,3836.25,0.0,,,,0,MXI-6.27,MXI,MMM7
RFUD,2025-01-21,MMM7,,,,,1164000.0,,,30,3880.0,0.0,,,,0,MXI-6.27,MXI,MMM7
RFUD,2025-01-22,MMM7,,,,,1173840.0,,,30,3912.8,0.0,,,,0,MXI-6.27,MXI,MMM7
RFUD,2025-01-23,MMM7,3822.55,3822.55,3822.55,3822.55,1070314.0,38225.5,1.0,28,3822.55,0.0,3822.55,,1.0,1,MXI-6.27,MXI,MMM7
RFUD,2025-01-24,MMM7,3825.0,3825.0,3885.0,3834.1,996866.0,385464.0,10.0,26,3834.1,0.0,3854.64,0.3,1.0,8,MXI-6.27,MXI,MMM7
RFUD,2025-01-27,MMM7,3790.0,3790.0,3821.0,3821.0,991913.0,76110.0,2.0,26,3815.05,0.0,3805.5,-0.34,1.0,2,MXI-6.27,MXI,MMM7
RFUD,2025-01-28,MMM7,3780.0,3742.0,3812.0,3782.0,983775.0,642520.0,17.0,26,3783.75,0.0,3779.53,-1.02,1.0,17,MXI-6.27,MXI,MMM7
RFUD,2025-01-29,MMM7,3811.0,3811.0,3832.0,3830.0,995800.0,152840.0,4.0,26,3830.0,0.0,3821.0,1.27,1.0,4,MXI-6.27,MXI,MMM7
RFUD,2025-01-30,MMM7,3812.0,3812.0,3830.0,3830.0,995800.0,76420.0,2.0,26,3830.0,0.0,3821.0,0.0,1.0,2,MXI-6.27,MXI,MMM7
RFUD,2025-01-31,MMM7,3830.0,3830.0,3830.0,3830.0,919200.0,38300.0,1.0,24,3830.0,0.0,3830.0,0.0,1.0,1,MXI-6.27,MXI,MMM7
RFUD,2025-02-03,MMM7,3825.0,3820.1,3825.3,3825.3,1147590.0,191204.0,5.0,30,3825.3,0.0,3824.08,-0.12,1.0,5,MXI-6.27,MXI,MMM7
RFUD,2025-02-04,MMM7,,,,,1147590.0,,,30,3825.3,0.0,,,,0,MXI-6.27,MXI,MMM7
RFUD,2025-02-05,MMM7,3809.0,3809.0,3809.0,3809.0,914160.0,114270.0,3.0,24,3809.0,0.0,3809.0,,3.0,1,MXI-6.27,MXI,MMM7
RFUD,2025-02-06,MMM7,3852.0,3813.6,3852.0,3840.4,921696.0,1187973.0,31.0,24,3840.4,0.0,3832.17,0.82,1.0,29,MXI-6.27,MXI,MMM7
RFUD,2025-02-07,MMM7,,,,,924636.0,,,24,3852.65,0.0,,,,0,MXI-6.27,MXI,MMM7
RFUD,2025-02-10,MMM7,3858.65,3858.65,3858.65,3858.65,848903.0,38586.5,1.0,22,3858.65,0.0,3858.65,,1.0,1,MXI-6.27,MXI,MMM7
RFUD,2025-02-11,MMM7,3843.95,3843.95,3848.45,3848.45,846659.0,76924.0,2.0,22,3848.45,0.0,3846.2,-0.26,1.0,2,MXI-6.27,MXI,MMM7
RFUD,2025-02-12,MMM7,3877.6,3877.6,3877.6,3877.6,930480.0,38776.0,1.0,24,3877.0,0.0,3877.6,0.76,1.0,1,MXI-6.27,MXI,MMM7
RFUD,2025-02-13,MMM7,3877.0,3800.05,3970.0,3800.05,1407780.0,704394.5,18.0,36,3910.5,0.0,3913.3,-2.0,1.0,17,MXI-6.27,MXI,MMM7
RFUD,2025-02-14,MMM7,3961.65,3837.5,3961.7,3837.5,1384740.0,156691.0,4.0,36,3846.5,0.0,3917.28,0.99,1.0,4,MXI-6.27,MXI,MMM7
RFUD,2025-02-17,MMM7,3910.0,3910.0,3920.0,3920.0,1568000.0,78300.0,2.0,40,3920.0,0.0,3915.0,2.15,1.0,2,MXI-6.27,MXI,MMM7
RFUD,2025-02-18,MMM7,3890.0,3882.1,3890.0,3882.1,1242272.0,155390.5,4.0,32,3882.1,0.0,3884.76,-0.97,1.0,4,MXI-6.27,MXI,MMM7
RFUD,2025-02-19,MMM7,3870.0,3870.0,3870.0,3870.0,1162305.0,38700.0,1.0,30,3874.35,0.0,3870.0,-0.31,1.0,1,MXI-6.27,MXI,MMM7
RFUD,2025-02-20,MMM7,3936.35,3936.35,3954.8,3954.8,1534231.0,197186.5,5.0,38,4037.45,0.0,3943.73,2.19,1.0,5,MXI-6.27,MXI,MMM7
RFUD,2025-02-21,MMM7,3950.4,3950.4,4002.45,3996.25,1358725.0,119491.0,3.0,34,3996.25,0.0,3983.03,1.05,1.0,3,MXI-6.27,MXI,MMM7
RFUD,2025-02-24,MMM7,,,,,1379176.0,,,34,4056.4,0.0,,,,0,MXI-6.27,MXI,MMM7
RFUD,2025-02-25,MMM7,4104.7,4104.7,4130.8,4130.8,1402602.0,82355.0,2.0,34,4125.3,0.0,4117.75,,1.0,2,MXI-6.27,MXI,MMM7
RFUD,2025-02-26,MMM7,4128.3,4056.8,4128.3,4061.95,1381063.0,407293.5,10.0,34,4061.95,0.0,4072.94,-1.67,1.0,10,MXI-6.27,MXI,MMM7
RFUD,2025-02-27,MMM7,3801.2,3801.0,4182.65,4033.0,1371220.0,198510.5,5.0,34,4033.0,0.0,3970.21,-0.71,1.0,5,MXI-6.27,MXI,MMM7
RFUD,2025-02-28,MMM7,4007.8,4007.8,4007.8,4007.8,1204350.0,80156.0,2.0,30,4014.5,0.0,4007.8,-0.62,1.0,2,MXI-6.27,MXI,MMM7
RFUD,2025-03-03,MMM7,4054.9,3990.0,4054.9,4020.9,1367106.0,120658.0,3.0,34,4020.9,0.0,4021.93,0.33,1.0,3,MXI-6.27,MXI,MMM7
RFUD,2025-03-04,MMM7,4030.6,4030.6,4060.0,4060.0,1542800.0,161712.0,4.0,38,4060.0,0.0,4042.8,0.97,1.0,4,MXI-6.27,MXI,MMM7
RFUD,2025-03-05,MMM7,4096.7,4096.7,4096.7,4096.7,1720614.0,122901.0,3.0,42,4096.7,0.0,4096.7,0.9,1.0,3,MXI-6.27,MXI,MMM7
RFUD,2025-03-06,MMM7,4080.0,4077.65,4080.0,4077.65,1712613.0,163129.5,4.0,42,4077.65,0.0,4078.24,-0.46,1.0,4,MXI-6.27,MXI,MMM7
RFUD,2025-03-07,MMM7,4066.6,4066.6,4066.6,4066.6,1785080.0,40666.0,1.0,44,4057.0,0.0,4066.6,-0.27,1.0,1,MXI-6.27,MXI,MMM7
RFUD,2025-03-10,MMM7,,,,,1825758.0,,,44,4149.45,0.0,,,,0,MXI-6.27,MXI,MMM7
RFUD,2025-03-11,MMM7,,,,,1754544.0,,,44,3987.6,0.0,,,,0,MXI-6.27,MXI,MMM7
RFUD,2025-03-12,MMM7,,,,,1759384.0,,,44,3998.6,0.0,,,,0,MXI-6.27,MXI,MMM7
RFUD,2025-03-13,MMM7,,,,,1781120.0,,,44,4048.0,0.0,,,,0,MXI-6.27,MXI,MMM7
RFUD,2025-03-14,MMM7,,,,,1807696.0,,,44,4108.4,0.0,,,,0,MXI-6.27,MXI,MMM7
RFUD,2025-03-17,MMM7,4125.9,4125.9,4125.9,4125.9,1815396.0,41259.0,1.0,44,4125.9,0.0,4125.9,,1.0,1,MXI-6.27,MXI,MMM7
RFUD,2025-03-18,MMM7,4128.2,4128.2,4128.2,4128.2,1898972.0,41282.0,1.0,46,4128.2,0.0,4128.2,0.06,1.0,1,MXI-6.27,MXI,MMM7
RFUD,2025-03-19,MMM7,,,,,1897454.0,,,46,4124.9,0.0,,,,0,MXI-6.27,MXI,MMM7
RFUD,2025-03-20,MMM7,4134.8,4134.8,4142.9,4134.85,1984728.0,124125.5,3.0,48,4134.85,0.0,4137.52,,1.0,3,MXI-6.27,MXI,MMM7
RFUD,2025-03-21,MMM7,,,,,1976328.0,,,48,4117.35,0.0,,,,0,MXI-6.27,MXI,MMM7
RFUD,2025-03-24,MMM7,,,,,1968408.0,,,48,4100.85,0.0,,,,0,MXI-6.27,MXI,MMM7
RFUD,2025-03-25,MMM7,4046.0,4046.0,4046.0,4046.0,1942080.0,40460.0,1.0,48,4046.0,0.0,4046.0,,1.0,1,MXI-6.27,MXI,MMM7
RFUD,2025-03-26,MMM7,,,,,1964904.0,,,48,4093.55,0.0,,,,0,MXI-6.27,MXI,MMM7
RFUD,2025-03-27,MMM7,4036.75,4011.1,4036.75,4011.1,1925328.0,241502.0,6.0,48,4011.1,0.0,4025.03,,1.0,6,MXI-6.27,MXI,MMM7
RFUD,2025-03-28,MMM7,3994.1,3975.3,3994.1,3975.3,1908144.0,119635.0,3.0,48,3975.3,0.0,3987.83,-0.89,1.0,3,MXI-6.27,MXI,MMM7
RFUD,2025-03-31,MMM7,3968.0,3968.0,3978.55,3978.55,1914600.0,119145.5,3.0,48,3988.75,0.0,3971.52,0.08,1.0,3,MXI-6.27,MXI,MMM7
RFUD,2025-04-01,MMM7,4005.25,3965.9,4010.1,3965.9,1903632.0,159633.0,4.0,48,3965.9,0.0,3990.83,-0.32,1.0,4,MXI-6.27,MXI,MMM7
RFUD,2025-04-02,MMM7,3964.0,3954.05,3964.0,3954.05,1977025.0,118721.0,3.0,50,3954.05,0.0,3957.37,-0.3,1.0,3,MXI-6.27,MXI,MMM7
RFUD,2025-04-03,MMM7,3950.45,3916.95,3950.45,3916.95,2113857.0,118050.5,3.0,54,3914.55,0.0,3935.02,-0.94,1.0,3,MXI-6.27,MXI,MMM7
RFUD,2025-04-04,MMM7,3856.0,3856.0,3918.25,3905.0,4295500.0,1249319.5,32.0,110,3905.0,0.0,3904.12,-0.3,1.0,28,MXI-6.27,MXI,MMM7
RFUD,2025-04-07,MMM7,3905.0,3795.1,3905.0,3873.0,4382217.0,269056.5,7.0,114,3844.05,0.0,3843.66,-0.82,1.0,7,MXI-6.27,MXI,MMM7
RFUD,2025-04-08,MMM7,3899.0,3899.0,3899.0,3899.0,4423029.0,38990.0,1.0,114,3879.85,0.0,3899.0,0.67,1.0,1,MXI-6.27,MXI,MMM7
RFUD,2025-04-09,MMM7,3819.0,3819.0,3819.0,3819.0,4353660.0,38190.0,1.0,114,3819.0,0.0,3819.0,-2.05,1.0,1,MXI-6.27,MXI,MMM7
RFUD,2025-04-10,MMM7,3877.2,3829.85,3890.0,3851.2,4313344.0,425616.5,11.0,112,3851.2,0.0,3869.24,0.84,1.0,9,MXI-6.27,MXI,MMM7
RFUD,2025-04-11,MMM7,3868.95,3868.45,3868.95,3868.45,4255295.0,154748.0,4.0,110,3868.45,0.0,3868.7,0.45,1.0,4,MXI-6.27,MXI,MMM7
RFUD,2025-04-14,MMM7,3919.35,3875.5,3919.35,3875.5,4340560.0,116757.0,3.0,112,3875.5,0.0,3891.9,0.18,1.0,3,MXI-6.27,MXI,MMM7
RFUD,2025-04-15,MMM7,,,,,4313736.0,,,112,3851.55,0.0,,,,0,MXI-6.27,MXI,MMM7
RFUD,2025-04-16,MMM7,3883.65,3883.65,3956.4,3956.4,4379200.0,431939.5,11.0,112,3910.0,0.0,3926.72,,3.0,7,MXI-6.27,MXI,MMM7
RFUD,2025-04-17,MMM7,3892.65,3878.15,3930.25,3904.85,4373432.0,468106.5,12.0,112,3904.85,0.0,3900.89,-1.3,1.0,12,MXI-6.27,MXI,MMM7
RFUD,2025-04-18,MMM7,3882.4,3780.0,3929.5,3929.5,4309635.0,231390.0,6.0,110,3917.85,0.0,3856.5,0.63,1.0,5,MXI-6.27,MXI,MMM7
RFUD,2025-04-21,MMM7,3893.9,3893.9,3924.0,3924.0,4316400.0,78179.0,2.0,110,3924.0,0.0,3908.95,-0.14,1.0,2,MXI-6.27,MXI,MMM7
RFUD,2025-04-22,MMM7,3946.95,3946.95,3946.95,3946.95,4341645.0,39469.5,1.0,110,3946.95,0.0,3946.95,0.58,1.0,1,MXI-6.27,MXI,MMM7
RFUD,2025-04-23,MMM7,3960.85,3949.15,3970.5,3949.15,4344065.0,316728.5,8.0,110,3949.15,0.0,3959.11,0.06,1.0,8,MXI-6.27,MXI,MMM7
RFUD,2025-04-24,MMM7,3947.1,3947.1,3947.1,3947.1,4341810.0,39471.0,1.0,110,3947.1,0.0,3947.1,-0.05,1.0,1,MXI-6.27,MXI,MMM7
RFUD,2025-04-25,MMM7,3972.1,3972.1,3972.1,3972.1,4369310.0,39721.0,1.0,110,3972.1,0.0,3972.1,0.63,1.0,1,MXI-6.27,MXI,MMM7
RFUD,2025-04-28,MMM7,3967.4,3967.4,4026.5,4024.4,4400220.0,200575.5,5.0,110,4000.2,0.0,4011.51,1.32,1.0,5,MXI-6.27,MXI,MMM7
RFUD,2025-04-29,MMM7,3939.0,3939.0,3939.0,3939.0,4332900.0,78780.0,2.0,110,3939.0,0.0,3939.0,-2.12,1.0,2,MXI-6.27,MXI,MMM7
RFUD,2025-04-30,MMM7,3916.65,3871.45,3916.65,3871.45,4568311.0,543426.0,14.0,118,3871.45,0.0,3881.61,-1.71,3.0,8,MXI-6.27,MXI,MMM7
RFUD,2025-05-02,MMM7,3850.0,3850.0,3850.0,3850.0,4508072.0,38500.0,1.0,118,3820.4,0.0,3850.0,-0.55,1.0,1,MXI-6.27,MXI,MMM7
RFUD,2025-05-05,MMM7,3816.0,3773.0,3816.0,3773.0,4527600.0,227837.0,6.0,120,3773.0,0.0,3797.28,-2.0,1.0,6,MXI-6.27,MXI,MMM7
RFUD,2025-05-06,MMM7,3796.1,3796.1,3796.1,3796.1,4505004.0,75922.0,2.0,118,3817.8,0.0,3796.1,0.61,2.0,1,MXI-6.27,MXI,MMM7
RFUD,2025-05-07,MMM7,3849.8,3844.2,3849.8,3849.8,4619760.0,115438.0,3.0,120,3849.8,0.0,3847.93,1.42,1.0,3,MXI-6.27,MXI,MMM7
RFUD,2025-05-08,MMM7,3836.4,3836.4,3846.45,3846.45,4615740.0,76828.5,2.0,120,3846.45,0.0,3841.43,-0.09,1.0,2,MXI-6.27,MXI,MMM7
RFUD,2025-05-12,MMM7,3854.4,3854.4,3899.7,3861.0,4710420.0,348438.0,9.0,122,3861.0,0.0,3871.53,0.38,1.0,9,MXI-6.27,MXI,MMM7
RFUD,2025-05-13,MMM7,3857.95,3857.95,3857.95,3857.95,4706699.0,38579.5,1.0,122,3857.95,0.0,3857.95,-0.08,1.0,1,MXI-6.27,MXI,MMM7
RFUD,2025-05-14,MMM7,,,,,4678822.0,,,122,3835.1,0.0,,,,0,MXI-6.27,MXI,MMM7
RFUD,2025-05-15,MMM7,3786.1,3782.1,3800.0,3800.0,4634048.0,151614.0,4.0,122,3798.4,0.0,3790.35,,1.0,4,MXI-6.27,MXI,MMM7
RFUD,2025-05-16,MMM7,3790.6,3760.0,3803.8,3803.8,4716712.0,113544.0,3.0,124,3803.8,0.0,3784.8,0.1,1.0,3,MXI-6.27,MXI,MMM7
RFUD,2025-05-19,MMM7,3812.15,3812.15,3812.15,3812.15,4727066.0,38121.5,1.0,124,3812.15,0.0,3812.15,0.22,1.0,1,MXI-6.27,MXI,MMM7
RFUD,2025-05-20,MMM7,3796.25,3784.2,3796.25,3784.2,4843776.0,113660.0,3.0,128,3784.2,0.0,3788.67,-0.73,1.0,3,MXI-6.27,MXI,MMM7
RFUD,2025-05-21,MMM7,3763.3,3730.0,3906.3,3730.0,4923600.0,151629.0,4.0,132,3730.0,0.0,3790.73,-1.43,1.0,3,MXI-6.27,MXI,MMM7
RFUD,2025-05-22,MMM7,3726.3,3726.3,3726.3,3726.3,4918716.0,37263.0,1.0,132,3726.3,0.0,3726.3,-0.1,1.0,1,MXI-6.27,MXI,MMM7
RFUD,2025-05-23,MMM7,3746.2,3691.0,3787.95,3737.7,5083272.0,598648.5,16.0,136,3737.7,0.0,3741.55,0.31,1.0,16,MXI-6.27,MXI,MMM7
RFUD,2025-05-26,MMM7,3707.35,3705.55,3734.6,3705.55,5036556.0,148548.5,4.0,136,3703.35,0.0,3713.71,-0.86,1.0,4,MXI-6.27,MXI,MMM7
RFUD,2025-05-27,MMM7,3699.95,3660.65,3699.95,3678.75,4635225.0,294430.0,8.0,126,3678.75,0.0,3680.38,-0.72,1.0,8,MXI-6.27,MXI,MMM7
RFUD,2025-05-28,MMM7,,,,,4659354.0,,,126,3697.9,0.0,,,,0,MXI-6.27,MXI,MMM7
RFUD,2025-05-29,MMM7,3732.9,3732.9,3732.9,3732.9,4663323.0,37329.0,1.0,126,3701.05,0.0,3732.9,,1.0,1,MXI-6.27,MXI,MMM7
RFUD,2025-05-30,MMM7,3742.0,3742.0,3742.0,3742.0,4683987.0,37420.0,1.0,126,3717.45,0.0,3742.0,0.24,1.0,1,MXI-6.27,MXI,MMM7
RFUD,2025-06-02,MMM7,,,,,4704588.0,,,126,3733.8,0.0,,,,0,MXI-6.27,MXI,MMM7
RFUD,2025-06-03,MMM7,,,,,4716495.0,,,126,3743.25,0.0,,,,0,MXI-6.27,MXI,MMM7
RFUD,2025-06-04,MMM7,3731.3,3731.3,3731.3,3731.3,4720779.0,74626.0,2.0,126,3746.65,0.0,3731.3,,1.0,2,MXI-6.27,MXI,MMM7
RFUD,2025-06-05,MMM7,,,,,4698414.0,,,126,3728.9,0.0,,,,0,MXI-6.27,MXI,MMM7
RFUD,2025-06-06,MMM7,3812.85,3686.05,3868.0,3686.05,4720256.0,340945.5,9.0,128,3687.7,0.0,3788.28,,1.0,8,MXI-6.27,MXI,MMM7
RFUD,2025-06-09,MMM7,3770.1,3770.1,3770.1,3770.1,4705984.0,37701.0,1.0,128,3676.55,0.0,3770.1,2.28,1.0,1,MXI-6.27,MXI,MMM7
RFUD,2025-06-10,MMM7,3686.0,3686.0,3686.0,3686.0,4718080.0,73720.0,2.0,128,3686.0,0.0,3686.0,-2.23,1.0,2,MXI-6.27,MXI,MMM7
RFUD,2025-06-11,MMM7,,,,,4696064.0,,,128,3668.8,0.0,,,,0,MXI-6.27,MXI,MMM7
RFUD,2025-06-13,MMM7,3694.95,3694.95,3710.9,3710.9,4749952.0,74058.5,2.0,128,3710.9,0.0,3702.93,,1.0,2,MXI-6.27,MXI,MMM7
RFUD,2025-06-16,MMM7,3693.25,3693.25,3694.65,3694.65,4779255.0,73879.0,2.0,130,3676.35,0.0,3693.95,-0.44,1.0,2,MXI-6.27,MXI,MMM7
RFUD,2025-06-17,MMM7,,,,,4819230.0,,,130,3707.1,0.0,,,,0,MXI-6.27,MXI,MMM7
RFUD,2025-06-18,MMM7,,,,,4811950.0,,,130,3701.5,0.0,,,,0,MXI-6.27,MXI,MMM7
RFUD,2025-06-19,MMM7,3702.3,3702.3,3702.3,3702.3,4812990.0,37023.0,1.0,130,3702.3,0.0,3702.3,,1.0,1,MXI-6.27,MXI,MMM7
RFUD,2025-06-20,MMM7,3661.7,3661.7,3661.7,3661.7,4760210.0,36617.0,1.0,130,3661.7,0.0,3661.7,-1.1,1.0,1,MXI-6.27,MXI,MMM7
RFUD,2025-06-23,MMM7,,,,,4769960.0,,,130,3669.2,0.0,,,,0,MXI-6.27,MXI,MMM7
RFUD,2025-06-24,MMM7,3662.05,3603.75,3662.05,3620.55,4779126.0,289502.5,8.0,132,3620.55,0.0,3618.78,,1.0,8,MXI-6.27,MXI,MMM7
RFUD,2025-06-25,MMM7,,,,,4817208.0,,,132,3649.4,0.0,,,,0,MXI-6.27,MXI,MMM7
RFUD,2025-06-26,MMM7,3665.05,3665.05,3665.05,3665.05,4840572.0,36650.5,1.0,132,3667.1,0.0,3665.05,,1.0,1,MXI-6.27,MXI,MMM7
RFUD,2025-06-27,MMM7,3659.1,3659.1,3659.1,3659.1,4843278.0,36591.0,1.0,132,3669.15,0.0,3659.1,-0.16,1.0,1,MXI-6.27,MXI,MMM7
RFUD,2025-06-30,MMM7,3708.85,3708.85,3708.85,3708.85,4969859.0,37088.5,1.0,134,3708.85,0.0,3708.85,1.36,1.0,1,MXI-6.27,MXI,MMM7
RFUD,2025-07-01,MMM7,3708.55,3708.55,3708.55,3708.55,4895286.0,37085.5,1.0,132,3708.55,0.0,3708.55,-0.01,1.0,1,MXI-6.27,MXI,MMM7
RFUD,2025-07-02,MMM7,,,,,4855224.0,,,132,3678.2,0.0,,,,0,MXI-6.27,MXI,MMM7
RFUD,2025-07-03,MMM7,,,,,4874430.0,,,132,3692.75,0.0,,,,0,MXI-6.27,MXI,MMM7
RFUD,2025-07-04,MMM7,,,,,4849218.0,,,132,3673.65,0.0,,,,0,MXI-6.27,MXI,MMM7
RFUD,2025-07-07,MMM7,,,,,4819320.0,,,132,3651.0,0.0,,,,0,MXI-6.27,MXI,MMM7
RFUD,2025-07-08,MMM7,3644.75,3637.0,3644.75,3637.0,4800840.0,72817.5,2.0,132,3637.0,0.0,3640.88,,1.0,2,MXI-6.27,MXI,MMM7
RFUD,2025-07-09,MMM7,3593.5,3593.5,3593.5,3593.5,4743420.0,35935.0,1.0,132,3593.5,0.0,3593.5,-1.2,1.0,1,MXI-6.27,MXI,MMM7
RFUD,2025-07-10,MMM7,3626.2,3626.2,3626.2,3626.2,4786584.0,36262.0,1.0,132,3626.2,0.0,3626.2,0.91,1.0,1,MXI-6.27,MXI,MMM7
RFUD,2025-07-11,MMM7,3583.45,3583.45,3583.45,3583.45,4702764.0,71669.0,2.0,132,3562.7,0.0,3583.45,-1.18,1.0,2,MXI-6.27,MXI,MMM7
RFUD,2025-07-14,MMM7,3564.5,3564.5,3564.5,3564.5,4774440.0,35645.0,1.0,132,3617.0,0.0,3564.5,-0.53,1.0,1,MXI-6.27,MXI,MMM7
RFUD,2025-07-15,MMM7,3647.4,3647.4,3647.4,3647.4,4814568.0,72948.0,2.0,132,3647.4,0.0,3647.4,2.33,1.0,2,MXI-6.27,MXI,MMM7
RFUD,2025-07-16,MMM7,,,,,4844994.0,,,132,3670.45,0.0,,,,0,MXI-6.27,MXI,MMM7
RFUD,2025-07-17,MMM7,,,,,4826052.0,,,132,3656.1,0.0,,,,0,MXI-6.27,MXI,MMM7
RFUD,2025-07-18,MMM7,,,,,4862616.0,,,132,3683.8,0.0,,,,0,MXI-6.27,MXI,MMM7
RFUD,2025-07-21,MMM7,3702.15,3702.15,3714.25,3714.25,4977095.0,74164.0,2.0,134,3714.25,0.0,3708.2,,1.0,2,MXI-6.27,MXI,MMM7
RFUD,2025-07-22,MMM7,3696.3,3686.55,3696.3,3686.55,4718784.0,110694.0,3.0,128,3686.55,0.0,3689.8,-0.75,1.0,3,MXI-6.27,MXI,MMM7
RFUD,2025-07-23,MMM7,,,,,4757376.0,,,128,3716.7,0.0,,,,0,MXI-6.27,MXI,MMM7
RFUD,2025-07-24,MMM7,,,,,4721152.0,,,128,3688.4,0.0,,,,0,MXI-6.27,MXI,MMM7
RFUD,2025-07-25,MMM7,3665.55,3454.8,3754.1,3659.0,5268960.0,1461886.0,40.0,144,3659.0,0.0,3654.72,,2.0,34,MXI-6.27,MXI,MMM7
RFUD,2025-07-28,MMM7,,,,,5243832.0,,,144,3641.55,0.0,,,,0,MXI-6.27,MXI,MMM7
RFUD,2025-07-29,MMM7,,,,,5276880.0,,,144,3664.5,0.0,,,,0,MXI-6.27,MXI,MMM7
RFUD,2025-07-30,MMM7,3643.45,3643.45,3643.45,3643.45,5156801.0,36434.5,1.0,142,3631.55,0.0,3643.45,,1.0,1,MXI-6.27,MXI,MMM7
RFUD,2025-07-31,MMM7,,,,,5158718.0,,,142,3632.9,0.0,,,,0,MXI-6.27,MXI,MMM7
RFUD,2025-08-01,MMM7,,,,,5156659.0,,,142,3631.45,0.0,,,,0,MXI-6.27,MXI,MMM7
RFUD,2025-08-04,MMM7,,,,,5205578.0,,,142,3665.9,0.0,,,,0,MXI-6.27,MXI,MMM7
RFUD,2025-08-05,MMM7,,,,,5200253.0,,,142,3662.15,0.0,,,,0,MXI-6.27,MXI,MMM7
RFUD,2025-08-06,MMM7,,,,,5154245.0,,,142,3629.75,0.0,,,,0,MXI-6.27,MXI,MMM7
RFUD,2025-08-07,MMM7,3678.2,3678.2,3737.55,3737.55,5222000.0,259183.5,7.0,140,3730.0,0.0,3702.62,,1.0,7,MXI-6.27,MXI,MMM7
RFUD,2025-08-08,MMM7,3712.6,3712.6,3712.6,3712.6,5204710.0,37126.0,1.0,140,3717.65,0.0,3712.6,-0.67,1.0,1,MXI-6.27,MXI,MMM7
RFUD,2025-08-11,MMM7,3772.1,3766.25,3805.2,3805.2,5167184.0,151106.0,4.0,136,3799.4,0.0,3777.65,2.49,1.0,4,MXI-6.27,MXI,MMM7
RFUD,2025-08-12,MMM7,3786.45,3786.45,3786.45,3786.45,5225301.0,37864.5,1.0,138,3786.45,0.0,3786.45,-0.49,1.0,1,MXI-6.27,MXI,MMM7
RFUD,2025-08-13,MMM7,,,,,5223576.0,,,138,3785.2,0.0,,,,0,MXI-6.27,MXI,MMM7
RFUD,2025-08-14,MMM7,,,,,5237928.0,,,138,3795.6,0.0,,,,0,MXI-6.27,MXI,MMM7
RFUD,2025-08-15,MMM7,3820.05,3800.65,3820.05,3800.65,5189148.0,76207.0,2.0,136,3815.55,0.0,3810.35,,1.0,2,MXI-6.27,MXI,MMM7
RFUD,2025-08-18,MMM7,3751.85,3751.85,3751.85,3751.85,5102516.0,37518.5,1.0,136,3751.85,0.0,3751.85,-1.28,1.0,1,MXI-6.27,MXI,MMM7
RFUD,2025-08-19,MMM7,,,,,5139780.0,,,136,3779.25,0.0,,,,0,MXI-6.27,MXI,MMM7
RFUD,2025-08-20,MMM7,,,,,5092044.0,,,136,3744.15,0.0,,,,0,MXI-6.27,MXI,MMM7
RFUD,2025-08-21,MMM7,3721.4,3700.0,3721.4,3700.0,5106000.0,74214.0,2.0,138,3700.0,0.0,3710.7,,1.0,2,MXI-6.27,MXI,MMM7
RFUD,2025-08-22,MMM7,3694.1,3694.1,3696.9,3696.9,5101722.0,73910.0,2.0,138,3696.9,0.0,3695.5,-0.08,1.0,2,MXI-6.27,MXI,MMM7
RFUD,2025-08-25,MMM7,3691.7,3691.7,3691.7,3691.7,5172930.0,73834.0,2.0,140,3694.95,0.0,3691.7,-0.14,1.0,2,MXI-6.27,MXI,MMM7
RFUD,2025-08-26,MMM7,,,,,5189380.0,,,140,3706.7,0.0,,,,0,MXI-6.27,MXI,MMM7
RFUD,2025-08-27,MMM7,,,,,5230820.0,,,140,3736.3,0.0,,,,0,MXI-6.27,MXI,MMM7
RFUD,2025-08-28,MMM7,,,,,5231310.0,,,140,3736.65,0.0,,,,0,MXI-6.27,MXI,MMM7
RFUD,2025-08-29,MMM7,3684.85,3684.85,3684.85,3684.85,5158790.0,73697.0,2.0,140,3684.85,0.0,3684.85,,1.0,2,MXI-6.27,MXI,MMM7
RFUD,2025-09-01,MMM7,,,,,5158020.0,,,140,3684.3,0.0,,,,0,MXI-6.27,MXI,MMM7
RFUD,2025-09-02,MMM7,3694.2,3650.0,3694.2,3650.0,5037000.0,220124.0,6.0,138,3650.0,0.0,3668.73,,1.0,6,MXI-6.27,MXI,MMM7
RFUD,2025-09-03,MMM7,3669.35,3669.35,3669.35,3669.35,5063703.0,73387.0,2.0,138,3669.35,0.0,3669.35,0.53,1.0,2,MXI-6.27,MXI,MMM7
RFUD,2025-09-04,MMM7,,,,,5055285.0,,,138,3663.25,0.0,,,,0,MXI-6.27,MXI,MMM7
RFUD,2025-09-05,MMM7,,,,,5093994.0,,,138,3691.3,0.0,,,,0,MXI-6.27,MXI,MMM7
RFUD,2025-09-08,MMM7,,,,,5136153.0,,,138,3721.85,0.0,,,,0,MXI-6.27,MXI,MMM7
RFUD,2025-09-09,MMM7,3697.35,3697.35,3742.35,3739.3,5230750.0,111790.0,3.0,140,3736.25,0.0,3726.33,,1.0,3,MXI-6.27,MXI,MMM7
RFUD,2025-09-10,MMM7,3723.2,3723.2,3723.2,3723.2,5212480.0,37232.0,1.0,140,3723.2,0.0,3723.2,-0.43,1.0,1,MXI-6.27,MXI,MMM7
RFUD,2025-09-11,MMM7,,,,,5209540.0,,,140,3721.1,0.0,,,,0,MXI-6.27,MXI,MMM7
RFUD,2025-09-12,MMM7,3755.8,3732.75,3755.8,3732.75,5145840.0,74885.5,2.0,140,3675.6,0.0,3744.28,,1.0,2,MXI-6.27,MXI,MMM7
RFUD,2025-09-15,MMM7,3648.9,3630.0,3648.9,3630.0,5227200.0,181799.0,5.0,144,3630.0,0.0,3635.98,-2.75,1.0,5,MXI-6.27,MXI,MMM7
RFUD,2025-09-16,MMM7,3635.05,3635.05,3635.05,3635.05,5232456.0,36350.5,1.0,144,3633.65,0.0,3635.05,0.14,1.0,1,MXI-6.27,MXI,MMM7
RFUD,2025-09-17,MMM7,3601.0,3601.0,3618.65,3605.8,5138341.0,144264.5,4.0,142,3618.55,0.0,3606.61,-0.8,1.0,4,MXI-6.27,MXI,MMM7
RFUD,2025-09-18,MMM7,3605.8,3605.8,3605.8,3605.8,5192352.0,36058.0,1.0,144,3605.8,0.0,3605.8,0.0,1.0,1,MXI-6.27,MXI,MMM7
RFUD,2025-09-19,MMM7,3602.95,3580.0,3602.95,3598.3,5176008.0,107812.5,3.0,144,3594.45,0.0,3593.75,-0.21,1.0,3,MXI-6.27,MXI,MMM7
RFUD,2025-09-22,MMM7,3572.0,3556.5,3588.4,3588.4,5310832.0,321230.0,9.0,148,3588.4,0.0,3569.22,-0.27,1.0,9,MXI-6.27,MXI,MMM7
RFUD,2025-09-23,MMM7,,,,,5284118.0,,,148,3570.35,0.0,,,,0,MXI-6.27,MXI,MMM7
RFUD,2025-09-24,MMM7,3530.0,3494.65,3569.55,3548.2,5251336.0,352835.5,10.0,148,3548.2,0.0,3528.36,,1.0,10,MXI-6.27,MXI,MMM7
RFUD,2025-09-25,MMM7,3534.6,3534.6,3550.0,3550.0,5215594.0,248078.0,7.0,148,3524.05,0.0,3543.97,0.05,1.0,7,MXI-6.27,MXI,MMM7
RFUD,2025-09-26,MMM7,,,,,5229654.0,,,148,3533.55,0.0,,,,0,MXI-6.27,MXI,MMM7
RFUD,2025-09-29,MMM7,3541.75,3505.3,3548.65,3505.3,5257950.0,211964.0,6.0,150,3505.3,0.0,3532.73,,1.0,6,MXI-6.27,MXI,MMM7
RFUD,2025-09-30,MMM7,3494.3,3494.3,3494.3,3494.3,5311336.0,34943.0,1.0,152,3494.3,0.0,3494.3,-0.31,1.0,1,MXI-6.27,MXI,MMM7
RFUD,2025-10-01,MMM7,3505.6,3480.0,3505.6,3480.0,5219100.0,209353.0,6.0,150,3479.4,0.0,3489.22,-0.41,1.0,6,MXI-6.27,MXI,MMM7
RFUD,2025-10-02,MMM7,3474.05,3474.05,3474.05,3474.05,5280556.0,34740.5,1.0,152,3474.05,0.0,3474.05,-0.17,1.0,1,MXI-6.27,MXI,MMM7
RFUD,2025-10-03,MMM7,3457.35,3457.35,3483.25,3473.05,5626341.0,346994.0,10.0,162,3473.05,0.0,3469.94,-0.03,1.0,10,MXI-6.27,MXI,MMM7
RFUD,2025-10-06,MMM7,3449.5,3415.25,3509.55,3509.55,6106617.0,829311.0,24.0,174,3509.55,0.0,3455.46,1.05,2.0,23,MXI-6.27,MXI,MMM7
RFUD,2025-10-07,MMM7,3510.15,3510.15,3517.65,3514.05,6114447.0,105418.5,3.0,174,3514.05,0.0,3513.95,0.13,1.0,3,MXI-6.27,MXI,MMM7
RFUD,2025-10-08,MMM7,3505.2,3410.0,3505.2,3410.0,5456000.0,834562.5,24.0,160,3410.0,0.0,3477.34,-2.96,1.0,18,MXI-6.27,MXI,MMM7
RFUD,2025-10-09,MMM7,3400.0,3390.0,3400.0,3390.0,5794562.0,101900.0,3.0,166,3490.7,0.0,3396.67,-0.59,1.0,3,MXI-6.27,MXI,MMM7
RFUD,2025-10-10,MMM7,3481.1,3479.25,3481.1,3479.25,5724344.0,69603.5,2.0,166,3448.4,0.0,3480.18,2.63,1.0,2,MXI-6.27,MXI,MMM7
RFUD,2025-10-13,MMM7,,,,,5697535.0,,,166,3432.25,0.0,,,,0,MXI-6.27,MXI,MMM7
RFUD,2025-10-14,MMM7,3437.5,3411.4,3438.25,3411.4,5563126.0,137098.5,4.0,164,3392.15,0.0,3427.46,,1.0,4,MXI-6.27,MXI,MMM7
RFUD,2025-10-15,MMM7,3410.0,3405.0,3410.0,3405.0,5583052.0,68150.0,2.0,164,3404.3,0.0,3407.5,-0.19,1.0,2,MXI-6.27,MXI,MMM7
RFUD,2025-10-16,MMM7,3438.15,3428.65,3464.0,3464.0,5603337.0,103308.0,3.0,162,3458.85,0.0,3443.6,1.73,1.0,3,MXI-6.27,MXI,MMM7
RFUD,2025-10-17,MMM7,3462.75,3462.75,3573.9,3564.9,5775138.0,141521.0,4.0,162,3564.9,0.0,3538.03,2.91,1.0,4,MXI-6.27,MXI,MMM7
RFUD,2025-10-20,MMM7,3589.45,3589.45,3595.05,3595.05,5608278.0,179690.5,5.0,156,3595.05,0.0,3593.81,0.85,1.0,5,MXI-6.27,MXI,MMM7
RFUD,2025-10-21,MMM7,3577.7,3435.65,3577.7,3435.65,5576040.0,1057167.5,30.0,162,3442.0,0.0,3523.89,-4.43,2.0,22,MXI-6.27,MXI,MMM7
RFUD,2025-10-22,MMM7,3450.8,3400.6,3450.8,3444.1,5923852.0,893967.5,26.0,172,3444.1,0.0,3438.34,0.25,1.0,21,MXI-6.27,MXI,MMM7
RFUD,2025-10-23,MMM7,3360.0,3350.0,3362.05,3355.45,6308246.0,335687.5,10.0,188,3355.45,0.0,3356.88,-2.57,1.0,10,MXI-6.27,MXI,MMM7
RFUD,2025-10-24,MMM7,3378.55,3328.35,3381.45,3328.35,6390432.0,167573.5,5.0,192,3328.35,0.0,3351.47,-0.81,1.0,5,MXI-6.27,MXI,MMM7
RFUD,2025-10-27,MMM7,3327.9,3314.0,3342.7,3314.0,6465195.0,166404.0,5.0,198,3265.25,0.0,3328.08,-0.43,1.0,4,MXI-6.27,MXI,MMM7
RFUD,2025-10-28,MMM7,,,,,6467967.0,,,198,3266.65,0.0,,,,0,MXI-6.27,MXI,MMM7
RFUD,2025-10-29,MMM7,3284.0,3284.0,3284.0,3284.0,6444676.0,32840.0,1.0,196,3288.1,0.0,3284.0,,1.0,1,MXI-6.27,MXI,MMM7
RFUD,2025-10-30,MMM7,,,,,6510140.0,,,196,3321.5,0.0,,,,0,MXI-6.27,MXI,MMM7
RFUD,2025-10-31,MMM7,,,,,6434876.0,,,196,3283.1,0.0,,,,0,MXI-6.27,MXI,MMM7
RFUD,2025-11-01,MMM7,,,,,6437718.0,,,196,3284.55,0.0,,,,0,MXI-6.27,MXI,MMM7
RFUD,2025-11-03,MMM7,,,,,6515040.0,,,196,3324.0,0.0,,,,0,MXI-6.27,MXI,MMM7
RFUD,2025-11-05,MMM7,3333.0,3313.3,3333.0,3313.3,6560334.0,66463.0,2.0,198,3313.3,0.0,3323.15,,1.0,2,MXI-6.27,MXI,MMM7
RFUD,2025-11-06,MMM7,,,,,6527466.0,,,198,3296.7,0.0,,,,0,MXI-6.27,MXI,MMM7
RFUD,2025-11-07,MMM7,,,,,6583698.0,,,198,3325.1,0.0,,,,0,MXI-6.27,MXI,MMM7
RFUD,2025-11-10,MMM7,3336.9,3309.1,3342.55,3309.1,6687311.0,232249.5,7.0,202,3310.55,0.0,3317.85,,1.0,6,MXI-6.27,MXI,MMM7
RFUD,2025-11-11,MMM7,,,,,6704481.0,,,202,3319.05,0.0,,,,0,MXI-6.27,MXI,MMM7
RFUD,2025-11-12,MMM7,3308.8,3217.65,3308.8,3217.65,11377029.0,3398425.0,104.0,354,3213.85,0.0,3267.72,,2.0,75,MXI-6.27,MXI,MMM7
RFUD,2025-11-13,MMM7,3195.4,3188.55,3202.4,3194.15,11307291.0,191596.0,6.0,354,3194.15,0.0,3193.27,-0.73,1.0,6,MXI-6.27,MXI,MMM7
RFUD,2025-11-14,MMM7,3171.05,3150.0,3179.75,3159.2,11436304.0,221697.0,7.0,362,3159.2,0.0,3167.1,-1.09,1.0,7,MXI-6.27,MXI,MMM7
RFUD,2025-11-17,MMM7,3161.95,3143.45,3172.95,3146.7,11139318.0,252868.5,8.0,354,3146.7,0.0,3160.86,-0.4,1.0,8,MXI-6.27,MXI,MMM7
RFUD,2025-11-18,MMM7,3164.1,3164.1,3193.0,3191.75,11298795.0,286745.5,9.0,354,3191.75,0.0,3186.06,1.43,1.0,8,MXI-6.27,MXI,MMM7
RFUD,2025-11-19,MMM7,3196.85,3189.45,3327.35,3262.25,11352630.0,488345.5,15.0,348,3262.25,0.0,3255.64,2.21,1.0,14,MXI-6.27,MXI,MMM7
RFUD,2025-11-20,MMM7,3291.35,3240.6,3291.35,3240.6,11147664.0,260621.5,8.0,344,3240.6,0.0,3257.77,-0.66,1.0,5,MXI-6.27,MXI,MMM7
RFUD,2025-11-21,MMM7,3238.5,3238.5,3314.0,3269.85,11313681.0,720298.5,22.0,346,3269.85,0.0,3274.08,0.9,1.0,22,MXI-6.27,MXI,MMM7
RFUD,2025-11-24,MMM7,3281.15,3250.0,3293.65,3250.0,11180000.0,195768.5,6.0,344,3250.0,0.0,3262.81,-0.61,2.0,5,MXI-6.27,MXI,MMM7
RFUD,2025-11-25,MMM7,3237.35,3230.0,3237.35,3230.0,11171744.0,64673.5,2.0,344,3247.6,0.0,3233.68,-0.61,1.0,2,MXI-6.27,MXI,MMM7
RFUD,2025-11-26,MMM7,,,,,11222140.0,,,344,3262.25,0.0,,,,0,MXI-6.27,MXI,MMM7
RFUD,2025-11-27,MMM7,3230.0,3230.0,3230.0,3230.0,11036380.0,64600.0,2.0,344,3208.25,0.0,3230.0,,1.0,2,MXI-6.27,MXI,MMM7
RFUD,2025-11-28,MMM7,3330.25,3327.0,3330.25,3327.0,11214875.0,432581.5,13.0,350,3204.25,0.0,3327.55,3.0,1.0,11,MXI-6.27,MXI,MMM7
RFUD,2025-12-01,MMM7,3307.0,3206.1,3307.0,3221.55,11326700.0,323370.0,10.0,350,3236.2,0.0,3233.7,-3.17,1.0,10,MXI-6.27,MXI,MMM7
RFUD,2025-12-02,MMM7,3351.95,3206.05,3417.65,3223.2,11540130.0,328279.0,10.0,358,3223.5,0.0,3282.79,0.05,1.0,9,MXI-6.27,MXI,MMM7
RFUD,2025-12-03,MMM7,3231.05,3209.7,3365.55,3209.7,11495559.0,646597.5,20.0,358,3211.05,0.0,3232.99,-0.42,1.0,19,MXI-6.27,MXI,MMM7
RFUD,2025-12-04,MMM7,3246.65,3240.0,3246.65,3240.0,11534400.0,226888.5,7.0,356,3240.0,0.0,3241.26,0.94,1.0,7,MXI-6.27,MXI,MMM7
RFUD,2025-12-05,MMM7,3239.65,3239.65,3301.0,3295.05,11532675.0,261458.0,8.0,350,3295.05,0.0,3268.23,1.7,1.0,7,MXI-6.27,MXI,MMM7
RFUD,2025-12-08,MMM7,3280.0,3280.0,3280.5,3280.5,11480525.0,131205.0,4.0,350,3280.15,0.0,3280.13,-0.44,1.0,4,MXI-6.27,MXI,MMM7
RFUD,2025-12-09,MMM7,3261.95,3261.95,3269.95,3269.95,11430475.0,98018.5,3.0,350,3265.85,0.0,3267.28,-0.32,1.0,3,MXI-6.27,MXI,MMM7
RFUD,2025-12-10,MMM7,,,,,11510450.0,,,350,3288.7,0.0,,,,0,MXI-6.27,MXI,MMM7
RFUD,2025-12-11,MMM7,3237.35,3237.35,3358.8,3342.65,11684400.0,132814.5,4.0,350,3338.4,0.0,3320.36,,1.0,4,MXI-6.27,MXI,MMM7
RFUD,2025-12-12,MMM7,3350.0,3262.85,3350.0,3291.85,11521475.0,263770.0,8.0,350,3291.85,0.0,3297.13,-1.52,1.0,8,MXI-6.27,MXI,MMM7
RFUD,2025-12-15,MMM7,3281.75,3267.7,3350.0,3280.0,12660800.0,789829.0,24.0,386,3280.0,0.0,3290.95,-0.36,10.0,12,MXI-6.27,MXI,MMM7
RFUD,2025-12-16,MMM7,3347.65,3246.0,3347.65,3313.5,28597918.0,9953386.0,305.0,866,3302.3,0.0,3263.41,1.02,1.0,145,MXI-6.27,MXI,MMM7
RFUD,2025-12-17,MMM7,3246.15,3170.05,3261.7,3173.45,33307551.0,4619057.0,144.0,1026,3246.35,0.0,3207.68,-4.23,1.0,105,MXI-6.27,MXI,MMM7
RFUD,2025-12-18,MMM7,3275.05,3170.0,3299.8,3170.0,33665400.0,3650001.0,114.0,1062,3170.0,0.0,3201.76,-0.11,1.0,69,MXI-6.27,MXI,MMM7
RFUD,2025-12-19,MMM7,3205.5,3161.1,3229.9,3165.0,34245300.0,2198515.0,69.0,1082,3165.0,0.0,3186.25,-0.16,1.0,57,MXI-6.27,MXI,MMM7
RFUD,2025-12-22,MMM7,3200.0,3100.0,3200.0,3100.0,35250080.0,3025148.5,96.0,1136,3103.0,0.0,3151.2,-2.05,1.0,63,MXI-6.27,MXI,MMM7
RFUD,2025-12-23,MMM7,3194.25,3113.05,3194.25,3157.7,36445212.0,660495.0,21.0,1156,3152.7,0.0,3145.21,1.86,1.0,13,MXI-6.27,MXI,MMM7
RFUD,2025-12-24,MMM7,3119.0,3085.0,3119.0,3085.0,35662600.0,557263.5,18.0,1156,3085.0,0.0,3095.91,-2.3,1.0,16,MXI-6.27,MXI,MMM7
RFUD,2025-12-25,MMM7,3085.0,3041.1,3116.3,3075.3,35550468.0,215676.0,7.0,1156,3075.3,0.0,3081.09,-0.31,1.0,7,MXI-6.27,MXI,MMM7
RFUD,2025-12-26,MMM7,3051.0,3040.0,3129.0,3129.0,36157368.0,986661.0,32.0,1156,3127.8,0.0,3083.32,1.75,1.0,23,MXI-6.27,MXI,MMM7
RFUD,2025-12-29,MMM7,3076.6,3064.0,3187.15,3146.7,36241347.0,783449.0,25.0,1158,3129.65,0.0,3133.8,0.57,1.0,23,MXI-6.27,MXI,MMM7
RFUD,2025-12-30,MMM7,3051.25,3051.25,3126.7,3089.7,35902314.0,684087.5,22.0,1162,3089.7,0.0,3109.49,-1.81,1.0,15,MXI-6.27,MXI,MMM7
RFUD,2026-01-05,MMM7,3095.7,3053.25,3128.05,3053.95,36117865.0,828611.5,27.0,1162,3108.25,0.0,3068.93,-1.16,1.0,18,MXI-6.27,MXI,MMM7
RFUD,2026-01-06,MMM7,3059.8,3059.8,3081.2,3081.2,35798315.0,92222.0,3.0,1162,3080.75,0.0,3074.07,0.89,1.0,3,MXI-6.27,MXI,MMM7
RFUD,2026-01-08,MMM7,3061.2,3039.75,3061.2,3060.0,35581152.0,488808.0,16.0,1164,3056.8,0.0,3055.05,-0.69,1.0,13,MXI-6.27,MXI,MMM7
RFUD,2026-01-09,MMM7,3050.35,3048.55,3061.05,3048.65,35483958.0,518650.0,17.0,1164,3048.45,0.0,3050.88,-0.37,1.0,16,MXI-6.27,MXI,MMM7
RFUD,2026-01-12,MMM7,3034.5,3034.5,3183.85,3086.65,35981594.0,1106602.5,36.0,1166,3085.9,0.0,3073.9,1.25,2.0,34,MXI-6.27,MXI,MMM7
RFUD,2026-01-13,MMM7,3085.2,3044.2,3085.2,3045.75,35525688.0,553229.0,18.0,1166,3046.8,0.0,3073.49,-1.32,1.0,11,MXI-6.27,MXI,MMM7
RFUD,2026-01-14,MMM7,3079.2,3034.35,3083.9,3039.85,36259392.0,152727.5,5.0,1168,3104.4,0.0,3054.55,-0.19,1.0,5,MXI-6.27,MXI,MMM7
RFUD,2026-01-15,MMM7,3050.0,3050.0,3071.4,3060.0,35740800.0,153094.5,5.0,1168,3060.0,0.0,3061.89,0.66,1.0,5,MXI-6.27,MXI,MMM7
RFUD,2026-01-16,MMM7,3080.0,3080.0,3094.0,3094.0,36199800.0,123470.5,4.0,1170,3094.0,0.0,3086.76,1.11,1.0,4,MXI-6.27,MXI,MMM7
RFUD,2026-01-19,MMM7,3098.0,3098.0,3098.0,3098.0,36308560.0,61960.0,2.0,1172,3098.0,0.0,3098.0,0.13,1.0,2,MXI-6.27,MXI,MMM7
RFUD,2026-01-20,MMM7,3129.55,3129.55,3129.55,3129.55,36467366.0,31295.5,1.0,1172,3111.55,0.0,3129.55,1.02,1.0,1,MXI-6.27,MXI,MMM7
RFUD,2026-01-21,MMM7,3082.85,3065.2,3105.85,3100.0,36641408.0,955344.0,31.0,1172,3126.4,0.0,3081.75,-0.94,1.0,14,MXI-6.27,MXI,MMM7
RFUD,2026-01-22,MMM7,3100.0,3081.4,3116.8,3081.4,36117524.0,248122.5,8.0,1172,3081.7,0.0,3101.53,-0.6,1.0,8,MXI-6.27,MXI,MMM7
RFUD,2026-01-23,MMM7,3117.4,3065.95,3117.4,3083.95,36143894.0,492756.5,16.0,1172,3083.95,0.0,3079.73,0.08,1.0,13,MXI-6.27,MXI,MMM7
RFUD,2026-01-26,MMM7,3080.0,3050.0,3122.8,3051.2,34661632.0,2216825.5,72.0,1136,3051.2,0.0,3078.92,-1.06,1.0,41,MXI-6.27,MXI,MMM7
RFUD,2026-01-27,MMM7,3077.7,3050.0,3077.7,3076.15,34945064.0,337928.5,11.0,1136,3076.15,0.0,3072.08,0.82,1.0,9,MXI-6.27,MXI,MMM7
RFUD,2026-01-28,MMM7,3047.35,3039.05,3097.15,3077.0,34954720.0,274972.5,9.0,1136,3077.0,0.0,3055.25,0.03,1.0,7,MXI-6.27,MXI,MMM7
RFUD,2026-01-29,MMM7,3077.0,3050.0,3132.55,3050.0,35659624.0,649078.0,21.0,1144,3117.1,0.0,3090.85,-0.88,1.0,17,MXI-6.27,MXI,MMM7
RFUD,2026-01-30,MMM7,3127.15,3070.0,3131.3,3094.7,35279580.0,837377.5,27.0,1140,3094.7,0.0,3101.4,1.47,1.0,22,MXI-6.27,MXI,MMM7
RFUD,2026-02-02,MMM7,3094.7,3070.0,3121.65,3112.05,35539611.0,1920236.0,62.0,1142,3112.05,0.0,3097.15,0.56,29.0,30,MXI-6.27,MXI,MMM7
RFUD,2026-02-03,MMM7,3108.45,3108.45,3125.0,3115.35,35577297.0,404818.0,13.0,1142,3115.35,0.0,3113.98,0.11,2.0,9,MXI-6.27,MXI,MMM7
RFUD,2026-02-04,MMM7,3131.3,3131.3,3133.0,3133.0,35748026.0,125295.0,4.0,1142,3130.3,0.0,3132.38,0.57,1.0,4,MXI-6.27,MXI,MMM7
RFUD,2026-02-05,MMM7,3071.45,3070.85,3076.7,3070.95,34947411.0,460860.5,15.0,1138,3070.95,0.0,3072.4,-1.98,1.0,11,MXI-6.27,MXI,MMM7
RFUD,2026-02-06,MMM7,3080.0,3080.0,3080.0,3080.0,35050400.0,30800.0,1.0,1138,3080.0,0.0,3080.0,0.29,1.0,1,MXI-6.27,MXI,MMM7
RFUD,2026-02-09,MMM7,3080.0,3060.35,3080.95,3072.2,35391744.0,2026960.0,66.0,1152,3072.2,0.0,3071.15,-0.25,1.0,12,MXI-6.27,MXI,MMM7
RFUD,2026-02-10,MMM7,3062.05,3060.0,3075.0,3064.45,35302464.0,245104.5,8.0,1152,3064.45,0.0,3063.81,-0.25,1.0,7,MXI-6.27,MXI,MMM7
RFUD,2026-02-11,MMM7,3035.2,3035.2,3097.3,3090.0,35535000.0,183977.0,6.0,1150,3090.0,0.0,3066.28,0.83,2.0,5,MXI-6.27,MXI,MMM7
RFUD,2026-02-12,MMM7,3090.0,3090.0,3090.0,3090.0,35535000.0,30900.0,1.0,1150,3090.0,0.0,3090.0,0.0,1.0,1,MXI-6.27,MXI,MMM7
RFUD,2026-02-13,MMM7,,,,,35765000.0,,,1150,3110.0,0.0,,,,0,MXI-6.27,MXI,MMM7
RFUD,2026-02-16,MMM7,3108.95,3108.95,3111.3,3111.3,35779950.0,62202.5,2.0,1150,3111.3,0.0,3110.13,,1.0,2,MXI-6.27,MXI,MMM7
RFUD,2026-02-17,MMM7,,,,,35713825.0,,,1150,3105.55,0.0,,,,0,MXI-6.27,MXI,MMM7
RFUD,2026-02-18,MMM7,,,,,35929450.0,,,1150,3124.3,0.0,,,,0,MXI-6.27,MXI,MMM7
RFUD,2026-02-19,MMM7,3082.0,3082.0,3082.0,3082.0,35443000.0,30820.0,1.0,1150,3082.0,0.0,3082.0,,1.0,1,MXI-6.27,MXI,MMM7
RFUD,2026-02-20,MMM7,,,,,35947850.0,,,1150,3125.9,0.0,,,,0,MXI-6.27,MXI,MMM7
RFUD,2026-02-24,MMM7,3100.0,3095.0,3102.85,3095.0,35283000.0,403237.5,13.0,1140,3095.0,0.0,3101.83,,1.0,11,MXI-6.27,MXI,MMM7
RFUD,2026-02-25,MMM7,3095.0,3095.0,3095.0,3095.0,35290410.0,30950.0,1.0,1140,3095.65,0.0,3095.0,0.0,1.0,1,MXI-6.27,MXI,MMM7
RFUD,2026-02-26,MMM7,3133.3,3114.15,3133.3,3115.8,35520120.0,343052.0,11.0,1140,3115.8,0.0,3118.65,0.67,1.0,5,MXI-6.27,MXI,MMM7
RFUD,2026-02-27,MMM7,3073.6,3073.6,3139.9,3093.0,35260200.0,155056.5,5.0,1140,3093.0,0.0,3101.13,-0.73,2.0,4,MXI-6.27,MXI,MMM7
RFUD,2026-03-02,MMM7,3131.0,3098.6,3180.0,3180.0,36008928.0,2631020.0,84.0,1136,3169.8,0.0,3132.17,2.81,1.0,41,MXI-6.27,MXI,MMM7
RFUD,2026-03-03,MMM7,3130.55,3130.05,3160.15,3160.15,35829297.0,377022.5,12.0,1134,3159.55,0.0,3141.85,-0.62,1.0,12,MXI-6.27,MXI,MMM7
RFUD,2026-03-04,MMM7,3160.15,3132.75,3160.15,3132.75,35525385.0,156911.5,5.0,1134,3132.75,0.0,3138.23,-0.87,1.0,5,MXI-6.27,MXI,MMM7
RFUD,2026-03-05,MMM7,3125.05,3125.05,3133.6,3133.6,35597696.0,219150.5,7.0,1136,3133.6,0.0,3130.72,0.03,1.0,6,MXI-6.27,MXI,MMM7
RFUD,2026-03-06,MMM7,3133.6,3133.6,3169.9,3169.9,36010064.0,63035.0,2.0,1136,3169.9,0.0,3151.75,1.16,1.0,2,MXI-6.27,MXI,MMM7
RFUD,2026-03-09,MMM7,3151.2,3151.2,3171.45,3169.85,36009496.0,475274.5,15.0,1136,3169.85,0.0,3168.5,0.0,1.0,9,MXI-6.27,MXI,MMM7
RFUD,2026-03-10,MMM7,3152.9,3152.9,3171.35,3171.35,35870904.0,63242.5,2.0,1136,3157.65,0.0,3162.13,0.05,1.0,2,MXI-6.27,MXI,MMM7
RFUD,2026-03-11,MMM7,3144.4,3101.6,3175.4,3123.95,35550551.0,847239.5,27.0,1138,3123.95,0.0,3137.92,-1.49,1.0,18,MXI-6.27,MXI,MMM7
RFUD,2026-03-12,MMM7,3137.9,3135.9,3170.9,3170.9,36524736.0,505195.0,16.0,1152,3170.55,0.0,3157.47,1.5,1.0,9,MXI-6.27,MXI,MMM7
RFUD,2026-03-13,MMM7,3153.3,3153.3,3153.35,3153.35,36705600.0,126133.0,4.0,1152,3186.25,0.0,3153.33,-0.55,2.0,3,MXI-6.27,MXI,MMM7
RFUD,2026-03-16,MMM7,3163.95,3127.2,3164.0,3127.2,35962800.0,472751.5,15.0,1150,3127.2,0.0,3151.68,-0.83,1.0,9,MXI-6.27,MXI,MMM7
RFUD,2026-03-17,MMM7,3143.85,3139.0,3155.6,3139.0,36537960.0,440863.0,14.0,1164,3139.0,0.0,3149.02,0.38,1.0,8,MXI-6.27,MXI,MMM7
RFUD,2026-03-18,MMM7,3136.45,3135.8,3169.8,3169.8,36769680.0,535402.5,17.0,1160,3169.8,0.0,3149.43,0.98,1.0,16,MXI-6.27,MXI,MMM7
RFUD,2026-03-19,MMM7,3160.0,3150.0,3166.0,3150.0,36540000.0,1262446.0,40.0,1160,3150.0,0.0,3156.12,-0.62,1.0,23,MXI-6.27,MXI,MMM7
RFUD,2026-03-20,MMM7,3150.0,3142.0,3150.0,3142.0,36447200.0,409100.0,13.0,1160,3142.0,0.0,3146.92,-0.25,1.0,8,MXI-6.27,MXI,MMM7
RFUD,2026-03-23,MMM7,3140.0,3101.0,3140.0,3110.05,36034560.0,374596.0,12.0,1152,3128.0,0.0,3121.63,-1.02,1.0,10,MXI-6.27,MXI,MMM7
RFUD,2026-03-24,MMM7,0.0,0.0,0.0,0.0,36295488.0,0.0,0.0,1152,3150.65,0.0,0.0,0.0,0.0,0,MXI-6.27,MXI,MMM7
RFUD,2026-03-25,MMM7,3143.25,3142.8,3150.65,3144.35,35971364.0,188749.5,6.0,1144,3144.35,0.0,3145.83,0.0,1.0,5,MXI-6.27,MXI,MMM7
RFUD,2026-03-26,MMM7,3125.35,3113.0,3125.35,3113.0,35737240.0,312120.5,10.0,1148,3113.0,0.0,3121.21,-1.0,1.0,7,MXI-6.27,MXI,MMM7
RFUD,2026-03-27,MMM7,3103.25,3069.95,3103.25,3069.95,35282632.0,216796.0,7.0,1148,3073.4,0.0,3097.09,-1.38,1.0,7,MXI-6.27,MXI,MMM7
RFUD,2026-03-30,MMM7,3095.7,3095.7,3134.75,3134.75,36083280.0,405800.0,13.0,1158,3116.0,0.0,3121.54,2.11,5.0,9,MXI-6.27,MXI,MMM7
RFUD,2026-03-31,MMM7,3111.1,3094.5,3111.15,3095.25,36115684.0,745077.0,24.0,1166,3097.4,0.0,3104.49,-1.26,6.0,8,MXI-6.27,MXI,MMM7
RFUD,2026-04-01,MMM7,3097.4,3097.4,3131.6,3097.4,35558726.0,526900.5,17.0,1148,3097.45,0.0,3099.41,0.07,1.0,11,MXI-6.27,MXI,MMM7
RFUD,2026-04-02,MMM7,3092.85,3070.95,3124.3,3096.05,35604575.0,587628.0,19.0,1150,3096.05,0.0,3092.78,-0.04,1.0,15,MXI-6.27,MXI,MMM7
RFUD,2026-04-03,MMM7,3070.0,3070.0,3070.0,3070.0,35366400.0,30700.0,1.0,1152,3070.0,0.0,3070.0,-0.84,1.0,1,MXI-6.27,MXI,MMM7
RFUD,2026-04-06,MMM7,3085.4,3085.4,3104.0,3104.0,35882240.0,92748.0,3.0,1156,3104.0,0.0,3091.6,1.11,1.0,3,MXI-6.27,MXI,MMM7
RFUD,2026-04-07,MMM7,3105.65,3104.0,3110.2,3110.2,35580688.0,186393.0,6.0,1144,3110.2,0.0,3106.55,0.2,1.0,5,MXI-6.27,MXI,MMM7
RFUD,2026-04-08,MMM7,3071.5,3071.5,3087.8,3080.2,35545508.0,154007.0,5.0,1154,3080.2,0.0,3080.14,-0.97,1.0,5,MXI-6.27,MXI,MMM7
RFUD,2026-04-09,MMM7,3061.9,3059.0,3066.55,3066.55,35667940.0,183805.5,6.0,1166,3059.0,0.0,3063.43,-0.44,1.0,6,MXI-6.27,MXI,MMM7
RFUD,2026-04-10,MMM7,3057.0,3057.0,3065.0,3065.0,35766900.0,153010.0,5.0,1170,3057.0,0.0,3060.2,-0.05,1.0,5,MXI-6.27,MXI,MMM7
RFUD,2026-04-13,MMM7,3065.0,3041.2,3066.75,3065.55,35252352.0,763554.0,25.0,1152,3060.1,0.0,3054.22,0.02,1.0,16,MXI-6.27,MXI,MMM7
RFUD,2026-04-14,MMM7,3066.7,3000.0,3066.7,3036.15,34149930.0,1669103.5,55.0,1124,3038.25,0.0,3034.73,-0.96,1.0,38,MXI-6.27,MXI,MMM7
RFUD,2026-04-15,MMM7,3066.75,2981.7,3070.75,3070.75,34130679.0,1059708.0,35.0,1122,3041.95,0.0,3027.74,1.14,2.0,22,MXI-6.27,MXI,MMM7
RFUD,2026-04-16,MMM7,0.0,0.0,0.0,0.0,34173876.0,0.0,0.0,1122,3045.8,0.0,0.0,0.0,0.0,0,MXI-6.27,MXI,MMM7
RFUD,2026-04-17,MMM7,3056.3,3031.45,3056.3,3031.45,34316014.0,182193.0,6.0,1132,3031.45,0.0,3036.55,0.0,1.0,6,MXI-6.27,MXI,MMM7
RFUD,2026-04-20,MMM7,3036.75,3026.3,3051.75,3051.75,34545810.0,334587.5,11.0,1132,3051.75,0.0,3041.7,0.67,1.0,11,MXI-6.27,MXI,MMM7
RFUD,2026-04-21,MMM7,3043.75,3043.7,3045.85,3043.7,34576432.0,91333.0,3.0,1136,3043.7,0.0,3044.43,-0.26,1.0,3,MXI-6.27,MXI,MMM7
RFUD,2026-04-22,MMM7,3045.0,3035.0,3052.7,3052.7,34546835.0,213089.0,7.0,1138,3035.75,0.0,3044.13,0.3,1.0,7,MXI-6.27,MXI,MMM7
RFUD,2026-04-23,MMM7,3033.55,3032.9,3044.0,3032.9,35137776.0,273153.0,9.0,1156,3039.6,0.0,3035.03,-0.65,2.0,8,MXI-6.27,MXI,MMM7
RFUD,2026-04-24,MMM7,3019.8,2998.0,3019.8,3003.35,35259329.0,661141.5,22.0,1174,3003.35,0.0,3005.19,-0.97,5.0,17,MXI-6.27,MXI,MMM7
RFUD,2026-04-27,MMM7,3003.35,2985.0,3007.9,3007.9,35336466.0,149879.5,5.0,1178,2999.7,0.0,2997.59,0.15,1.0,5,MXI-6.27,MXI,MMM7
RFUD,2026-04-28,MMM7,2984.7,2980.0,2985.0,2980.0,35402400.0,477015.0,16.0,1188,2980.0,0.0,2981.34,-0.93,1.0,16,MXI-6.27,MXI,MMM7
RFUD,2026-04-29,MMM7,2979.25,2913.55,2980.0,2956.3,35137413.0,1419026.5,48.0,1206,2913.55,0.0,2956.31,-0.8,1.0,24,MXI-6.27,MXI,MMM7
RFUD,2026-04-30,MMM7,2925.5,2920.0,2934.5,2932.4,35390070.0,146389.5,5.0,1206,2934.5,0.0,2927.79,-0.81,1.0,5,MXI-6.27,MXI,MMM7
RFUD,2026-05-04,MMM7,2927.5,2869.35,2927.5,2900.0,34974000.0,1773877.0,61.0,1206,2900.0,0.0,2908.0,-1.11,1.0,47,MXI-6.27,MXI,MMM7
RFUD,2026-05-05,MMM7,2893.0,2865.95,2920.75,2920.75,35131140.0,779196.0,27.0,1210,2903.4,0.0,2885.91,0.72,1.0,18,MXI-6.27,MXI,MMM7
RFUD,2026-05-06,MMM7,2896.25,2872.5,2901.35,2901.35,34858652.0,144484.0,5.0,1208,2885.65,0.0,2889.68,-0.66,1.0,5,MXI-6.27,MXI,MMM7
RFUD,2026-05-07,MMM7,2886.6,2886.6,2893.85,2893.85,34957708.0,57804.5,2.0,1208,2893.85,0.0,2890.23,-0.26,1.0,2,MXI-6.27,MXI,MMM7
RFUD,2026-05-08,MMM7,2870.8,2870.8,2886.0,2886.0,34862880.0,115288.0,4.0,1208,2886.0,0.0,2882.2,-0.27,1.0,4,MXI-6.27,MXI,MMM7
RFUD,2026-05-11,MMM7,2918.4,2907.0,2918.4,2907.0,35174700.0,58254.0,2.0,1210,2907.0,0.0,2912.7,0.73,1.0,2,MXI-6.27,MXI,MMM7
RFUD,2026-05-12,MMM7,2943.0,2943.0,2974.8,2960.4,35995080.0,118530.0,4.0,1210,2974.8,0.0,2963.25,1.84,1.0,4,MXI-6.27,MXI,MMM7
RFUD,2026-05-13,MMM7,2953.85,2953.85,2953.85,2953.85,35822655.0,29538.5,1.0,1210,2960.55,0.0,2953.85,-0.22,1.0,1,MXI-6.27,MXI,MMM7
RFUD,2026-05-14,MMM7,2954.0,2954.0,2954.0,2954.0,35653255.0,59080.0,2.0,1210,2946.55,0.0,2954.0,0.01,1.0,2,MXI-6.27,MXI,MMM7
RFUD,2026-05-15,MMM7,2909.2,2905.75,2919.2,2919.2,35275805.0,350069.5,12.0,1214,2905.75,0.0,2917.25,-1.18,1.0,7,MXI-6.27,MXI,MMM7
RFUD,2026-05-18,MMM7,2904.75,2901.05,2958.3,2958.3,35972928.0,205232.0,7.0,1216,2958.3,0.0,2931.89,1.34,2.0,6,MXI-6.27,MXI,MMM7
RFUD,2026-05-19,MMM7,2942.55,2928.05,2960.3,2960.3,35997248.0,117871.0,4.0,1216,2960.3,0.0,2946.78,0.07,1.0,4,MXI-6.27,MXI,MMM7
RFUD,2026-05-20,MMM7,2928.0,2909.2,2928.0,2911.05,35259504.0,349736.0,12.0,1212,2909.2,0.0,2914.47,-1.66,1.0,12,MXI-6.27,MXI,MMM7
RFUD,2026-05-21,MMM7,2901.05,2901.0,2901.05,2901.0,35542506.0,58020.5,2.0,1212,2932.55,0.0,2901.03,-0.35,1.0,2,MXI-6.27,MXI,MMM7
RFUD,2026-05-22,MMM7,2894.75,2894.75,2906.3,2906.3,35084370.0,86958.0,3.0,1212,2894.75,0.0,2898.6,0.18,1.0,3,MXI-6.27,MXI,MMM7
RFUD,2026-05-25,MMM7,2888.55,2860.65,2906.1,2881.0,34842717.0,431684.5,15.0,1218,2860.65,0.0,2877.9,-0.87,1.0,15,MXI-6.27,MXI,MMM7
RFUD,2026-05-26,MMM7,2860.0,2850.0,2868.0,2866.0,34975328.0,228525.0,8.0,1226,2852.8,0.0,2856.56,-0.52,1.0,8,MXI-6.27,MXI,MMM7
RFUD,2026-05-27,MMM7,2857.0,2857.0,2857.0,2857.0,35026820.0,28570.0,1.0,1226,2857.0,0.0,2857.0,-0.31,1.0,1,MXI-6.27,MXI,MMM7
RFUD,2024-01-03,MMU6,,,,,1191568.0,,,28,4255.6,0.0,,,,0,MXI-9.26,MXI,MMU6
RFUD,2024-01-04,MMU6,,,,,1168048.0,,,28,4171.6,0.0,,,,0,MXI-9.26,MXI,MMU6
RFUD,2024-01-05,MMU6,,,,,1124634.0,,,28,4016.55,0.0,,,,0,MXI-9.26,MXI,MMU6
RFUD,2024-01-08,MMU6,3856.05,3856.05,3900.0,3900.0,1208670.0,77560.5,2.0,30,4028.9,0.0,3878.03,,1.0,2,MXI-9.26,MXI,MMU6
RFUD,2024-01-09,MMU6,,,,,1206765.0,,,30,4022.55,0.0,,,,0,MXI-9.26,MXI,MMU6
RFUD,2024-01-10,MMU6,,,,,1204350.0,,,30,4014.5,0.0,,,,0,MXI-9.26,MXI,MMU6
RFUD,2024-01-11,MMU6,,,,,1207155.0,,,30,4023.85,0.0,,,,0,MXI-9.26,MXI,MMU6
RFUD,2024-01-12,MMU6,3900.0,3900.0,3900.0,3900.0,1227705.0,39000.0,1.0,30,4092.35,0.0,3900.0,,1.0,1,MXI-9.26,MXI,MMU6
RFUD,2024-01-15,MMU6,,,,,1227360.0,,,30,4091.2,0.0,,,,0,MXI-9.26,MXI,MMU6
RFUD,2024-01-16,MMU6,,,,,1218030.0,,,30,4060.1,0.0,,,,0,MXI-9.26,MXI,MMU6
RFUD,2024-01-17,MMU6,,,,,1228590.0,,,30,4095.3,0.0,,,,0,MXI-9.26,MXI,MMU6
RFUD,2024-01-18,MMU6,,,,,1222950.0,,,30,4076.5,0.0,,,,0,MXI-9.26,MXI,MMU6
RFUD,2024-01-19,MMU6,,,,,1208040.0,,,30,4026.8,0.0,,,,0,MXI-9.26,MXI,MMU6
RFUD,2024-01-22,MMU6,,,,,1205970.0,,,30,4019.9,0.0,,,,0,MXI-9.26,MXI,MMU6
RFUD,2024-01-23,MMU6,,,,,1228065.0,,,30,4093.55,0.0,,,,0,MXI-9.26,MXI,MMU6
RFUD,2024-01-24,MMU6,,,,,1199250.0,,,30,3997.5,0.0,,,,0,MXI-9.26,MXI,MMU6
RFUD,2024-01-25,MMU6,,,,,1228530.0,,,30,4095.1,0.0,,,,0,MXI-9.26,MXI,MMU6
RFUD,2024-01-26,MMU6,,,,,1181280.0,,,30,3937.6,0.0,,,,0,MXI-9.26,MXI,MMU6
RFUD,2024-01-29,MMU6,3977.7,3977.7,3977.7,3977.7,1113756.0,39777.0,1.0,28,3977.7,0.0,3977.7,,1.0,1,MXI-9.26,MXI,MMU6
RFUD,2024-01-30,MMU6,,,,,1110774.0,,,28,3967.05,0.0,,,,0,MXI-9.26,MXI,MMU6
RFUD,2024-01-31,MMU6,,,,,1110214.0,,,28,3965.05,0.0,,,,0,MXI-9.26,MXI,MMU6
RFUD,2024-02-01,MMU6,,,,,1115884.0,,,28,3985.3,0.0,,,,0,MXI-9.26,MXI,MMU6
RFUD,2024-02-02,MMU6,,,,,1118600.0,,,28,3995.0,0.0,,,,0,MXI-9.26,MXI,MMU6
RFUD,2024-02-05,MMU6,3995.0,3995.0,4191.25,4165.4,1125768.0,123516.5,3.0,28,4020.6,0.0,4117.22,,1.0,3,MXI-9.26,MXI,MMU6
RFUD,2024-02-06,MMU6,4098.1,4098.1,4098.1,4098.1,1228185.0,40981.0,1.0,30,4093.95,0.0,4098.1,-1.62,1.0,1,MXI-9.26,MXI,MMU6
RFUD,2024-02-07,MMU6,3996.0,3996.0,3996.0,3996.0,1121638.0,39960.0,1.0,28,4005.85,0.0,3996.0,-2.49,1.0,1,MXI-9.26,MXI,MMU6
RFUD,2024-02-08,MMU6,,,,,1121232.0,,,28,4004.4,0.0,,,,0,MXI-9.26,MXI,MMU6
RFUD,2024-02-09,MMU6,,,,,1125026.0,,,28,4017.95,0.0,,,,0,MXI-9.26,MXI,MMU6
RFUD,2024-02-12,MMU6,,,,,1128008.0,,,28,4028.6,0.0,,,,0,MXI-9.26,MXI,MMU6
RFUD,2024-02-13,MMU6,,,,,1120210.0,,,28,4000.75,0.0,,,,0,MXI-9.26,MXI,MMU6
RFUD,2024-02-14,MMU6,,,,,1119790.0,,,28,3999.25,0.0,,,,0,MXI-9.26,MXI,MMU6
RFUD,2024-02-15,MMU6,,,,,1120994.0,,,28,4003.55,0.0,,,,0,MXI-9.26,MXI,MMU6
RFUD,2024-02-16,MMU6,4005.3,4005.3,4005.3,4005.3,1201590.0,40053.0,1.0,30,4005.3,0.0,4005.3,,1.0,1,MXI-9.26,MXI,MMU6
RFUD,2024-02-19,MMU6,,,,,1200285.0,,,30,4000.95,0.0,,,,0,MXI-9.26,MXI,MMU6
RFUD,2024-02-20,MMU6,,,,,1196730.0,,,30,3989.1,0.0,,,,0,MXI-9.26,MXI,MMU6
RFUD,2024-02-21,MMU6,,,,,1204140.0,,,30,4013.8,0.0,,,,0,MXI-9.26,MXI,MMU6
RFUD,2024-02-22,MMU6,,,,,1198815.0,,,30,3996.05,0.0,,,,0,MXI-9.26,MXI,MMU6
RFUD,2024-02-26,MMU6,,,,,1201740.0,,,30,4005.8,0.0,,,,0,MXI-9.26,MXI,MMU6
RFUD,2024-02-27,MMU6,,,,,1164825.0,,,30,3882.75,0.0,,,,0,MXI-9.26,MXI,MMU6
RFUD,2024-02-28,MMU6,,,,,1163055.0,,,30,3876.85,0.0,,,,0,MXI-9.26,MXI,MMU6
RFUD,2024-02-29,MMU6,,,,,1167180.0,,,30,3890.6,0.0,,,,0,MXI-9.26,MXI,MMU6
RFUD,2024-03-01,MMU6,,,,,1162755.0,,,30,3875.85,0.0,,,,0,MXI-9.26,MXI,MMU6
RFUD,2024-03-04,MMU6,,,,,1156215.0,,,30,3854.05,0.0,,,,0,MXI-9.26,MXI,MMU6
RFUD,2024-03-05,MMU6,,,,,1164510.0,,,30,3881.7,0.0,,,,0,MXI-9.26,MXI,MMU6
RFUD,2024-03-06,MMU6,,,,,1173030.0,,,30,3910.1,0.0,,,,0,MXI-9.26,MXI,MMU6
RFUD,2024-03-07,MMU6,,,,,1176555.0,,,30,3921.85,0.0,,,,0,MXI-9.26,MXI,MMU6
RFUD,2024-03-11,MMU6,,,,,1181295.0,,,30,3937.65,0.0,,,,0,MXI-9.26,MXI,MMU6
RFUD,2024-03-12,MMU6,,,,,1185780.0,,,30,3952.6,0.0,,,,0,MXI-9.26,MXI,MMU6
RFUD,2024-03-13,MMU6,,,,,1188585.0,,,30,3961.95,0.0,,,,0,MXI-9.26,MXI,MMU6
RFUD,2024-03-14,MMU6,,,,,1203555.0,,,30,4011.85,0.0,,,,0,MXI-9.26,MXI,MMU6
RFUD,2024-03-15,MMU6,,,,,1197960.0,,,30,3993.2,0.0,,,,0,MXI-9.26,MXI,MMU6
RFUD,2024-03-18,MMU6,,,,,1205445.0,,,30,4018.15,0.0,,,,0,MXI-9.26,MXI,MMU6
RFUD,2024-03-19,MMU6,3915.8,3915.8,4017.5,4017.5,1124900.0,79333.0,2.0,28,4017.5,0.0,3966.65,,1.0,2,MXI-9.26,MXI,MMU6
RFUD,2024-03-20,MMU6,3938.3,3920.75,4037.95,4037.95,1126230.0,159287.5,4.0,28,4022.25,0.0,3982.19,0.51,1.0,4,MXI-9.26,MXI,MMU6
RFUD,2024-03-21,MMU6,,,,,1124816.0,,,28,4017.2,0.0,,,,0,MXI-9.26,MXI,MMU6
RFUD,2024-03-22,MMU6,,,,,1116710.0,,,28,3988.25,0.0,,,,0,MXI-9.26,MXI,MMU6
RFUD,2024-03-25,MMU6,3952.3,3952.3,3952.3,3952.3,1106644.0,39523.0,1.0,28,3952.3,0.0,3952.3,,1.0,1,MXI-9.26,MXI,MMU6
RFUD,2024-03-26,MMU6,,,,,1110088.0,,,28,3964.6,0.0,,,,0,MXI-9.26,MXI,MMU6
RFUD,2024-03-27,MMU6,,,,,1114274.0,,,28,3979.55,0.0,,,,0,MXI-9.26,MXI,MMU6
RFUD,2024-03-28,MMU6,,,,,1113392.0,,,28,3976.4,0.0,,,,0,MXI-9.26,MXI,MMU6
RFUD,2024-03-29,MMU6,,,,,1112482.0,,,28,3973.15,0.0,,,,0,MXI-9.26,MXI,MMU6
RFUD,2024-04-01,MMU6,,,,,1114918.0,,,28,3981.85,0.0,,,,0,MXI-9.26,MXI,MMU6
RFUD,2024-04-02,MMU6,,,,,1114680.0,,,28,3981.0,0.0,,,,0,MXI-9.26,MXI,MMU6
RFUD,2024-04-03,MMU6,,,,,1113854.0,,,28,3978.05,0.0,,,,0,MXI-9.26,MXI,MMU6
RFUD,2024-04-04,MMU6,,,,,1116612.0,,,28,3987.9,0.0,,,,0,MXI-9.26,MXI,MMU6
RFUD,2024-04-05,MMU6,,,,,1099168.0,,,28,3925.6,0.0,,,,0,MXI-9.26,MXI,MMU6
RFUD,2024-04-08,MMU6,,,,,1106952.0,,,28,3953.4,0.0,,,,0,MXI-9.26,MXI,MMU6
RFUD,2024-04-09,MMU6,,,,,1108268.0,,,28,3958.1,0.0,,,,0,MXI-9.26,MXI,MMU6
RFUD,2024-04-10,MMU6,4125.5,4125.5,4125.5,4125.5,1123178.0,41255.0,1.0,28,4011.35,0.0,4125.5,,1.0,1,MXI-9.26,MXI,MMU6
RFUD,2024-04-11,MMU6,4125.55,4125.55,4125.55,4125.55,1285280.0,82511.0,2.0,32,4016.5,0.0,4125.55,0.0,1.0,2,MXI-9.26,MXI,MMU6
RFUD,2024-04-12,MMU6,,,,,1287024.0,,,32,4021.95,0.0,,,,0,MXI-9.26,MXI,MMU6
RFUD,2024-04-15,MMU6,4016.55,4016.5,4016.55,4016.5,1701000.0,200825.5,5.0,42,4050.0,0.0,4016.51,,4.0,2,MXI-9.26,MXI,MMU6
RFUD,2024-04-16,MMU6,4025.0,4025.0,4025.0,4025.0,1771000.0,40250.0,1.0,44,4025.0,0.0,4025.0,0.21,1.0,1,MXI-9.26,MXI,MMU6
RFUD,2024-04-17,MMU6,,,,,1754720.0,,,44,3988.0,0.0,,,,0,MXI-9.26,MXI,MMU6
RFUD,2024-04-18,MMU6,,,,,1754720.0,,,44,3988.0,0.0,,,,0,MXI-9.26,MXI,MMU6
RFUD,2024-04-19,MMU6,,,,,1753400.0,,,44,3985.0,0.0,,,,0,MXI-9.26,MXI,MMU6
RFUD,2024-04-22,MMU6,,,,,1753796.0,,,44,3985.9,0.0,,,,0,MXI-9.26,MXI,MMU6
RFUD,2024-04-23,MMU6,,,,,1753708.0,,,44,3985.7,0.0,,,,0,MXI-9.26,MXI,MMU6
RFUD,2024-04-24,MMU6,3985.7,3985.7,3985.7,3985.7,1992850.0,159428.0,4.0,50,3985.7,0.0,3985.7,,3.0,2,MXI-9.26,MXI,MMU6
RFUD,2024-04-25,MMU6,,,,,1975000.0,,,50,3950.0,0.0,,,,0,MXI-9.26,MXI,MMU6
RFUD,2024-04-26,MMU6,,,,,1954725.0,,,50,3909.45,0.0,,,,0,MXI-9.26,MXI,MMU6
RFUD,2024-04-27,MMU6,,,,,1951000.0,,,50,3902.0,0.0,,,,0,MXI-9.26,MXI,MMU6
RFUD,2024-04-29,MMU6,,,,,1958350.0,,,50,3916.7,0.0,,,,0,MXI-9.26,MXI,MMU6
RFUD,2024-04-30,MMU6,,,,,1953625.0,,,50,3907.25,0.0,,,,0,MXI-9.26,MXI,MMU6
RFUD,2024-05-02,MMU6,,,,,1957975.0,,,50,3915.95,0.0,,,,0,MXI-9.26,MXI,MMU6
RFUD,2024-05-03,MMU6,,,,,1957000.0,,,50,3914.0,0.0,,,,0,MXI-9.26,MXI,MMU6
RFUD,2024-05-06,MMU6,,,,,1934425.0,,,50,3868.85,0.0,,,,0,MXI-9.26,MXI,MMU6
RFUD,2024-05-07,MMU6,,,,,1957700.0,,,50,3915.4,0.0,,,,0,MXI-9.26,MXI,MMU6
RFUD,2024-05-08,MMU6,,,,,1957300.0,,,50,3914.6,0.0,,,,0,MXI-9.26,MXI,MMU6
RFUD,2024-05-10,MMU6,,,,,1960350.0,,,50,3920.7,0.0,,,,0,MXI-9.26,MXI,MMU6
RFUD,2024-05-13,MMU6,,,,,1969775.0,,,50,3939.55,0.0,,,,0,MXI-9.26,MXI,MMU6
RFUD,2024-05-14,MMU6,,,,,2036850.0,,,50,4073.7,0.0,,,,0,MXI-9.26,MXI,MMU6
RFUD,2024-05-15,MMU6,4095.45,4095.45,4095.45,4095.45,2157705.0,81909.0,2.0,54,3995.75,0.0,4095.45,,1.0,2,MXI-9.26,MXI,MMU6
RFUD,2024-05-16,MMU6,,,,,2150712.0,,,54,3982.8,0.0,,,,0,MXI-9.26,MXI,MMU6
RFUD,2024-05-17,MMU6,,,,,2146338.0,,,54,3974.7,0.0,,,,0,MXI-9.26,MXI,MMU6
RFUD,2024-05-20,MMU6,,,,,2163888.0,,,54,4007.2,0.0,,,,0,MXI-9.26,MXI,MMU6
RFUD,2024-05-21,MMU6,,,,,2142585.0,,,54,3967.75,0.0,,,,0,MXI-9.26,MXI,MMU6
RFUD,2024-05-22,MMU6,,,,,2140884.0,,,54,3964.6,0.0,,,,0,MXI-9.26,MXI,MMU6
RFUD,2024-05-23,MMU6,,,,,2150442.0,,,54,3982.3,0.0,,,,0,MXI-9.26,MXI,MMU6
RFUD,2024-05-24,MMU6,,,,,2154006.0,,,54,3988.9,0.0,,,,0,MXI-9.26,MXI,MMU6
RFUD,2024-05-27,MMU6,,,,,2171070.0,,,54,4020.5,0.0,,,,0,MXI-9.26,MXI,MMU6
RFUD,2024-05-28,MMU6,,,,,2158704.0,,,54,3997.6,0.0,,,,0,MXI-9.26,MXI,MMU6
RFUD,2024-05-29,MMU6,,,,,2174580.0,,,54,4027.0,0.0,,,,0,MXI-9.26,MXI,MMU6
RFUD,2024-05-30,MMU6,3820.65,3820.65,3820.65,3820.65,1993966.0,38206.5,1.0,52,3834.55,0.0,3820.65,,1.0,1,MXI-9.26,MXI,MMU6
RFUD,2024-05-31,MMU6,3956.65,3956.65,3956.65,3956.65,2086992.0,39566.5,1.0,54,3864.8,0.0,3956.65,3.56,1.0,1,MXI-9.26,MXI,MMU6
RFUD,2024-06-03,MMU6,3939.5,3751.0,3939.5,3751.0,2025540.0,191433.5,5.0,54,3751.0,0.0,3828.67,-5.2,1.0,5,MXI-9.26,MXI,MMU6
RFUD,2024-06-04,MMU6,,,,,2008530.0,,,54,3719.5,0.0,,,,0,MXI-9.26,MXI,MMU6
RFUD,2024-06-05,MMU6,,,,,2037069.0,,,54,3772.35,0.0,,,,0,MXI-9.26,MXI,MMU6
RFUD,2024-06-06,MMU6,4048.85,4048.85,4048.85,4048.85,2047032.0,40488.5,1.0,54,3790.8,0.0,4048.85,,1.0,1,MXI-9.26,MXI,MMU6
RFUD,2024-06-07,MMU6,,,,,2000457.0,,,54,3704.55,0.0,,,,0,MXI-9.26,MXI,MMU6
RFUD,2024-06-10,MMU6,,,,,2097198.0,,,54,3883.7,0.0,,,,0,MXI-9.26,MXI,MMU6
RFUD,2024-06-11,MMU6,3713.25,3713.25,3713.25,3713.25,2049320.0,37132.5,1.0,52,3941.0,0.0,3713.25,,1.0,1,MXI-9.26,MXI,MMU6
RFUD,2024-06-13,MMU6,,,,,2045628.0,,,52,3933.9,0.0,,,,0,MXI-9.26,MXI,MMU6
RFUD,2024-06-14,MMU6,3865.2,3865.2,3865.25,3865.25,2192064.0,77304.5,2.0,56,3914.4,0.0,3865.23,,1.0,2,MXI-9.26,MXI,MMU6
RFUD,2024-06-17,MMU6,,,,,2184000.0,,,56,3900.0,0.0,,,,0,MXI-9.26,MXI,MMU6
RFUD,2024-06-18,MMU6,,,,,2176692.0,,,56,3886.95,0.0,,,,0,MXI-9.26,MXI,MMU6
RFUD,2024-06-19,MMU6,,,,,2090844.0,,,56,3733.65,0.0,,,,0,MXI-9.26,MXI,MMU6
RFUD,2024-06-20,MMU6,3865.0,3865.0,3865.0,3865.0,2179437.0,38650.0,1.0,58,3757.65,0.0,3865.0,,1.0,1,MXI-9.26,MXI,MMU6
RFUD,2024-06-21,MMU6,,,,,2249385.0,,,58,3878.25,0.0,,,,0,MXI-9.26,MXI,MMU6
RFUD,2024-06-24,MMU6,,,,,2189239.0,,,58,3774.55,0.0,,,,0,MXI-9.26,MXI,MMU6
RFUD,2024-06-25,MMU6,,,,,2215310.0,,,58,3819.5,0.0,,,,0,MXI-9.26,MXI,MMU6
RFUD,2024-06-26,MMU6,3751.5,3751.5,3751.5,3751.5,2180684.0,37515.0,1.0,58,3759.8,0.0,3751.5,,1.0,1,MXI-9.26,MXI,MMU6
RFUD,2024-06-27,MMU6,3776.15,3764.3,4091.55,3764.3,2152815.0,307444.0,8.0,58,3711.75,0.0,3843.05,0.34,1.0,8,MXI-9.26,MXI,MMU6
RFUD,2024-06-28,MMU6,,,,,2159688.0,,,58,3723.6,0.0,,,,0,MXI-9.26,MXI,MMU6
RFUD,2024-07-01,MMU6,,,,,2183352.0,,,58,3764.4,0.0,,,,0,MXI-9.26,MXI,MMU6
RFUD,2024-07-02,MMU6,3900.0,3900.0,3900.0,3900.0,2184000.0,78000.0,2.0,56,3900.0,0.0,3900.0,,1.0,2,MXI-9.26,MXI,MMU6
RFUD,2024-07-03,MMU6,3950.0,3950.0,3950.0,3950.0,2206400.0,39500.0,1.0,56,3940.0,0.0,3950.0,1.28,1.0,1,MXI-9.26,MXI,MMU6
RFUD,2024-07-04,MMU6,3797.2,3797.2,3797.2,3797.2,2126432.0,37972.0,1.0,56,3797.2,0.0,3797.2,-3.87,1.0,1,MXI-9.26,MXI,MMU6
RFUD,2024-07-05,MMU6,,,,,2082724.0,,,56,3719.15,0.0,,,,0,MXI-9.26,MXI,MMU6
RFUD,2024-07-08,MMU6,,,,,2052904.0,,,56,3665.9,0.0,,,,0,MXI-9.26,MXI,MMU6
RFUD,2024-07-09,MMU6,,,,,2056852.0,,,56,3672.95,0.0,,,,0,MXI-9.26,MXI,MMU6
RFUD,2024-07-10,MMU6,,,,,2039128.0,,,56,3641.3,0.0,,,,0,MXI-9.26,MXI,MMU6
RFUD,2024-07-11,MMU6,3785.15,3730.15,3797.2,3797.2,2154900.0,151097.0,4.0,60,3591.5,0.0,3777.43,,1.0,4,MXI-9.26,MXI,MMU6
RFUD,2024-07-12,MMU6,,,,,2189190.0,,,60,3648.65,0.0,,,,0,MXI-9.26,MXI,MMU6
RFUD,2024-07-15,MMU6,,,,,2178420.0,,,60,3630.7,0.0,,,,0,MXI-9.26,MXI,MMU6
RFUD,2024-07-16,MMU6,,,,,2211810.0,,,60,3686.35,0.0,,,,0,MXI-9.26,MXI,MMU6
RFUD,2024-07-17,MMU6,,,,,2133150.0,,,60,3555.25,0.0,,,,0,MXI-9.26,MXI,MMU6
RFUD,2024-07-18,MMU6,,,,,2153190.0,,,60,3588.65,0.0,,,,0,MXI-9.26,MXI,MMU6
RFUD,2024-07-19,MMU6,,,,,2170080.0,,,60,3616.8,0.0,,,,0,MXI-9.26,MXI,MMU6
RFUD,2024-07-22,MMU6,3799.95,3650.85,3799.95,3650.85,2176740.0,111016.5,3.0,60,3627.9,0.0,3700.55,,1.0,3,MXI-9.26,MXI,MMU6
RFUD,2024-07-23,MMU6,3772.1,3620.45,3772.1,3620.45,2176200.0,73925.5,2.0,60,3627.0,0.0,3696.28,-0.83,1.0,2,MXI-9.26,MXI,MMU6
RFUD,2024-07-24,MMU6,,,,,2182200.0,,,60,3637.0,0.0,,,,0,MXI-9.26,MXI,MMU6
RFUD,2024-07-25,MMU6,,,,,2182200.0,,,60,3637.0,0.0,,,,0,MXI-9.26,MXI,MMU6
RFUD,2024-07-26,MMU6,3637.0,3617.5,3893.3,3617.5,2172000.0,186500.0,5.0,60,3620.0,0.0,3730.0,,1.0,5,MXI-9.26,MXI,MMU6
RFUD,2024-07-29,MMU6,3577.0,3491.8,3577.0,3560.0,2391560.0,320033.5,9.0,68,3517.0,0.0,3555.93,-1.59,1.0,8,MXI-9.26,MXI,MMU6
RFUD,2024-07-30,MMU6,3648.0,3648.0,3648.0,3648.0,2363922.0,36480.0,1.0,66,3581.7,0.0,3648.0,2.47,1.0,1,MXI-9.26,MXI,MMU6
RFUD,2024-07-31,MMU6,3377.55,3377.55,3771.3,3459.15,2158623.0,176080.0,5.0,62,3481.65,0.0,3521.6,-5.18,1.0,5,MXI-9.26,MXI,MMU6
RFUD,2024-08-01,MMU6,3368.35,3368.35,3697.75,3697.75,2159863.0,107406.5,3.0,62,3483.65,0.0,3580.22,6.9,1.0,3,MXI-9.26,MXI,MMU6
RFUD,2024-08-02,MMU6,3560.0,3560.0,3665.05,3665.05,2424642.0,107870.5,3.0,66,3673.7,0.0,3595.68,-0.88,1.0,3,MXI-9.26,MXI,MMU6
RFUD,2024-08-05,MMU6,3580.05,3560.0,3580.05,3560.0,2895280.0,357301.0,10.0,80,3619.1,0.0,3573.01,-2.87,1.0,8,MXI-9.26,MXI,MMU6
RFUD,2024-08-06,MMU6,,,,,2817680.0,,,80,3522.1,0.0,,,,0,MXI-9.26,MXI,MMU6
RFUD,2024-08-07,MMU6,,,,,2891040.0,,,80,3613.8,0.0,,,,0,MXI-9.26,MXI,MMU6
RFUD,2024-08-08,MMU6,3580.0,3580.0,3613.8,3613.8,2746488.0,144214.0,4.0,76,3613.8,0.0,3605.35,,3.0,2,MXI-9.26,MXI,MMU6
RFUD,2024-08-09,MMU6,3554.95,3554.95,3640.0,3565.0,2638174.0,360589.0,10.0,74,3565.1,0.0,3605.89,-1.35,2.0,7,MXI-9.26,MXI,MMU6
RFUD,2024-08-12,MMU6,,,,,2696227.0,,,74,3643.55,0.0,,,,0,MXI-9.26,MXI,MMU6
RFUD,2024-08-13,MMU6,,,,,2703220.0,,,74,3653.0,0.0,,,,0,MXI-9.26,MXI,MMU6
RFUD,2024-08-14,MMU6,3596.95,3596.95,3596.95,3596.95,2661743.0,35969.5,1.0,74,3596.95,0.0,3596.95,,1.0,1,MXI-9.26,MXI,MMU6
RFUD,2024-08-15,MMU6,3562.8,3562.7,3562.8,3562.7,2707652.0,71255.0,2.0,76,3562.7,0.0,3562.75,-0.95,1.0,2,MXI-9.26,MXI,MMU6
RFUD,2024-08-16,MMU6,,,,,2714720.0,,,76,3572.0,0.0,,,,0,MXI-9.26,MXI,MMU6
RFUD,2024-08-19,MMU6,3553.75,3553.75,3553.75,3553.75,2697202.0,35537.5,1.0,76,3548.95,0.0,3553.75,,1.0,1,MXI-9.26,MXI,MMU6
RFUD,2024-08-20,MMU6,3524.1,3524.1,3524.1,3524.1,2678316.0,35241.0,1.0,76,3524.1,0.0,3524.1,-0.83,1.0,1,MXI-9.26,MXI,MMU6
RFUD,2024-08-21,MMU6,3535.4,3499.45,3535.4,3499.45,2659582.0,70348.5,2.0,76,3499.45,0.0,3517.43,-0.7,1.0,2,MXI-9.26,MXI,MMU6
RFUD,2024-08-22,MMU6,,,,,2667790.0,,,76,3510.25,0.0,,,,0,MXI-9.26,MXI,MMU6
RFUD,2024-08-23,MMU6,3471.35,3470.75,3471.35,3470.75,2637770.0,69421.0,2.0,76,3470.75,0.0,3471.05,,1.0,2,MXI-9.26,MXI,MMU6
RFUD,2024-08-26,MMU6,3550.0,3550.0,3550.0,3550.0,2698000.0,71000.0,2.0,76,3550.0,0.0,3550.0,2.28,1.0,2,MXI-9.26,MXI,MMU6
RFUD,2024-08-27,MMU6,,,,,2625344.0,,,76,3454.4,0.0,,,,0,MXI-9.26,MXI,MMU6
RFUD,2024-08-28,MMU6,3461.45,3458.1,3461.45,3458.1,2970660.0,138400.0,4.0,84,3536.5,0.0,3460.0,,1.0,3,MXI-9.26,MXI,MMU6
RFUD,2024-08-29,MMU6,,,,,2887542.0,,,84,3437.55,0.0,,,,0,MXI-9.26,MXI,MMU6
RFUD,2024-08-30,MMU6,3451.0,3450.4,3451.0,3450.4,3105360.0,345058.0,10.0,90,3450.4,0.0,3450.58,,1.0,7,MXI-9.26,MXI,MMU6
RFUD,2024-09-02,MMU6,3450.4,3402.2,3455.2,3402.2,3130024.0,206227.5,6.0,92,3402.2,0.0,3437.13,-1.4,1.0,5,MXI-9.26,MXI,MMU6
RFUD,2024-09-03,MMU6,3399.95,3399.95,3400.05,3400.0,3127954.0,238000.0,7.0,92,3399.95,0.0,3400.0,-0.07,1.0,5,MXI-9.26,MXI,MMU6
RFUD,2024-09-04,MMU6,3399.0,3399.0,3430.0,3430.0,3087000.0,170260.0,5.0,90,3430.0,0.0,3405.2,0.88,1.0,2,MXI-9.26,MXI,MMU6
RFUD,2024-09-05,MMU6,3400.55,3400.55,3402.25,3402.25,3062025.0,68028.0,2.0,90,3402.25,0.0,3401.4,-0.81,1.0,2,MXI-9.26,MXI,MMU6
RFUD,2024-09-06,MMU6,,,,,3069000.0,,,90,3410.0,0.0,,,,0,MXI-9.26,MXI,MMU6
RFUD,2024-09-09,MMU6,3420.0,3402.75,3429.0,3423.7,2881200.0,411021.5,12.0,84,3430.0,0.0,3425.18,,1.0,7,MXI-9.26,MXI,MMU6
RFUD,2024-09-10,MMU6,3429.95,3407.95,3429.95,3407.95,2862678.0,68379.0,2.0,84,3407.95,0.0,3418.95,-0.46,1.0,2,MXI-9.26,MXI,MMU6
RFUD,2024-09-11,MMU6,,,,,2883720.0,,,84,3433.0,0.0,,,,0,MXI-9.26,MXI,MMU6
RFUD,2024-09-12,MMU6,3386.85,3321.0,3386.9,3363.3,3228768.0,904584.0,27.0,96,3363.3,0.0,3350.31,,1.0,14,MXI-9.26,MXI,MMU6
RFUD,2024-09-13,MMU6,3429.15,3407.25,3629.0,3415.0,2897832.0,1280955.5,37.0,84,3449.8,0.0,3462.04,1.54,1.0,34,MXI-9.26,MXI,MMU6
RFUD,2024-09-16,MMU6,3447.6,3447.6,3447.6,3447.6,2753847.0,34476.0,1.0,82,3358.35,0.0,3447.6,0.95,1.0,1,MXI-9.26,MXI,MMU6
RFUD,2024-09-17,MMU6,,,,,2845400.0,,,82,3470.0,0.0,,,,0,MXI-9.26,MXI,MMU6
RFUD,2024-09-18,MMU6,3488.0,3488.0,3488.0,3488.0,2853600.0,34880.0,1.0,82,3480.0,0.0,3488.0,,1.0,1,MXI-9.26,MXI,MMU6
RFUD,2024-09-19,MMU6,,,,,2852821.0,,,82,3479.05,0.0,,,,0,MXI-9.26,MXI,MMU6
RFUD,2024-09-20,MMU6,3450.35,3448.0,3450.35,3448.0,2923032.0,103473.5,3.0,84,3479.8,0.0,3449.12,,1.0,3,MXI-9.26,MXI,MMU6
RFUD,2024-09-23,MMU6,,,,,2921520.0,,,84,3478.0,0.0,,,,0,MXI-9.26,MXI,MMU6
RFUD,2024-09-24,MMU6,3502.0,3500.0,3502.0,3500.0,2940000.0,140040.0,4.0,84,3500.0,0.0,3501.0,,1.0,4,MXI-9.26,MXI,MMU6
RFUD,2024-09-25,MMU6,,,,,2948232.0,,,84,3509.8,0.0,,,,0,MXI-9.26,MXI,MMU6
RFUD,2024-09-26,MMU6,3493.35,3493.35,3493.35,3493.35,3006560.0,34933.5,1.0,86,3496.0,0.0,3493.35,,1.0,1,MXI-9.26,MXI,MMU6
RFUD,2024-09-27,MMU6,,,,,3006560.0,,,86,3496.0,0.0,,,,0,MXI-9.26,MXI,MMU6
RFUD,2024-09-30,MMU6,3496.0,3496.0,3496.0,3496.0,3006560.0,104880.0,3.0,86,3496.0,0.0,3496.0,,1.0,3,MXI-9.26,MXI,MMU6
RFUD,2024-10-01,MMU6,3459.85,3459.85,3459.85,3459.85,2906274.0,34598.5,1.0,84,3459.85,0.0,3459.85,-1.03,1.0,1,MXI-9.26,MXI,MMU6
RFUD,2024-10-02,MMU6,,,,,2919756.0,,,84,3475.9,0.0,,,,0,MXI-9.26,MXI,MMU6
RFUD,2024-10-03,MMU6,3412.0,3402.0,3415.0,3402.0,2833961.0,102290.0,3.0,82,3456.05,0.0,3409.67,,1.0,3,MXI-9.26,MXI,MMU6
RFUD,2024-10-04,MMU6,,,,,2837200.0,,,82,3460.0,0.0,,,,0,MXI-9.26,MXI,MMU6
RFUD,2024-10-07,MMU6,,,,,2831009.0,,,82,3452.45,0.0,,,,0,MXI-9.26,MXI,MMU6
RFUD,2024-10-08,MMU6,,,,,2842653.0,,,82,3466.65,0.0,,,,0,MXI-9.26,MXI,MMU6
RFUD,2024-10-09,MMU6,,,,,2796077.0,,,82,3409.85,0.0,,,,0,MXI-9.26,MXI,MMU6
RFUD,2024-10-10,MMU6,,,,,2805138.0,,,82,3420.9,0.0,,,,0,MXI-9.26,MXI,MMU6
RFUD,2024-10-11,MMU6,3395.0,3395.0,3395.0,3395.0,2783900.0,33950.0,1.0,82,3395.0,0.0,3395.0,,1.0,1,MXI-9.26,MXI,MMU6
RFUD,2024-10-14,MMU6,3388.75,3388.75,3388.75,3388.75,2778775.0,33887.5,1.0,82,3388.75,0.0,3388.75,-0.18,1.0,1,MXI-9.26,MXI,MMU6
RFUD,2024-10-15,MMU6,3420.5,3420.5,3420.5,3420.5,2667990.0,68410.0,2.0,78,3420.5,0.0,3420.5,0.94,1.0,2,MXI-9.26,MXI,MMU6
RFUD,2024-10-16,MMU6,,,,,2667990.0,,,78,3420.5,0.0,,,,0,MXI-9.26,MXI,MMU6
RFUD,2024-10-17,MMU6,,,,,2667990.0,,,78,3420.5,0.0,,,,0,MXI-9.26,MXI,MMU6
RFUD,2024-10-18,MMU6,3394.0,3394.0,3394.0,3394.0,2647320.0,33940.0,1.0,78,3394.0,0.0,3394.0,,1.0,1,MXI-9.26,MXI,MMU6
RFUD,2024-10-21,MMU6,,,,,2666820.0,,,78,3419.0,0.0,,,,0,MXI-9.26,MXI,MMU6
RFUD,2024-10-22,MMU6,,,,,2666820.0,,,78,3419.0,0.0,,,,0,MXI-9.26,MXI,MMU6
RFUD,2024-10-23,MMU6,,,,,2662920.0,,,78,3414.0,0.0,,,,0,MXI-9.26,MXI,MMU6
RFUD,2024-10-24,MMU6,3369.0,3369.0,3369.0,3369.0,2627820.0,33690.0,1.0,78,3369.0,0.0,3369.0,,1.0,1,MXI-9.26,MXI,MMU6
RFUD,2024-10-25,MMU6,3400.0,3364.75,3400.0,3364.75,2489915.0,169177.5,5.0,74,3364.75,0.0,3383.55,-0.13,1.0,5,MXI-9.26,MXI,MMU6
RFUD,2024-10-28,MMU6,3357.45,3306.0,3357.45,3306.0,2248080.0,199114.5,6.0,68,3306.0,0.0,3318.58,-1.75,1.0,5,MXI-9.26,MXI,MMU6
RFUD,2024-10-29,MMU6,,,,,2237200.0,,,68,3290.0,0.0,,,,0,MXI-9.26,MXI,MMU6
RFUD,2024-10-30,MMU6,3351.4,3351.4,3351.4,3351.4,2315250.0,33514.0,1.0,70,3307.5,0.0,3351.4,,1.0,1,MXI-9.26,MXI,MMU6
RFUD,2024-10-31,MMU6,3274.55,3274.55,3274.55,3274.55,2292185.0,65491.0,2.0,70,3274.55,0.0,3274.55,-2.29,1.0,2,MXI-9.26,MXI,MMU6
RFUD,2024-11-01,MMU6,3269.0,3269.0,3275.0,3275.0,1899500.0,229150.0,7.0,58,3275.0,0.0,3273.57,0.01,2.0,4,MXI-9.26,MXI,MMU6
RFUD,2024-11-02,MMU6,,,,,1916842.0,,,58,3304.9,0.0,,,,0,MXI-9.26,MXI,MMU6
RFUD,2024-11-05,MMU6,,,,,1919278.0,,,58,3309.1,0.0,,,,0,MXI-9.26,MXI,MMU6
RFUD,2024-11-06,MMU6,3349.3,3263.95,3393.5,3393.5,1829828.0,166667.0,5.0,56,3267.55,0.0,3333.34,,1.0,5,MXI-9.26,MXI,MMU6
RFUD,2024-11-07,MMU6,,,,,1855672.0,,,56,3313.7,0.0,,,,0,MXI-9.26,MXI,MMU6
RFUD,2024-11-08,MMU6,,,,,1914640.0,,,56,3419.0,0.0,,,,0,MXI-9.26,MXI,MMU6
RFUD,2024-11-11,MMU6,3420.0,3380.0,3450.0,3380.0,1859409.0,170690.0,5.0,54,3443.35,0.0,3413.8,,1.0,5,MXI-9.26,MXI,MMU6
RFUD,2024-11-12,MMU6,,,,,1843992.0,,,54,3414.8,0.0,,,,0,MXI-9.26,MXI,MMU6
RFUD,2024-11-13,MMU6,,,,,1853442.0,,,54,3432.3,0.0,,,,0,MXI-9.26,MXI,MMU6
RFUD,2024-11-14,MMU6,,,,,1820907.0,,,54,3372.05,0.0,,,,0,MXI-9.26,MXI,MMU6
RFUD,2024-11-15,MMU6,,,,,1833057.0,,,54,3394.55,0.0,,,,0,MXI-9.26,MXI,MMU6
RFUD,2024-11-18,MMU6,,,,,1820070.0,,,54,3370.5,0.0,,,,0,MXI-9.26,MXI,MMU6
RFUD,2024-11-19,MMU6,3363.0,3337.0,3363.0,3337.0,1823094.0,67000.0,2.0,54,3376.1,0.0,3350.0,,1.0,2,MXI-9.26,MXI,MMU6
RFUD,2024-11-20,MMU6,3333.0,3333.0,3333.0,3333.0,1869280.0,33330.0,1.0,56,3338.0,0.0,3333.0,-0.12,1.0,1,MXI-9.26,MXI,MMU6
RFUD,2024-11-21,MMU6,,,,,1860460.0,,,56,3322.25,0.0,,,,0,MXI-9.26,MXI,MMU6
RFUD,2024-11-22,MMU6,,,,,1811908.0,,,56,3235.55,0.0,,,,0,MXI-9.26,MXI,MMU6
RFUD,2024-11-25,MMU6,3296.0,3296.0,3296.0,3296.0,1862476.0,32960.0,1.0,56,3325.85,0.0,3296.0,,1.0,1,MXI-9.26,MXI,MMU6
RFUD,2024-11-26,MMU6,3265.0,3262.0,3265.0,3262.0,1847244.0,65270.0,2.0,56,3298.65,0.0,3263.5,-1.03,1.0,2,MXI-9.26,MXI,MMU6
RFUD,2024-11-27,MMU6,3280.0,3280.0,3280.0,3280.0,1902400.0,32800.0,1.0,58,3280.0,0.0,3280.0,0.55,1.0,1,MXI-9.26,MXI,MMU6
RFUD,2024-11-28,MMU6,,,,,1945668.0,,,58,3354.6,0.0,,,,0,MXI-9.26,MXI,MMU6
RFUD,2024-11-29,MMU6,3313.0,3313.0,3313.0,3313.0,1957500.0,33130.0,1.0,58,3375.0,0.0,3313.0,,1.0,1,MXI-9.26,MXI,MMU6
RFUD,2024-12-02,MMU6,3370.4,3370.4,3373.1,3373.1,2023860.0,67435.0,2.0,60,3373.1,0.0,3371.75,1.81,1.0,2,MXI-9.26,MXI,MMU6
RFUD,2024-12-03,MMU6,3238.0,3204.05,3387.0,3283.95,2251970.0,1149118.0,35.0,70,3217.1,0.0,3283.19,-2.64,1.0,24,MXI-9.26,MXI,MMU6
RFUD,2024-12-04,MMU6,,,,,2312660.0,,,70,3303.8,0.0,,,,0,MXI-9.26,MXI,MMU6
RFUD,2024-12-05,MMU6,3222.25,3220.0,3288.0,3221.0,2323055.0,357375.0,11.0,70,3318.65,0.0,3248.86,,1.0,9,MXI-9.26,MXI,MMU6
RFUD,2024-12-06,MMU6,3353.7,3252.95,3353.7,3252.95,2268000.0,66066.5,2.0,70,3240.0,0.0,3303.33,0.99,1.0,2,MXI-9.26,MXI,MMU6
RFUD,2024-12-09,MMU6,,,,,2346575.0,,,70,3352.25,0.0,,,,0,MXI-9.26,MXI,MMU6
RFUD,2024-12-10,MMU6,3343.0,3343.0,3343.0,3343.0,2336635.0,33430.0,1.0,70,3338.05,0.0,3343.0,,1.0,1,MXI-9.26,MXI,MMU6
RFUD,2024-12-11,MMU6,,,,,2307900.0,,,70,3297.0,0.0,,,,0,MXI-9.26,MXI,MMU6
RFUD,2024-12-12,MMU6,,,,,2333100.0,,,70,3333.0,0.0,,,,0,MXI-9.26,MXI,MMU6
RFUD,2024-12-13,MMU6,,,,,2271115.0,,,70,3244.45,0.0,,,,0,MXI-9.26,MXI,MMU6
RFUD,2024-12-16,MMU6,3263.0,3263.0,3263.0,3263.0,2284100.0,32630.0,1.0,70,3263.0,0.0,3263.0,,1.0,1,MXI-9.26,MXI,MMU6
RFUD,2024-12-17,MMU6,3258.0,3258.0,3258.0,3258.0,2295230.0,32580.0,1.0,70,3278.9,0.0,3258.0,-0.15,1.0,1,MXI-9.26,MXI,MMU6
RFUD,2024-12-18,MMU6,,,,,2286130.0,,,70,3265.9,0.0,,,,0,MXI-9.26,MXI,MMU6
RFUD,2024-12-19,MMU6,,,,,2327500.0,,,70,3325.0,0.0,,,,0,MXI-9.26,MXI,MMU6
RFUD,2024-12-20,MMU6,3342.55,3342.55,3415.0,3380.0,2433636.0,134898.5,4.0,72,3380.05,0.0,3372.46,,1.0,4,MXI-9.26,MXI,MMU6
RFUD,2024-12-23,MMU6,3440.0,3422.4,3440.0,3440.0,2408000.0,171711.0,5.0,70,3440.0,0.0,3434.22,1.77,1.0,5,MXI-9.26,MXI,MMU6
RFUD,2024-12-24,MMU6,3399.85,3399.85,3444.0,3400.0,2516000.0,170582.0,5.0,74,3400.0,0.0,3411.64,-1.16,1.0,5,MXI-9.26,MXI,MMU6
RFUD,2024-12-25,MMU6,3419.0,3419.0,3420.0,3420.0,2530800.0,68390.0,2.0,74,3420.0,0.0,3419.5,0.59,1.0,2,MXI-9.26,MXI,MMU6
RFUD,2024-12-26,MMU6,3420.0,3420.0,3420.0,3420.0,2462400.0,68400.0,2.0,72,3420.0,0.0,3420.0,0.0,1.0,2,MXI-9.26,MXI,MMU6
RFUD,2024-12-27,MMU6,,,,,2470536.0,,,72,3431.3,0.0,,,,0,MXI-9.26,MXI,MMU6
RFUD,2024-12-28,MMU6,,,,,2464560.0,,,72,3423.0,0.0,,,,0,MXI-9.26,MXI,MMU6
RFUD,2024-12-30,MMU6,3460.0,3447.55,3460.0,3452.65,2762120.0,138202.0,4.0,80,3452.65,0.0,3455.05,,1.0,4,MXI-9.26,MXI,MMU6
RFUD,2025-01-03,MMU6,3447.65,3426.95,3447.65,3426.95,2810099.0,68746.0,2.0,82,3426.95,0.0,3437.3,-0.74,1.0,2,MXI-9.26,MXI,MMU6
RFUD,2025-01-06,MMU6,3427.0,3427.0,3427.0,3427.0,2741600.0,34270.0,1.0,80,3427.0,0.0,3427.0,0.0,1.0,1,MXI-9.26,MXI,MMU6
RFUD,2025-01-08,MMU6,3435.1,3435.1,3435.1,3435.1,2748080.0,34351.0,1.0,80,3435.1,0.0,3435.1,0.24,1.0,1,MXI-9.26,MXI,MMU6
RFUD,2025-01-09,MMU6,3430.0,3395.0,3430.0,3395.0,2783900.0,205170.0,6.0,82,3395.0,0.0,3419.5,-1.17,1.0,5,MXI-9.26,MXI,MMU6
RFUD,2025-01-10,MMU6,3395.0,3395.0,3435.35,3435.35,2884224.0,102541.0,3.0,84,3433.6,0.0,3418.03,1.19,1.0,3,MXI-9.26,MXI,MMU6
RFUD,2025-01-13,MMU6,3470.6,3443.0,3470.6,3443.0,2960980.0,103686.5,3.0,86,3443.0,0.0,3456.22,0.22,1.0,3,MXI-9.26,MXI,MMU6
RFUD,2025-01-14,MMU6,,,,,2966785.0,,,86,3449.75,0.0,,,,0,MXI-9.26,MXI,MMU6
RFUD,2025-01-15,MMU6,3420.0,3419.8,3420.0,3419.8,3351404.0,205198.0,6.0,98,3419.8,0.0,3419.97,,1.0,3,MXI-9.26,MXI,MMU6
RFUD,2025-01-16,MMU6,3468.55,3468.55,3495.0,3493.0,3419955.0,522820.0,15.0,98,3489.75,0.0,3485.47,2.14,1.0,9,MXI-9.26,MXI,MMU6
RFUD,2025-01-17,MMU6,3495.0,3495.0,3495.0,3495.0,3425100.0,34950.0,1.0,98,3495.0,0.0,3495.0,0.06,1.0,1,MXI-9.26,MXI,MMU6
RFUD,2025-01-20,MMU6,3519.05,3492.8,3519.05,3500.0,3500000.0,140118.5,4.0,100,3500.0,0.0,3502.96,0.14,1.0,4,MXI-9.26,MXI,MMU6
RFUD,2025-01-21,MMU6,3482.65,3482.65,3505.65,3505.65,3575763.0,69883.0,2.0,102,3505.65,0.0,3494.15,0.16,1.0,2,MXI-9.26,MXI,MMU6
RFUD,2025-01-22,MMU6,,,,,3628599.0,,,102,3557.45,0.0,,,,0,MXI-9.26,MXI,MMU6
RFUD,2025-01-23,MMU6,3493.5,3493.5,3493.5,3493.5,3585300.0,34935.0,1.0,102,3515.0,0.0,3493.5,,1.0,1,MXI-9.26,MXI,MMU6
RFUD,2025-01-24,MMU6,,,,,3614166.0,,,102,3543.3,0.0,,,,0,MXI-9.26,MXI,MMU6
RFUD,2025-01-27,MMU6,3486.0,3485.35,3486.0,3485.35,3485350.0,69713.5,2.0,100,3485.35,0.0,3485.68,,1.0,2,MXI-9.26,MXI,MMU6
RFUD,2025-01-28,MMU6,3478.0,3478.0,3493.8,3487.05,3556791.0,174397.0,5.0,102,3487.05,0.0,3487.94,0.05,1.0,5,MXI-9.26,MXI,MMU6
RFUD,2025-01-29,MMU6,3504.0,3504.0,3505.95,3505.95,3716307.0,70099.5,2.0,106,3505.95,0.0,3504.98,0.54,1.0,2,MXI-9.26,MXI,MMU6
RFUD,2025-01-30,MMU6,3524.95,3524.95,3524.95,3524.95,3806946.0,35249.5,1.0,108,3524.95,0.0,3524.95,0.54,1.0,1,MXI-9.26,MXI,MMU6
RFUD,2025-01-31,MMU6,3521.1,3516.6,3521.1,3516.6,4149588.0,281520.0,8.0,118,3516.6,0.0,3519.0,-0.24,3.0,6,MXI-9.26,MXI,MMU6
RFUD,2025-02-03,MMU6,3497.95,3497.95,3497.95,3497.95,4127581.0,34979.5,1.0,118,3497.95,0.0,3497.95,-0.53,1.0,1,MXI-9.26,MXI,MMU6
RFUD,2025-02-04,MMU6,3496.8,3496.8,3496.8,3496.8,3986352.0,69936.0,2.0,114,3496.8,0.0,3496.8,-0.03,1.0,2,MXI-9.26,MXI,MMU6
RFUD,2025-02-05,MMU6,3504.15,3500.25,3504.15,3501.4,3781512.0,175102.0,5.0,108,3501.4,0.0,3502.04,0.13,1.0,4,MXI-9.26,MXI,MMU6
RFUD,2025-02-06,MMU6,3520.9,3519.05,3527.6,3527.6,4303672.0,246562.0,7.0,122,3527.6,0.0,3522.31,0.75,1.0,7,MXI-9.26,MXI,MMU6
RFUD,2025-02-07,MMU6,,,,,4317397.0,,,122,3538.85,0.0,,,,0,MXI-9.26,MXI,MMU6
RFUD,2025-02-10,MMU6,3533.55,3533.55,3538.5,3538.5,4529280.0,106105.5,3.0,128,3538.5,0.0,3536.85,,1.0,3,MXI-9.26,MXI,MMU6
RFUD,2025-02-11,MMU6,3533.6,3533.6,3535.0,3533.6,4523008.0,141358.0,4.0,128,3533.6,0.0,3533.95,-0.14,2.0,3,MXI-9.26,MXI,MMU6
RFUD,2025-02-12,MMU6,3552.3,3552.3,3567.3,3567.3,4770266.0,106719.0,3.0,134,3559.9,0.0,3557.3,0.95,1.0,3,MXI-9.26,MXI,MMU6
RFUD,2025-02-13,MMU6,3763.0,3612.1,3782.0,3782.0,5551480.0,744151.5,20.0,148,3751.0,0.0,3720.76,6.02,2.0,18,MXI-9.26,MXI,MMU6
RFUD,2025-02-14,MMU6,3687.0,3680.0,3687.0,3680.0,5372800.0,73670.0,2.0,146,3680.0,0.0,3683.5,-2.7,1.0,2,MXI-9.26,MXI,MMU6
RFUD,2025-02-17,MMU6,3741.1,3741.1,3819.0,3750.0,5866302.0,264120.5,7.0,156,3760.45,0.0,3773.15,1.9,1.0,6,MXI-9.26,MXI,MMU6
RFUD,2025-02-18,MMU6,3843.0,3761.35,3843.0,3784.55,5903898.0,151762.5,4.0,156,3784.55,0.0,3794.06,0.92,1.0,4,MXI-9.26,MXI,MMU6
RFUD,2025-02-19,MMU6,3804.55,3804.55,3816.15,3816.15,5953194.0,76207.0,2.0,156,3816.15,0.0,3810.35,0.83,1.0,2,MXI-9.26,MXI,MMU6
RFUD,2025-02-20,MMU6,3839.35,3839.35,3839.35,3839.35,5988450.0,76787.0,2.0,156,3838.75,0.0,3839.35,0.61,1.0,2,MXI-9.26,MXI,MMU6
RFUD,2025-02-21,MMU6,3800.0,3800.0,3818.8,3818.8,6110080.0,114188.0,3.0,160,3818.8,0.0,3806.27,-0.53,1.0,3,MXI-9.26,MXI,MMU6
RFUD,2025-02-24,MMU6,,,,,6205680.0,,,160,3878.55,0.0,,,,0,MXI-9.26,MXI,MMU6
RFUD,2025-02-25,MMU6,,,,,6232240.0,,,160,3895.15,0.0,,,,0,MXI-9.26,MXI,MMU6
RFUD,2025-02-26,MMU6,3852.2,3780.2,3933.65,3859.75,6175600.0,500835.5,13.0,160,3859.75,0.0,3852.58,,1.0,13,MXI-9.26,MXI,MMU6
RFUD,2025-02-27,MMU6,3799.9,3799.9,3799.9,3799.9,6156891.0,37999.0,1.0,162,3800.55,0.0,3799.9,-1.55,1.0,1,MXI-9.26,MXI,MMU6
RFUD,2025-02-28,MMU6,3800.0,3760.9,3800.0,3788.85,6090400.0,604633.0,16.0,160,3806.5,0.0,3778.96,-0.29,1.0,13,MXI-9.26,MXI,MMU6
RFUD,2025-03-03,MMU6,3805.6,3760.0,3870.6,3776.25,6042000.0,611792.0,16.0,160,3776.25,0.0,3823.7,-0.33,1.0,14,MXI-9.26,MXI,MMU6
RFUD,2025-03-04,MMU6,3778.25,3778.25,3844.0,3844.0,6115280.0,343216.0,9.0,160,3822.05,0.0,3813.51,1.79,1.0,9,MXI-9.26,MXI,MMU6
RFUD,2025-03-05,MMU6,3850.0,3850.0,3949.0,3854.4,6494124.0,270961.5,7.0,168,3865.55,0.0,3870.88,0.27,1.0,7,MXI-9.26,MXI,MMU6
RFUD,2025-03-06,MMU6,3854.9,3840.0,3854.9,3849.95,6698913.0,153997.5,4.0,174,3849.95,0.0,3849.94,-0.11,1.0,4,MXI-9.26,MXI,MMU6
RFUD,2025-03-07,MMU6,3861.15,3823.25,3861.15,3823.25,6958315.0,191895.0,5.0,182,3823.25,0.0,3837.9,-0.69,1.0,5,MXI-9.26,MXI,MMU6
RFUD,2025-03-10,MMU6,3826.0,3824.2,3845.9,3845.9,6768784.0,191553.0,5.0,176,3845.9,0.0,3831.06,0.59,1.0,5,MXI-9.26,MXI,MMU6
RFUD,2025-03-11,MMU6,,,,,6813488.0,,,176,3871.3,0.0,,,,0,MXI-9.26,MXI,MMU6
RFUD,2025-03-12,MMU6,,,,,6826864.0,,,176,3878.9,0.0,,,,0,MXI-9.26,MXI,MMU6
RFUD,2025-03-13,MMU6,3795.65,3795.65,3821.6,3800.0,6840000.0,190129.5,5.0,180,3800.0,0.0,3802.59,,1.0,5,MXI-9.26,MXI,MMU6
RFUD,2025-03-14,MMU6,3891.75,3752.0,3891.75,3752.0,7133100.0,227949.5,6.0,186,3835.0,0.0,3799.16,-1.26,1.0,4,MXI-9.26,MXI,MMU6
RFUD,2025-03-17,MMU6,3840.8,3840.8,3840.8,3840.8,7178391.0,38408.0,1.0,186,3859.35,0.0,3840.8,2.37,1.0,1,MXI-9.26,MXI,MMU6
RFUD,2025-03-18,MMU6,3871.35,3871.35,3895.45,3877.8,7212708.0,155400.5,4.0,186,3877.8,0.0,3885.01,0.96,1.0,4,MXI-9.26,MXI,MMU6
RFUD,2025-03-19,MMU6,,,,,7167603.0,,,186,3853.55,0.0,,,,0,MXI-9.26,MXI,MMU6
RFUD,2025-03-20,MMU6,3853.55,3853.55,3880.5,3880.5,7217730.0,115876.0,3.0,186,3880.5,0.0,3862.53,,1.0,3,MXI-9.26,MXI,MMU6
RFUD,2025-03-21,MMU6,3840.0,3840.0,3840.0,3840.0,7219200.0,38400.0,1.0,188,3840.0,0.0,3840.0,-1.04,1.0,1,MXI-9.26,MXI,MMU6
RFUD,2025-03-24,MMU6,,,,,7185454.0,,,188,3822.05,0.0,,,,0,MXI-9.26,MXI,MMU6
RFUD,2025-03-25,MMU6,3787.0,3772.2,3787.0,3772.2,7190930.0,75592.0,2.0,190,3784.7,0.0,3779.6,,1.0,2,MXI-9.26,MXI,MMU6
RFUD,2025-03-26,MMU6,3814.8,3814.8,3814.8,3814.8,7164398.0,38148.0,1.0,188,3810.85,0.0,3814.8,1.13,1.0,1,MXI-9.26,MXI,MMU6
RFUD,2025-03-27,MMU6,3789.55,3750.1,3789.55,3771.7,7241664.0,414950.0,11.0,192,3771.7,0.0,3772.27,-1.13,1.0,11,MXI-9.26,MXI,MMU6
RFUD,2025-03-28,MMU6,3736.55,3700.0,3736.55,3734.8,7469600.0,446690.5,12.0,200,3734.8,0.0,3722.42,-0.98,1.0,10,MXI-9.26,MXI,MMU6
RFUD,2025-03-31,MMU6,3748.4,3676.1,3748.4,3676.1,7295610.0,259477.0,7.0,196,3722.25,0.0,3706.81,-1.57,1.0,5,MXI-9.26,MXI,MMU6
RFUD,2025-04-01,MMU6,3730.0,3658.6,3730.0,3714.55,7178000.0,222025.5,6.0,194,3700.0,0.0,3700.43,1.05,1.0,6,MXI-9.26,MXI,MMU6
RFUD,2025-04-02,MMU6,3678.15,3664.9,3678.15,3664.9,7109906.0,110079.5,3.0,194,3664.9,0.0,3669.32,-1.34,1.0,3,MXI-9.26,MXI,MMU6
RFUD,2025-04-03,MMU6,3668.45,3618.5,3668.45,3618.5,7309370.0,254118.0,7.0,202,3618.5,0.0,3630.26,-1.27,1.0,7,MXI-9.26,MXI,MMU6
RFUD,2025-04-04,MMU6,3611.4,3539.4,3640.1,3550.0,6816000.0,752919.0,21.0,192,3550.0,0.0,3585.33,-1.89,1.0,19,MXI-9.26,MXI,MMU6
RFUD,2025-04-07,MMU6,3531.5,3417.1,3531.5,3435.65,6921288.0,313471.0,9.0,198,3495.6,0.0,3483.01,-3.22,1.0,9,MXI-9.26,MXI,MMU6
RFUD,2025-04-08,MMU6,3510.0,3510.0,3510.0,3510.0,6995439.0,35100.0,1.0,198,3533.05,0.0,3510.0,2.16,1.0,1,MXI-9.26,MXI,MMU6
RFUD,2025-04-09,MMU6,3430.0,3430.0,3430.0,3430.0,6928600.0,68600.0,2.0,202,3430.0,0.0,3430.0,-2.28,1.0,2,MXI-9.26,MXI,MMU6
RFUD,2025-04-10,MMU6,3450.0,3450.0,3499.0,3499.0,6633755.0,278137.0,8.0,190,3491.45,0.0,3476.71,2.01,1.0,7,MXI-9.26,MXI,MMU6
RFUD,2025-04-11,MMU6,3500.0,3500.0,3532.75,3530.0,6918800.0,246909.5,7.0,196,3530.0,0.0,3527.28,0.89,1.0,7,MXI-9.26,MXI,MMU6
RFUD,2025-04-14,MMU6,3535.0,3518.35,3535.0,3518.35,6966333.0,141195.0,4.0,198,3518.35,0.0,3529.88,-0.33,1.0,4,MXI-9.26,MXI,MMU6
RFUD,2025-04-15,MMU6,3501.0,3501.0,3501.0,3501.0,7002000.0,35010.0,1.0,200,3501.0,0.0,3501.0,-0.49,1.0,1,MXI-9.26,MXI,MMU6
RFUD,2025-04-16,MMU6,3480.2,3470.0,3480.2,3470.0,7356400.0,3123204.0,90.0,212,3470.0,0.0,3470.23,-0.89,1.0,30,MXI-9.26,MXI,MMU6
RFUD,2025-04-17,MMU6,3468.0,3468.0,3468.0,3468.0,7282800.0,69360.0,2.0,210,3468.0,0.0,3468.0,-0.06,1.0,2,MXI-9.26,MXI,MMU6
RFUD,2025-04-18,MMU6,3484.35,3430.1,3484.35,3430.1,7253190.0,69144.5,2.0,210,3453.9,0.0,3457.23,-1.09,1.0,2,MXI-9.26,MXI,MMU6
RFUD,2025-04-21,MMU6,3482.25,3482.25,3482.25,3482.25,7205056.0,69645.0,2.0,206,3497.6,0.0,3482.25,1.52,1.0,2,MXI-9.26,MXI,MMU6
RFUD,2025-04-22,MMU6,3508.7,3500.35,3512.25,3500.35,7080201.0,105213.0,3.0,202,3505.05,0.0,3507.1,0.52,1.0,3,MXI-9.26,MXI,MMU6
RFUD,2025-04-23,MMU6,3561.5,3497.9,3561.5,3497.9,7147650.0,105659.5,3.0,204,3503.75,0.0,3521.98,-0.07,1.0,3,MXI-9.26,MXI,MMU6
RFUD,2025-04-24,MMU6,,,,,7143876.0,,,204,3501.9,0.0,,,,0,MXI-9.26,MXI,MMU6
RFUD,2025-04-25,MMU6,3556.5,3556.5,3556.5,3556.5,7255260.0,35565.0,1.0,204,3556.5,0.0,3556.5,,1.0,1,MXI-9.26,MXI,MMU6
RFUD,2025-04-28,MMU6,,,,,7321866.0,,,204,3589.15,0.0,,,,0,MXI-9.26,MXI,MMU6
RFUD,2025-04-29,MMU6,3577.8,3559.35,3577.8,3559.35,7356648.0,142927.5,4.0,208,3536.85,0.0,3573.19,,1.0,3,MXI-9.26,MXI,MMU6
RFUD,2025-04-30,MMU6,3510.15,3487.0,3510.15,3487.0,7392440.0,104907.5,3.0,212,3487.0,0.0,3496.92,-2.03,1.0,3,MXI-9.26,MXI,MMU6
RFUD,2025-05-02,MMU6,3504.1,3430.0,3504.1,3430.0,7546000.0,172241.0,5.0,220,3430.0,0.0,3444.82,-1.64,1.0,5,MXI-9.26,MXI,MMU6
RFUD,2025-05-05,MMU6,3430.0,3316.35,3430.0,3316.35,7454944.0,203544.0,6.0,224,3328.1,0.0,3392.4,-3.31,1.0,6,MXI-9.26,MXI,MMU6
RFUD,2025-05-06,MMU6,3373.45,3373.45,3393.7,3393.7,7349724.0,135343.0,4.0,216,3402.65,0.0,3383.58,2.33,1.0,4,MXI-9.26,MXI,MMU6
RFUD,2025-05-07,MMU6,,,,,7366464.0,,,216,3410.4,0.0,,,,0,MXI-9.26,MXI,MMU6
RFUD,2025-05-08,MMU6,3437.4,3437.4,3437.4,3437.4,7287288.0,68748.0,2.0,212,3437.4,0.0,3437.4,,1.0,2,MXI-9.26,MXI,MMU6
RFUD,2025-05-12,MMU6,3444.0,3444.0,3500.0,3465.0,7761600.0,763245.5,22.0,224,3465.0,0.0,3469.3,0.8,1.0,19,MXI-9.26,MXI,MMU6
RFUD,2025-05-13,MMU6,3460.0,3460.0,3460.0,3460.0,7750400.0,34600.0,1.0,224,3460.0,0.0,3460.0,-0.14,1.0,1,MXI-9.26,MXI,MMU6
RFUD,2025-05-14,MMU6,,,,,7737744.0,,,224,3454.35,0.0,,,,0,MXI-9.26,MXI,MMU6
RFUD,2025-05-15,MMU6,3430.0,3307.4,3455.0,3405.35,7559766.0,985215.5,29.0,222,3405.3,0.0,3397.29,,1.0,24,MXI-9.26,MXI,MMU6
RFUD,2025-05-16,MMU6,3411.8,3411.8,3411.8,3411.8,7549332.0,34118.0,1.0,222,3400.6,0.0,3411.8,0.19,1.0,1,MXI-9.26,MXI,MMU6
RFUD,2025-05-19,MMU6,3402.9,3402.9,3433.25,3418.8,7677376.0,102549.5,3.0,224,3427.4,0.0,3418.32,0.21,1.0,3,MXI-9.26,MXI,MMU6
RFUD,2025-05-20,MMU6,3446.3,3374.75,3446.3,3374.75,7475961.0,102666.0,3.0,222,3367.55,0.0,3422.2,-1.29,1.0,3,MXI-9.26,MXI,MMU6
RFUD,2025-05-21,MMU6,,,,,7374174.0,,,222,3321.7,0.0,,,,0,MXI-9.26,MXI,MMU6
RFUD,2025-05-22,MMU6,,,,,7388049.0,,,222,3327.95,0.0,,,,0,MXI-9.26,MXI,MMU6
RFUD,2025-05-23,MMU6,3283.75,3252.9,3283.75,3262.2,7611735.0,391577.5,12.0,230,3309.45,0.0,3263.15,,1.0,12,MXI-9.26,MXI,MMU6
RFUD,2025-05-26,MMU6,3336.0,3294.75,3503.45,3315.9,7324688.0,547818.5,16.0,224,3269.95,0.0,3423.87,1.65,1.0,11,MXI-9.26,MXI,MMU6
RFUD,2025-05-27,MMU6,,,,,7238784.0,,,224,3231.6,0.0,,,,0,MXI-9.26,MXI,MMU6
RFUD,2025-05-28,MMU6,3294.85,3294.85,3294.85,3294.85,7340480.0,32948.5,1.0,224,3277.0,0.0,3294.85,,1.0,1,MXI-9.26,MXI,MMU6
RFUD,2025-05-29,MMU6,,,,,7421680.0,,,224,3313.25,0.0,,,,0,MXI-9.26,MXI,MMU6
RFUD,2025-05-30,MMU6,,,,,7442288.0,,,224,3322.45,0.0,,,,0,MXI-9.26,MXI,MMU6
RFUD,2025-06-02,MMU6,3300.1,3300.1,3300.1,3300.1,7476448.0,66002.0,2.0,224,3337.7,0.0,3300.1,,1.0,2,MXI-9.26,MXI,MMU6
RFUD,2025-06-03,MMU6,,,,,7621712.0,,,224,3402.55,0.0,,,,0,MXI-9.26,MXI,MMU6
RFUD,2025-06-04,MMU6,,,,,7606144.0,,,224,3395.6,0.0,,,,0,MXI-9.26,MXI,MMU6
RFUD,2025-06-05,MMU6,3401.5,3256.45,3485.95,3414.0,8186400.0,1553245.0,46.0,240,3411.0,0.0,3376.62,,1.0,34,MXI-9.26,MXI,MMU6
RFUD,2025-06-06,MMU6,3411.0,3337.3,3452.0,3337.3,8676980.0,884938.5,26.0,260,3337.3,0.0,3403.61,-2.25,4.0,21,MXI-9.26,MXI,MMU6
RFUD,2025-06-09,MMU6,3477.0,3274.95,3484.0,3401.9,9746100.0,2292791.5,68.0,294,3315.0,0.0,3371.75,1.94,1.0,47,MXI-9.26,MXI,MMU6
RFUD,2025-06-10,MMU6,3350.0,3350.0,3350.0,3350.0,9849000.0,67000.0,2.0,294,3350.0,0.0,3350.0,-1.53,1.0,2,MXI-9.26,MXI,MMU6
RFUD,2025-06-11,MMU6,3363.15,3363.15,3363.15,3363.15,9954924.0,33631.5,1.0,296,3363.15,0.0,3363.15,0.39,1.0,1,MXI-9.26,MXI,MMU6
RFUD,2025-06-13,MMU6,3364.0,3364.0,3383.65,3383.65,9744912.0,202822.5,6.0,288,3383.65,0.0,3380.38,0.61,2.0,5,MXI-9.26,MXI,MMU6
RFUD,2025-06-16,MMU6,3359.5,3359.5,3359.5,3359.5,9641808.0,67190.0,2.0,288,3347.85,0.0,3359.5,-0.71,1.0,2,MXI-9.26,MXI,MMU6
RFUD,2025-06-17,MMU6,3343.5,3343.5,3397.9,3397.9,9785952.0,134798.5,4.0,288,3397.9,0.0,3369.96,1.14,1.0,4,MXI-9.26,MXI,MMU6
RFUD,2025-06-18,MMU6,3389.3,3363.45,3407.5,3363.45,9350391.0,305168.0,9.0,278,3363.45,0.0,3390.76,-1.01,1.0,9,MXI-9.26,MXI,MMU6
RFUD,2025-06-19,MMU6,3373.85,3373.85,3560.6,3415.9,12502194.0,2331697.5,67.0,366,3415.9,0.0,3480.15,1.56,1.0,28,MXI-9.26,MXI,MMU6
RFUD,2025-06-20,MMU6,3430.5,3407.7,3471.4,3407.7,13039488.0,376078.5,11.0,384,3395.7,0.0,3418.9,-0.24,1.0,11,MXI-9.26,MXI,MMU6
RFUD,2025-06-23,MMU6,3386.4,3386.4,3392.7,3391.75,12888650.0,169466.0,5.0,380,3391.75,0.0,3389.32,-0.47,1.0,5,MXI-9.26,MXI,MMU6
RFUD,2025-06-24,MMU6,3386.65,3321.4,3392.05,3362.95,13561674.0,1004348.5,30.0,404,3356.85,0.0,3347.83,-0.85,1.0,30,MXI-9.26,MXI,MMU6
RFUD,2025-06-25,MMU6,3365.25,3359.2,3377.9,3377.9,13444042.0,404053.0,12.0,398,3377.9,0.0,3367.11,0.45,1.0,12,MXI-9.26,MXI,MMU6
RFUD,2025-06-26,MMU6,3368.85,3368.85,3385.7,3380.95,13659038.0,337872.0,10.0,404,3380.95,0.0,3378.72,0.09,1.0,10,MXI-9.26,MXI,MMU6
RFUD,2025-06-27,MMU6,3360.15,3360.15,3388.55,3388.55,13819776.0,202343.0,6.0,408,3387.2,0.0,3372.38,0.22,1.0,6,MXI-9.26,MXI,MMU6
RFUD,2025-06-30,MMU6,3387.95,3387.3,3387.95,3387.3,14009236.0,101632.0,3.0,412,3400.3,0.0,3387.73,-0.04,1.0,3,MXI-9.26,MXI,MMU6
RFUD,2025-07-01,MMU6,3416.95,3397.35,3416.95,3400.0,14144000.0,612707.0,18.0,416,3400.0,0.0,3403.93,0.38,1.0,11,MXI-9.26,MXI,MMU6
RFUD,2025-07-02,MMU6,3403.45,3368.1,3403.45,3368.1,14146020.0,304345.0,9.0,420,3368.1,0.0,3381.61,-0.94,1.0,9,MXI-9.26,MXI,MMU6
RFUD,2025-07-03,MMU6,3384.75,3367.8,3385.7,3384.7,14418822.0,304093.0,9.0,426,3384.7,0.0,3378.81,0.49,1.0,9,MXI-9.26,MXI,MMU6
RFUD,2025-07-04,MMU6,3366.2,3357.65,3379.4,3368.8,14418036.0,269387.5,8.0,428,3368.7,0.0,3367.34,-0.47,1.0,8,MXI-9.26,MXI,MMU6
RFUD,2025-07-07,MMU6,3320.0,3298.5,3320.0,3298.5,14132774.0,231540.0,7.0,428,3302.05,0.0,3307.71,-2.09,3.0,5,MXI-9.26,MXI,MMU6
RFUD,2025-07-08,MMU6,3310.35,3235.2,3372.0,3279.55,14509976.0,1546692.0,47.0,442,3282.8,0.0,3290.83,-0.57,1.0,33,MXI-9.26,MXI,MMU6
RFUD,2025-07-09,MMU6,3290.5,3198.6,3342.25,3249.3,14280640.0,622767.5,19.0,440,3245.6,0.0,3277.72,-0.92,1.0,16,MXI-9.26,MXI,MMU6
RFUD,2025-07-10,MMU6,,,,,14364680.0,,,440,3264.7,0.0,,,,0,MXI-9.26,MXI,MMU6
RFUD,2025-07-11,MMU6,3258.25,3190.3,3318.3,3190.3,13971543.0,1003670.0,31.0,438,3189.85,0.0,3237.65,,1.0,25,MXI-9.26,MXI,MMU6
RFUD,2025-07-14,MMU6,3159.75,3159.75,3255.15,3255.15,14778381.0,802870.5,25.0,454,3255.15,0.0,3211.48,2.03,1.0,25,MXI-9.26,MXI,MMU6
RFUD,2025-07-15,MMU6,3257.95,3203.3,3275.0,3255.75,14260185.0,520698.5,16.0,438,3255.75,0.0,3254.37,0.02,1.0,15,MXI-9.26,MXI,MMU6
RFUD,2025-07-16,MMU6,3267.95,3204.0,3317.0,3204.0,14799836.0,683747.5,21.0,452,3274.3,0.0,3255.94,-1.59,1.0,11,MXI-9.26,MXI,MMU6
RFUD,2025-07-17,MMU6,3274.9,3212.7,3278.45,3256.1,14131474.0,651796.0,20.0,434,3256.1,0.0,3258.98,1.63,1.0,16,MXI-9.26,MXI,MMU6
RFUD,2025-07-18,MMU6,3227.3,3227.3,3238.15,3238.0,13933821.0,290902.0,9.0,426,3270.85,0.0,3232.24,-0.56,1.0,9,MXI-9.26,MXI,MMU6
RFUD,2025-07-21,MMU6,3289.4,3238.0,3289.4,3238.0,12965358.0,843667.0,26.0,394,3290.7,0.0,3244.87,0.0,1.0,26,MXI-9.26,MXI,MMU6
RFUD,2025-07-22,MMU6,3285.65,3281.6,3285.65,3281.6,12942900.0,65672.5,2.0,394,3285.0,0.0,3283.63,1.35,1.0,2,MXI-9.26,MXI,MMU6
RFUD,2025-07-23,MMU6,3301.4,3301.4,3350.0,3312.9,12854052.0,597428.0,18.0,388,3312.9,0.0,3319.04,0.95,1.0,16,MXI-9.26,MXI,MMU6
RFUD,2025-07-24,MMU6,,,,,12776064.0,,,388,3292.8,0.0,,,,0,MXI-9.26,MXI,MMU6
RFUD,2025-07-25,MMU6,3298.0,3255.8,3299.95,3255.8,12892968.0,197108.5,6.0,396,3255.8,0.0,3285.14,,1.0,6,MXI-9.26,MXI,MMU6
RFUD,2025-07-28,MMU6,3265.15,3220.0,3291.5,3220.0,13202000.0,551801.0,17.0,410,3220.0,0.0,3245.89,-1.1,1.0,17,MXI-9.26,MXI,MMU6
RFUD,2025-07-29,MMU6,3216.05,3172.0,3291.55,3291.55,13290396.0,1000482.5,31.0,408,3257.45,0.0,3227.36,2.22,3.0,14,MXI-9.26,MXI,MMU6
RFUD,2025-07-30,MMU6,3219.05,3219.05,3233.9,3233.9,13639040.0,258384.0,8.0,422,3232.0,0.0,3229.8,-1.75,1.0,8,MXI-9.26,MXI,MMU6
RFUD,2025-07-31,MMU6,3232.0,3226.95,3238.6,3238.6,13403457.0,290865.0,9.0,414,3237.55,0.0,3231.83,0.14,1.0,9,MXI-9.26,MXI,MMU6
RFUD,2025-08-01,MMU6,3253.6,3245.0,3259.45,3245.0,13499200.0,130175.0,4.0,416,3245.0,0.0,3254.38,0.2,1.0,4,MXI-9.26,MXI,MMU6
RFUD,2025-08-04,MMU6,3234.9,3234.9,3255.05,3255.0,13684693.0,226931.5,7.0,418,3273.85,0.0,3241.88,0.31,1.0,7,MXI-9.26,MXI,MMU6
RFUD,2025-08-05,MMU6,,,,,13788566.0,,,418,3298.7,0.0,,,,0,MXI-9.26,MXI,MMU6
RFUD,2025-08-06,MMU6,,,,,13704548.0,,,418,3278.6,0.0,,,,0,MXI-9.26,MXI,MMU6
RFUD,2025-08-07,MMU6,3311.6,3311.6,3402.15,3379.2,14395392.0,838914.5,25.0,426,3379.2,0.0,3355.66,,1.0,24,MXI-9.26,MXI,MMU6
RFUD,2025-08-08,MMU6,3376.15,3323.3,3399.35,3373.1,15178950.0,1477350.5,44.0,450,3373.1,0.0,3357.61,-0.18,1.0,42,MXI-9.26,MXI,MMU6
RFUD,2025-08-11,MMU6,3421.35,3400.0,3435.55,3400.0,14892000.0,1402947.0,41.0,438,3400.0,0.0,3421.82,0.8,1.0,41,MXI-9.26,MXI,MMU6
RFUD,2025-08-12,MMU6,3467.7,3342.4,3506.25,3402.2,14765548.0,3029932.0,89.0,434,3402.2,0.0,3404.42,0.07,1.0,53,MXI-9.26,MXI,MMU6
RFUD,2025-08-13,MMU6,3404.25,3404.25,3465.45,3408.5,14861060.0,274429.0,8.0,436,3408.5,0.0,3430.36,0.18,1.0,7,MXI-9.26,MXI,MMU6
RFUD,2025-08-14,MMU6,3392.05,3392.05,3428.8,3428.8,14812416.0,306369.0,9.0,432,3428.8,0.0,3404.1,0.6,1.0,8,MXI-9.26,MXI,MMU6
RFUD,2025-08-15,MMU6,3433.6,3433.6,3475.15,3475.15,15082151.0,345380.0,10.0,434,3475.15,0.0,3453.8,1.35,1.0,10,MXI-9.26,MXI,MMU6
RFUD,2025-08-18,MMU6,3414.35,3410.25,3463.0,3463.0,14868406.0,342664.0,10.0,434,3425.9,0.0,3426.64,-0.35,1.0,9,MXI-9.26,MXI,MMU6
RFUD,2025-08-19,MMU6,3467.0,3454.05,3467.0,3459.0,15090680.0,449967.0,13.0,440,3429.7,0.0,3461.28,-0.12,1.0,11,MXI-9.26,MXI,MMU6
RFUD,2025-08-20,MMU6,3437.35,3396.2,3437.35,3414.15,15157938.0,341440.0,10.0,444,3413.95,0.0,3414.4,-1.3,1.0,10,MXI-9.26,MXI,MMU6
RFUD,2025-08-21,MMU6,3389.7,3389.7,3393.0,3393.0,14904636.0,67827.0,2.0,444,3356.9,0.0,3391.35,-0.62,1.0,2,MXI-9.26,MXI,MMU6
RFUD,2025-08-22,MMU6,3333.15,3333.15,3365.9,3365.9,14944596.0,268131.5,8.0,444,3365.9,0.0,3351.64,-0.8,1.0,8,MXI-9.26,MXI,MMU6
RFUD,2025-08-25,MMU6,3347.2,3330.0,3358.0,3330.0,14874444.0,267280.0,8.0,444,3350.1,0.0,3341.0,-1.07,2.0,7,MXI-9.26,MXI,MMU6
RFUD,2025-08-26,MMU6,3363.1,3363.1,3386.15,3386.15,14940600.0,67492.5,2.0,444,3365.0,0.0,3374.63,1.69,1.0,2,MXI-9.26,MXI,MMU6
RFUD,2025-08-27,MMU6,3354.45,3354.45,3354.45,3354.45,14895179.0,33544.5,1.0,442,3369.95,0.0,3354.45,-0.94,1.0,1,MXI-9.26,MXI,MMU6
RFUD,2025-08-28,MMU6,3386.3,3378.65,3400.0,3378.65,15068779.0,169441.5,5.0,446,3378.65,0.0,3388.83,0.72,1.0,5,MXI-9.26,MXI,MMU6
RFUD,2025-08-29,MMU6,3346.05,3330.0,3346.05,3336.7,14868672.0,200359.5,6.0,444,3348.8,0.0,3339.33,-1.24,1.0,6,MXI-9.26,MXI,MMU6
RFUD,2025-09-01,MMU6,3375.2,3357.7,3428.25,3357.7,15042496.0,338090.5,10.0,448,3357.7,0.0,3380.91,0.63,1.0,10,MXI-9.26,MXI,MMU6
RFUD,2025-09-02,MMU6,3345.7,3330.0,3345.7,3330.0,14977800.0,133372.5,4.0,450,3328.4,0.0,3334.31,-0.83,1.0,4,MXI-9.26,MXI,MMU6
RFUD,2025-09-03,MMU6,3324.35,3319.3,3339.6,3339.6,15028200.0,133076.0,4.0,450,3339.6,0.0,3326.9,0.29,1.0,4,MXI-9.26,MXI,MMU6
RFUD,2025-09-04,MMU6,3364.7,3336.1,3364.7,3336.1,15092958.0,100655.0,3.0,452,3339.15,0.0,3355.17,-0.1,1.0,3,MXI-9.26,MXI,MMU6
RFUD,2025-09-05,MMU6,,,,,15188556.0,,,452,3360.3,0.0,,,,0,MXI-9.26,MXI,MMU6
RFUD,2025-09-08,MMU6,3378.5,3365.95,3378.5,3378.5,15203250.0,269984.0,8.0,450,3378.5,0.0,3374.8,,1.0,8,MXI-9.26,MXI,MMU6
RFUD,2025-09-09,MMU6,3393.65,3393.65,3577.75,3437.25,20553559.0,4187386.5,121.0,598,3437.05,0.0,3460.65,1.74,1.0,72,MXI-9.26,MXI,MMU6
RFUD,2025-09-10,MMU6,3431.95,3396.95,3431.95,3402.1,18439382.0,1399201.0,41.0,542,3402.1,0.0,3412.69,-1.02,5.0,27,MXI-9.26,MXI,MMU6
RFUD,2025-09-11,MMU6,3400.0,3358.75,3404.55,3358.75,17263975.0,1382595.5,41.0,514,3358.75,0.0,3372.18,-1.27,1.0,23,MXI-9.26,MXI,MMU6
RFUD,2025-09-12,MMU6,3360.9,3310.0,3360.9,3313.25,15969865.0,1203734.0,36.0,482,3313.25,0.0,3343.71,-1.35,1.0,18,MXI-9.26,MXI,MMU6
RFUD,2025-09-15,MMU6,3300.0,3276.8,3312.35,3295.0,16343200.0,988299.5,30.0,496,3295.0,0.0,3294.33,-0.55,1.0,28,MXI-9.26,MXI,MMU6
RFUD,2025-09-16,MMU6,3311.5,3228.95,3320.0,3314.0,16627495.0,1213543.0,37.0,502,3312.25,0.0,3279.85,0.58,3.0,33,MXI-9.26,MXI,MMU6
RFUD,2025-09-17,MMU6,3289.7,3281.5,3307.35,3300.0,16500000.0,659352.0,20.0,500,3300.0,0.0,3296.76,-0.42,1.0,20,MXI-9.26,MXI,MMU6
RFUD,2025-09-18,MMU6,3298.85,3298.85,3394.15,3309.05,19324852.0,2938668.5,88.0,584,3309.05,0.0,3339.4,0.27,1.0,60,MXI-9.26,MXI,MMU6
RFUD,2025-09-19,MMU6,3307.95,3225.0,3307.95,3225.0,20511000.0,3461351.5,106.0,636,3225.0,0.0,3265.43,-2.54,1.0,92,MXI-9.26,MXI,MMU6
RFUD,2025-09-22,MMU6,3225.75,3200.0,3226.55,3225.95,21033194.0,1221736.5,38.0,652,3225.95,0.0,3215.1,0.03,1.0,36,MXI-9.26,MXI,MMU6
RFUD,2025-09-23,MMU6,3222.65,3222.65,3258.2,3250.15,22166023.0,1557071.0,48.0,682,3250.15,0.0,3243.9,0.75,1.0,42,MXI-9.26,MXI,MMU6
RFUD,2025-09-24,MMU6,3240.5,3126.75,3243.8,3177.75,19384275.0,4365700.0,138.0,610,3177.75,0.0,3163.55,-2.23,1.0,112,MXI-9.26,MXI,MMU6
RFUD,2025-09-25,MMU6,3179.95,3168.1,3179.95,3171.35,19260750.0,126993.5,4.0,610,3157.5,0.0,3174.84,-0.2,1.0,4,MXI-9.26,MXI,MMU6
RFUD,2025-09-26,MMU6,3150.05,3150.05,3170.15,3170.15,19401318.0,284296.5,9.0,612,3170.15,0.0,3158.85,-0.04,1.0,9,MXI-9.26,MXI,MMU6
RFUD,2025-09-29,MMU6,3166.05,3120.1,3167.35,3120.1,19843836.0,786694.0,25.0,636,3120.1,0.0,3146.78,-1.58,1.0,25,MXI-9.26,MXI,MMU6
RFUD,2025-09-30,MMU6,3110.8,3085.95,3111.85,3110.65,19908160.0,558124.0,18.0,640,3110.65,0.0,3100.69,-0.3,1.0,18,MXI-9.26,MXI,MMU6
RFUD,2025-10-01,MMU6,3104.7,3089.35,3127.85,3096.1,21036480.0,841064.0,27.0,680,3093.6,0.0,3115.05,-0.47,1.0,24,MXI-9.26,MXI,MMU6
RFUD,2025-10-02,MMU6,3071.95,3069.6,3072.95,3072.95,20711683.0,184305.5,6.0,674,3072.95,0.0,3071.76,-0.75,1.0,6,MXI-9.26,MXI,MMU6
RFUD,2025-10-03,MMU6,3069.9,3018.85,3090.45,3040.0,19942400.0,1587616.0,52.0,656,3040.0,0.0,3053.11,-1.07,1.0,43,MXI-9.26,MXI,MMU6
RFUD,2025-10-06,MMU6,3021.4,2981.55,3085.1,3085.1,21156583.0,1124164.5,37.0,686,3084.05,0.0,3038.28,1.48,1.0,35,MXI-9.26,MXI,MMU6
RFUD,2025-10-07,MMU6,3077.15,3073.8,3097.2,3090.7,21140388.0,740612.0,24.0,684,3090.7,0.0,3085.88,0.18,1.0,23,MXI-9.26,MXI,MMU6
RFUD,2025-10-08,MMU6,3087.3,2970.0,3109.35,2989.2,20087424.0,2348568.5,77.0,672,2989.2,0.0,3050.09,-3.28,1.0,68,MXI-9.26,MXI,MMU6
RFUD,2025-10-09,MMU6,2981.1,2949.4,3073.05,3068.0,21046480.0,2694029.0,89.0,686,3068.0,0.0,3027.0,2.64,2.0,77,MXI-9.26,MXI,MMU6
RFUD,2025-10-10,MMU6,3064.75,3017.55,3064.75,3017.55,20299869.0,790245.0,26.0,674,3011.85,0.0,3039.4,-1.64,1.0,20,MXI-9.26,MXI,MMU6
RFUD,2025-10-13,MMU6,3007.7,2993.15,3041.55,3011.95,21324606.0,2800944.0,93.0,708,3011.95,0.0,3011.77,-0.19,2.0,75,MXI-9.26,MXI,MMU6
RFUD,2025-10-14,MMU6,3020.4,2971.15,3022.55,2987.5,22379625.0,1017198.0,34.0,750,2983.95,0.0,2991.76,-0.81,1.0,29,MXI-9.26,MXI,MMU6
RFUD,2025-10-15,MMU6,2981.05,2963.65,3001.55,2983.1,24222772.0,1760998.5,59.0,812,2983.1,0.0,2984.74,-0.15,1.0,51,MXI-9.26,MXI,MMU6
RFUD,2025-10-16,MMU6,2990.95,2969.05,3051.1,3035.55,25437909.0,2008298.5,67.0,838,3035.55,0.0,2997.46,1.76,1.0,57,MXI-9.26,MXI,MMU6
RFUD,2025-10-17,MMU6,3020.0,3012.0,3172.7,3138.25,27833247.0,5783561.0,185.0,886,3141.45,0.0,3126.25,3.38,2.0,144,MXI-9.26,MXI,MMU6
RFUD,2025-10-20,MMU6,3141.05,3127.3,3179.6,3140.4,30273456.0,5586904.5,177.0,964,3140.4,0.0,3156.44,0.07,2.0,133,MXI-9.26,MXI,MMU6
RFUD,2025-10-21,MMU6,3135.6,2980.6,3135.6,3005.2,31193976.0,6271330.5,204.0,1038,3005.2,0.0,3074.18,-4.3,1.0,167,MXI-9.26,MXI,MMU6
RFUD,2025-10-22,MMU6,3014.6,3004.85,3041.75,3038.15,31387587.0,2567824.0,85.0,1034,3035.55,0.0,3020.97,1.1,1.0,66,MXI-9.26,MXI,MMU6
RFUD,2025-10-23,MMU6,3015.55,2921.85,3015.55,2950.9,31692666.0,2642191.0,89.0,1074,2950.9,0.0,2968.75,-2.87,2.0,66,MXI-9.26,MXI,MMU6
RFUD,2025-10-24,MMU6,2951.8,2903.35,2959.8,2903.35,32301000.0,1825500.5,62.0,1110,2910.0,0.0,2944.36,-1.61,1.0,50,MXI-9.26,MXI,MMU6
RFUD,2025-10-27,MMU6,2907.45,2819.8,2907.45,2836.4,32561872.0,1482717.5,52.0,1148,2836.4,0.0,2851.38,-2.31,1.0,42,MXI-9.26,MXI,MMU6
RFUD,2025-10-28,MMU6,2836.45,2820.0,2870.7,2870.7,32324082.0,599248.0,21.0,1126,2870.7,0.0,2853.56,1.21,2.0,18,MXI-9.26,MXI,MMU6
RFUD,2025-10-29,MMU6,2877.45,2877.45,2927.15,2887.95,34079580.0,1132767.0,39.0,1180,2888.1,0.0,2904.53,0.6,1.0,36,MXI-9.26,MXI,MMU6
RFUD,2025-10-30,MMU6,2883.1,2883.1,2946.65,2940.65,36078975.0,1724530.5,59.0,1230,2933.25,0.0,2922.93,1.82,1.0,45,MXI-9.26,MXI,MMU6
RFUD,2025-10-31,MMU6,2933.6,2895.5,2933.6,2903.9,35969562.0,755027.0,26.0,1242,2896.1,0.0,2903.95,-1.25,1.0,22,MXI-9.26,MXI,MMU6
RFUD,2025-11-01,MMU6,2889.0,2878.95,2906.2,2906.2,36210096.0,288656.0,10.0,1248,2901.45,0.0,2886.56,0.08,1.0,10,MXI-9.26,MXI,MMU6
RFUD,2025-11-03,MMU6,2930.25,2930.25,2930.25,2930.25,36569520.0,146512.5,5.0,1248,2930.25,0.0,2930.25,0.83,1.0,5,MXI-9.26,MXI,MMU6
RFUD,2025-11-05,MMU6,2939.35,2902.95,2961.5,2914.6,39405392.0,2882185.5,98.0,1352,2914.6,0.0,2941.01,-0.53,1.0,71,MXI-9.26,MXI,MMU6
RFUD,2025-11-06,MMU6,2903.55,2895.2,2912.85,2897.55,40739553.0,1595449.5,55.0,1406,2897.55,0.0,2900.82,-0.58,1.0,43,MXI-9.26,MXI,MMU6
RFUD,2025-11-07,MMU6,2900.0,2900.0,2927.25,2923.1,41741868.0,903042.0,31.0,1428,2923.1,0.0,2913.04,0.88,3.0,21,MXI-9.26,MXI,MMU6
RFUD,2025-11-10,MMU6,2928.5,2911.0,2992.3,2911.0,43606780.0,2444587.0,83.0,1498,2911.0,0.0,2945.29,-0.41,1.0,76,MXI-9.26,MXI,MMU6
RFUD,2025-11-11,MMU6,2918.6,2901.45,2921.5,2913.15,44629458.0,698494.0,24.0,1532,2913.15,0.0,2910.39,0.07,1.0,17,MXI-9.26,MXI,MMU6
RFUD,2025-11-12,MMU6,2929.5,2882.2,2929.5,2884.15,44686500.0,1073294.0,37.0,1550,2883.0,0.0,2900.79,-1.0,1.0,30,MXI-9.26,MXI,MMU6
RFUD,2025-11-13,MMU6,2877.15,2877.15,2886.8,2885.3,45126092.0,403852.5,14.0,1564,2885.3,0.0,2884.66,0.04,1.0,10,MXI-9.26,MXI,MMU6
RFUD,2025-11-14,MMU6,2888.1,2823.05,2888.1,2855.2,42485376.0,4050723.0,142.0,1488,2855.2,0.0,2852.62,-1.04,1.0,87,MXI-9.26,MXI,MMU6
RFUD,2025-11-17,MMU6,2862.35,2841.1,2868.6,2847.45,42313107.0,542391.5,19.0,1486,2847.45,0.0,2854.69,-0.27,1.0,16,MXI-9.26,MXI,MMU6
RFUD,2025-11-18,MMU6,2835.0,2831.0,2895.0,2884.05,43145388.0,574314.0,20.0,1496,2884.05,0.0,2871.57,1.29,1.0,20,MXI-9.26,MXI,MMU6
RFUD,2025-11-19,MMU6,2896.0,2878.9,2969.15,2957.9,44723448.0,5063964.0,173.0,1512,2957.9,0.0,2927.15,2.56,1.0,146,MXI-9.26,MXI,MMU6
RFUD,2025-11-20,MMU6,2951.0,2894.8,3066.0,2912.1,45820450.0,8214603.5,279.0,1570,2918.5,0.0,2944.3,-1.55,1.0,178,MXI-9.26,MXI,MMU6
RFUD,2025-11-21,MMU6,2926.65,2926.65,3000.05,2972.1,45651456.0,6299816.0,212.0,1536,2972.1,0.0,2971.61,2.06,1.0,187,MXI-9.26,MXI,MMU6
RFUD,2025-11-24,MMU6,2986.15,2947.5,3012.25,2952.85,46477859.0,2435475.0,82.0,1574,2952.85,0.0,2970.09,-0.65,1.0,68,MXI-9.26,MXI,MMU6
RFUD,2025-11-25,MMU6,2945.3,2945.3,2984.3,2984.3,47092254.0,1482114.0,50.0,1578,2984.3,0.0,2964.23,1.06,1.0,45,MXI-9.26,MXI,MMU6
RFUD,2025-11-26,MMU6,2976.0,2952.7,2991.45,2959.3,48414148.0,2349906.5,79.0,1636,2959.3,0.0,2974.57,-0.84,1.0,70,MXI-9.26,MXI,MMU6
RFUD,2025-11-27,MMU6,2951.8,2900.05,2974.05,2923.6,47947040.0,1728215.0,59.0,1640,2923.6,0.0,2929.18,-1.21,2.0,47,MXI-9.26,MXI,MMU6
RFUD,2025-11-28,MMU6,2924.9,2916.5,2979.55,2979.55,50377866.0,1494577.0,51.0,1694,2973.9,0.0,2930.54,1.91,1.0,40,MXI-9.26,MXI,MMU6
RFUD,2025-12-01,MMU6,2951.0,2951.0,2980.0,2964.9,50047512.0,1693629.0,57.0,1688,2964.9,0.0,2971.28,-0.49,1.0,46,MXI-9.26,MXI,MMU6
RFUD,2025-12-02,MMU6,2978.6,2951.8,2982.9,2970.75,49936120.0,1247631.5,42.0,1690,2954.8,0.0,2970.55,0.2,1.0,35,MXI-9.26,MXI,MMU6
RFUD,2025-12-03,MMU6,2977.9,2925.0,2977.9,2943.45,50391864.0,1558810.5,53.0,1712,2943.45,0.0,2941.15,-0.92,1.0,44,MXI-9.26,MXI,MMU6
RFUD,2025-12-04,MMU6,2964.8,2951.8,2966.75,2952.15,51013152.0,976551.0,33.0,1728,2952.15,0.0,2959.25,0.3,2.0,26,MXI-9.26,MXI,MMU6
RFUD,2025-12-05,MMU6,2956.4,2948.2,2995.2,2995.2,54086088.0,4170032.5,140.0,1806,2994.8,0.0,2978.59,1.46,1.0,83,MXI-9.26,MXI,MMU6
RFUD,2025-12-08,MMU6,2982.2,2982.2,3011.75,2992.0,52951320.0,1768616.0,59.0,1770,2991.6,0.0,2997.65,-0.11,4.0,44,MXI-9.26,MXI,MMU6
RFUD,2025-12-09,MMU6,2996.0,2973.1,3004.55,2986.25,52919894.0,328386.5,11.0,1772,2986.45,0.0,2985.33,-0.19,1.0,11,MXI-9.26,MXI,MMU6
RFUD,2025-12-10,MMU6,2996.95,2996.3,3021.55,3005.55,53558901.0,961896.0,32.0,1782,3005.55,0.0,3005.93,0.65,1.0,32,MXI-9.26,MXI,MMU6
RFUD,2025-12-11,MMU6,3015.0,3013.2,3045.0,3045.0,54403947.0,1211522.5,40.0,1794,3032.55,0.0,3028.81,1.31,1.0,40,MXI-9.26,MXI,MMU6
RFUD,2025-12-12,MMU6,3032.55,3000.0,3056.85,3000.0,53100000.0,3632151.5,120.0,1770,3000.0,0.0,3026.79,-1.48,1.0,110,MXI-9.26,MXI,MMU6
RFUD,2025-12-15,MMU6,2993.1,2980.95,3011.8,2990.0,55590336.0,3047543.0,102.0,1854,2998.4,0.0,2987.79,-0.33,1.0,86,MXI-9.26,MXI,MMU6
RFUD,2025-12-16,MMU6,2997.25,2997.25,3028.0,3028.0,57012666.0,2054553.0,68.0,1884,3026.15,0.0,3021.18,1.27,1.0,53,MXI-9.26,MXI,MMU6
RFUD,2025-12-17,MMU6,3017.3,2975.55,3036.3,2984.65,59076885.0,2617934.5,87.0,1974,2992.75,0.0,3009.12,-1.43,1.0,82,MXI-9.26,MXI,MMU6
RFUD,2025-12-18,MMU6,3004.2,2979.0,3004.2,2979.0,61486560.0,3742854.5,125.0,2064,2979.0,0.0,2994.28,-0.19,1.0,109,MXI-9.26,MXI,MMU6
RFUD,2025-12-19,MMU6,2990.0,2964.5,3018.45,2971.15,64057994.0,7237414.0,242.0,2156,2971.15,0.0,2990.68,-0.26,1.0,186,MXI-9.26,MXI,MMU6
RFUD,2025-12-22,MMU6,2976.95,2950.1,2990.9,2953.75,66459375.0,4959470.0,167.0,2250,2953.75,0.0,2969.74,-0.59,1.0,153,MXI-9.26,MXI,MMU6
RFUD,2025-12-23,MMU6,2958.25,2930.0,2964.6,2943.0,76400280.0,7456601.0,253.0,2596,2943.0,0.0,2947.5,-0.36,1.0,189,MXI-9.26,MXI,MMU6
RFUD,2025-12-24,MMU6,2949.3,2927.0,2953.85,2927.0,77816937.0,2583651.5,88.0,2658,2927.65,0.0,2935.97,-0.54,1.0,72,MXI-9.26,MXI,MMU6
RFUD,2025-12-25,MMU6,2934.25,2919.45,2934.25,2921.35,79168585.0,2133718.0,73.0,2710,2921.35,0.0,2922.9,-0.19,1.0,36,MXI-9.26,MXI,MMU6
RFUD,2025-12-26,MMU6,2934.35,2934.1,2963.25,2961.6,80437056.0,4034879.0,137.0,2716,2961.6,0.0,2945.17,1.38,1.0,37,MXI-9.26,MXI,MMU6
RFUD,2025-12-29,MMU6,2967.3,2943.95,3025.75,2943.95,81506528.0,7101659.5,238.0,2768,2944.6,0.0,2983.89,-0.6,1.0,203,MXI-9.26,MXI,MMU6
RFUD,2025-12-30,MMU6,2953.75,2947.0,2975.0,2975.0,86732265.0,5915113.5,200.0,2922,2968.25,0.0,2957.56,1.05,1.0,174,MXI-9.26,MXI,MMU6
RFUD,2026-01-05,MMU6,2966.8,2921.75,2966.8,2936.0,95243840.0,7247807.0,247.0,3244,2936.0,0.0,2934.41,-1.31,1.0,156,MXI-9.26,MXI,MMU6
RFUD,2026-01-06,MMU6,2930.0,2918.35,2946.45,2918.35,96287696.0,2228485.0,76.0,3296,2921.35,0.0,2932.18,-0.6,1.0,54,MXI-9.26,MXI,MMU6
RFUD,2026-01-08,MMU6,2928.85,2896.25,2933.9,2898.65,102206399.0,6424174.0,221.0,3526,2898.65,0.0,2906.87,-0.68,1.0,149,MXI-9.26,MXI,MMU6
RFUD,2026-01-09,MMU6,2899.45,2891.55,2907.35,2894.85,104967261.0,3739264.0,129.0,3626,2894.85,0.0,2898.76,-0.13,1.0,98,MXI-9.26,MXI,MMU6
RFUD,2026-01-12,MMU6,2894.5,2894.4,2925.5,2895.9,110160036.0,5558696.5,191.0,3804,2895.9,0.0,2910.49,0.04,1.0,115,MXI-9.26,MXI,MMU6
RFUD,2026-01-13,MMU6,2895.9,2884.05,2908.95,2884.05,115823448.0,5789824.0,200.0,4016,2884.05,0.0,2894.91,-0.41,1.0,91,MXI-9.26,MXI,MMU6
RFUD,2026-01-14,MMU6,2889.4,2877.55,2915.45,2905.45,116973417.0,3560456.5,123.0,4026,2905.45,0.0,2894.68,0.74,1.0,107,MXI-9.26,MXI,MMU6
RFUD,2026-01-15,MMU6,2894.5,2883.1,2906.4,2896.1,124773402.0,7141114.0,247.0,4316,2890.95,0.0,2891.16,-0.32,1.0,151,MXI-9.26,MXI,MMU6
RFUD,2026-01-16,MMU6,2889.2,2887.5,2921.8,2915.0,126102900.0,2907540.0,100.0,4326,2915.0,0.0,2907.54,0.65,2.0,82,MXI-9.26,MXI,MMU6
RFUD,2026-01-19,MMU6,2918.95,2915.0,2940.65,2935.0,126860172.0,4687417.0,160.0,4328,2931.15,0.0,2929.88,0.69,5.0,116,MXI-9.26,MXI,MMU6
RFUD,2026-01-20,MMU6,2931.75,2910.6,2931.75,2920.0,126144000.0,1401631.5,48.0,4320,2920.0,0.0,2919.54,-0.51,1.0,45,MXI-9.26,MXI,MMU6
RFUD,2026-01-21,MMU6,2914.95,2914.95,2958.65,2958.65,133908499.0,6456678.0,219.0,4526,2958.65,0.0,2948.25,1.32,6.0,123,MXI-9.26,MXI,MMU6
RFUD,2026-01-22,MMU6,2955.0,2919.45,2972.45,2946.8,141033848.0,14059660.5,476.0,4786,2946.8,0.0,2953.7,-0.4,1.0,262,MXI-9.26,MXI,MMU6
RFUD,2026-01-23,MMU6,2951.3,2947.0,2963.45,2963.45,142897559.0,4109475.5,139.0,4822,2963.45,0.0,2956.52,0.56,1.0,93,MXI-9.26,MXI,MMU6
RFUD,2026-01-26,MMU6,2963.8,2950.05,2993.4,2950.1,162516294.0,24880598.5,839.0,5508,2950.55,0.0,2965.52,-0.45,1.0,401,MXI-9.26,MXI,MMU6
RFUD,2026-01-27,MMU6,2954.65,2943.0,2978.3,2971.15,185756298.0,18701573.0,632.0,6252,2971.15,0.0,2959.11,0.71,1.0,283,MXI-9.26,MXI,MMU6
RFUD,2026-01-28,MMU6,2971.2,2962.8,2983.3,2983.3,200357451.0,10014198.0,336.0,6726,2978.85,0.0,2980.45,0.41,2.0,91,MXI-9.26,MXI,MMU6
RFUD,2026-01-29,MMU6,2977.25,2974.1,3061.3,3005.0,201214800.0,17131239.0,568.0,6696,3005.0,0.0,3016.06,0.73,1.0,374,MXI-9.26,MXI,MMU6
RFUD,2026-01-30,MMU6,3012.1,2969.0,3035.0,2987.85,196613298.0,9870757.5,330.0,6594,2981.7,0.0,2991.14,-0.57,1.0,240,MXI-9.26,MXI,MMU6
RFUD,2026-02-02,MMU6,2974.85,2915.5,2974.95,2952.5,181688770.0,22624994.5,767.0,6148,2955.25,0.0,2949.59,-1.18,1.0,448,MXI-9.26,MXI,MMU6
RFUD,2026-02-03,MMU6,2960.25,2958.5,2980.15,2967.55,182940537.0,4035767.5,136.0,6162,2968.85,0.0,2967.48,0.51,1.0,105,MXI-9.26,MXI,MMU6
RFUD,2026-02-04,MMU6,2969.7,2956.35,2985.65,2964.4,182875470.0,2466519.5,83.0,6180,2959.15,0.0,2971.71,-0.11,1.0,77,MXI-9.26,MXI,MMU6
RFUD,2026-02-05,MMU6,2951.3,2903.7,2957.2,2919.2,241311210.0,35589389.0,1214.0,8274,2916.5,0.0,2931.58,-1.52,1.0,178,MXI-9.26,MXI,MMU6
RFUD,2026-02-06,MMU6,2914.35,2906.8,2928.1,2924.2,241938362.0,3240908.0,111.0,8284,2920.55,0.0,2919.74,0.17,1.0,97,MXI-9.26,MXI,MMU6
RFUD,2026-02-09,MMU6,2922.3,2899.5,2929.0,2910.9,250385288.0,10107059.5,347.0,8612,2907.4,0.0,2912.64,-0.46,1.0,183,MXI-9.26,MXI,MMU6
RFUD,2026-02-10,MMU6,2912.65,2896.75,2921.95,2903.0,250180540.0,5470371.5,188.0,8618,2903.0,0.0,2909.77,-0.27,1.0,119,MXI-9.26,MXI,MMU6
RFUD,2026-02-11,MMU6,2903.0,2902.0,2936.9,2935.0,253286185.0,10770555.5,369.0,8630,2934.95,0.0,2918.89,1.1,1.0,211,MXI-9.26,MXI,MMU6
RFUD,2026-02-12,MMU6,2934.95,2920.0,2948.95,2940.2,250328628.0,3584881.5,122.0,8514,2940.2,0.0,2938.43,0.18,1.0,69,MXI-9.26,MXI,MMU6
RFUD,2026-02-13,MMU6,2937.0,2925.85,2953.0,2950.35,251546841.0,5378132.5,183.0,8526,2950.35,0.0,2938.79,0.34,1.0,132,MXI-9.26,MXI,MMU6
RFUD,2026-02-16,MMU6,2949.75,2947.0,2962.25,2952.1,251447101.0,3515604.0,119.0,8518,2951.95,0.0,2954.29,0.06,4.0,92,MXI-9.26,MXI,MMU6
RFUD,2026-02-17,MMU6,2951.0,2931.0,2959.5,2938.1,252206504.0,2768331.5,94.0,8584,2938.1,0.0,2944.78,-0.47,1.0,65,MXI-9.26,MXI,MMU6
RFUD,2026-02-18,MMU6,2941.05,2925.0,2946.65,2937.3,254605164.0,5044988.5,172.0,8668,2937.3,0.0,2933.13,-0.03,1.0,128,MXI-9.26,MXI,MMU6
RFUD,2026-02-19,MMU6,2943.1,2925.05,2944.8,2928.5,253549530.0,1527246.0,52.0,8658,2928.5,0.0,2937.06,-0.3,1.0,45,MXI-9.26,MXI,MMU6
RFUD,2026-02-20,MMU6,2930.8,2927.0,2950.65,2945.0,251679700.0,3998898.0,136.0,8546,2945.0,0.0,2940.37,0.56,1.0,98,MXI-9.26,MXI,MMU6
RFUD,2026-02-24,MMU6,2946.65,2940.45,2968.55,2947.05,258072240.0,8354429.0,283.0,8772,2942.0,0.0,2952.1,0.07,1.0,167,MXI-9.26,MXI,MMU6
RFUD,2026-02-25,MMU6,2944.45,2935.0,2955.85,2954.8,263331776.0,4208931.0,143.0,8912,2954.8,0.0,2943.31,0.26,1.0,106,MXI-9.26,MXI,MMU6
RFUD,2026-02-26,MMU6,2954.8,2940.1,2958.4,2940.1,264609000.0,3246093.5,110.0,9000,2940.1,0.0,2950.99,-0.5,5.0,66,MXI-9.26,MXI,MMU6
RFUD,2026-02-27,MMU6,2944.25,2935.6,2951.95,2949.85,266430452.0,2352972.5,80.0,9032,2949.85,0.0,2941.22,0.33,1.0,52,MXI-9.26,MXI,MMU6
RFUD,2026-03-02,MMU6,2947.55,2946.1,2991.65,2970.65,268724999.0,12634866.0,425.0,9046,2970.65,0.0,2973.09,0.7,1.0,336,MXI-9.26,MXI,MMU6
RFUD,2026-03-03,MMU6,2970.0,2964.45,2995.0,2965.25,268414430.0,8571456.0,288.0,9052,2965.25,0.0,2976.23,-0.18,1.0,214,MXI-9.26,MXI,MMU6
RFUD,2026-03-04,MMU6,2963.05,2951.5,2982.55,2951.5,267623664.0,4384422.5,148.0,9064,2952.6,0.0,2962.38,-0.46,1.0,104,MXI-9.26,MXI,MMU6
RFUD,2026-03-05,MMU6,2958.3,2954.0,2980.0,2966.95,270955552.0,4512268.5,152.0,9128,2968.4,0.0,2968.6,0.52,1.0,108,MXI-9.26,MXI,MMU6
RFUD,2026-03-06,MMU6,2971.65,2968.8,2991.6,2991.6,275424450.0,6346291.5,213.0,9220,2987.25,0.0,2979.51,0.83,1.0,148,MXI-9.26,MXI,MMU6
RFUD,2026-03-09,MMU6,2987.9,2981.55,3027.6,3012.85,291764394.0,20654701.0,687.0,9684,3012.85,0.0,3006.74,0.71,1.0,383,MXI-9.26,MXI,MMU6
RFUD,2026-03-10,MMU6,3019.15,2986.45,3020.0,2989.2,294333426.0,11692883.5,389.0,9852,2987.55,0.0,3005.77,-0.78,2.0,199,MXI-9.26,MXI,MMU6
RFUD,2026-03-11,MMU6,2993.55,2983.0,3003.0,2992.5,296243883.0,7366349.0,246.0,9906,2990.55,0.0,2995.05,0.11,1.0,182,MXI-9.26,MXI,MMU6
RFUD,2026-03-12,MMU6,2990.0,2990.0,3006.2,3000.0,299058656.0,8182500.5,273.0,9958,3003.2,0.0,2997.86,0.25,1.0,164,MXI-9.26,MXI,MMU6
RFUD,2026-03-13,MMU6,3000.2,2996.75,3018.1,3003.1,303923172.0,6802149.5,226.0,10122,3002.6,0.0,3009.76,0.1,1.0,145,MXI-9.26,MXI,MMU6
RFUD,2026-03-16,MMU6,3003.75,2976.5,3018.1,2978.15,326855880.0,31489114.5,1052.0,10972,2979.0,0.0,2993.25,-0.83,16.0,463,MXI-9.26,MXI,MMU6
RFUD,2026-03-17,MMU6,2981.25,2981.25,3000.0,2988.95,330660440.0,25701233.0,859.0,11080,2984.3,0.0,2992.15,0.36,1.0,374,MXI-9.26,MXI,MMU6
RFUD,2026-03-18,MMU6,2986.75,2980.15,3010.0,3006.0,338021332.0,27564885.0,919.0,11252,3004.1,0.0,2999.46,0.57,1.0,493,MXI-9.26,MXI,MMU6
RFUD,2026-03-19,MMU6,3005.85,2990.0,3020.0,2996.0,343799785.0,27323866.0,909.0,11482,2994.25,0.0,3005.91,-0.33,1.0,471,MXI-9.26,MXI,MMU6
RFUD,2026-03-20,MMU6,2996.3,2981.6,3008.7,2987.0,353884223.0,36556823.0,1220.0,11858,2984.35,0.0,2996.46,-0.3,1.0,720,MXI-9.26,MXI,MMU6
RFUD,2026-03-23,MMU6,2982.15,2933.55,2996.0,2945.0,368724900.0,80395150.5,2717.0,12478,2955.0,0.0,2958.75,-1.41,1.0,1349,MXI-9.26,MXI,MMU6
RFUD,2026-03-24,MMU6,2952.25,2944.95,2963.0,2946.9,378326586.0,25549536.5,865.0,12788,2958.45,0.0,2953.7,0.07,1.0,438,MXI-9.26,MXI,MMU6
RFUD,2026-03-25,MMU6,2953.3,2948.65,2960.0,2954.1,396654390.0,23995458.5,812.0,13410,2957.9,0.0,2953.85,0.24,4.0,324,MXI-9.26,MXI,MMU6
RFUD,2026-03-26,MMU6,2959.7,2921.2,2969.35,2936.0,417184556.0,41096166.5,1398.0,14218,2934.2,0.0,2939.48,-0.61,1.0,725,MXI-9.26,MXI,MMU6
RFUD,2026-03-27,MMU6,2927.9,2888.65,2940.0,2899.0,433743882.0,50256052.5,1727.0,14982,2895.1,0.0,2909.95,-1.26,3.0,857,MXI-9.26,MXI,MMU6
RFUD,2026-03-30,MMU6,2900.1,2881.7,2921.3,2911.05,461414816.0,76567556.0,2636.0,15854,2910.4,0.0,2904.91,0.42,1.0,997,MXI-9.26,MXI,MMU6
RFUD,2026-03-31,MMU6,2904.0,2869.3,2906.3,2878.25,469615722.0,48861072.5,1694.0,16318,2877.9,0.0,2882.95,-1.13,1.0,773,MXI-9.26,MXI,MMU6
RFUD,2026-04-01,MMU6,2875.1,2869.0,2893.3,2888.6,470103684.0,23293184.0,809.0,16312,2881.95,0.0,2879.28,0.36,1.0,453,MXI-9.26,MXI,MMU6
RFUD,2026-04-02,MMU6,2889.9,2869.65,2891.95,2875.0,469322788.0,21640537.0,751.0,16322,2875.4,0.0,2881.55,-0.47,1.0,376,MXI-9.26,MXI,MMU6
RFUD,2026-04-03,MMU6,2883.5,2849.45,2888.05,2856.9,478678534.0,23964088.5,837.0,16754,2857.1,0.0,2861.87,-0.63,2.0,463,MXI-9.26,MXI,MMU6
RFUD,2026-04-06,MMU6,2859.15,2843.0,2885.0,2880.65,498896552.0,45382435.5,1588.0,17324,2879.8,0.0,2857.89,0.83,6.0,789,MXI-9.26,MXI,MMU6
RFUD,2026-04-07,MMU6,2881.3,2871.25,2894.75,2872.5,519127336.0,30305110.5,1051.0,18004,2883.4,0.0,2885.17,-0.28,1.0,581,MXI-9.26,MXI,MMU6
RFUD,2026-04-08,MMU6,2868.0,2845.1,2868.0,2849.7,516628380.0,52593554.5,1842.0,18120,2851.15,0.0,2853.91,-0.79,1.0,869,MXI-9.26,MXI,MMU6
RFUD,2026-04-09,MMU6,2852.75,2819.0,2855.15,2825.1,524482198.0,56042830.0,1975.0,18598,2820.1,0.0,2835.97,-0.86,1.0,972,MXI-9.26,MXI,MMU6
RFUD,2026-04-10,MMU6,2828.0,2800.0,2829.0,2802.1,532648386.0,34352550.0,1221.0,18972,2807.55,0.0,2813.47,-0.81,1.0,693,MXI-9.26,MXI,MMU6
RFUD,2026-04-13,MMU6,2802.65,2790.7,2834.0,2795.8,529513797.0,76630071.0,2725.0,18894,2802.55,0.0,2812.43,-0.23,2.0,1314,MXI-9.26,MXI,MMU6
RFUD,2026-04-14,MMU6,2804.0,2782.2,2812.0,2796.55,536607624.0,42338992.5,1512.0,19112,2807.7,0.0,2800.18,0.03,1.0,758,MXI-9.26,MXI,MMU6
RFUD,2026-04-15,MMU6,2803.25,2788.25,2829.0,2820.0,546829472.0,34159562.0,1216.0,19376,2822.2,0.0,2809.2,0.84,1.0,655,MXI-9.26,MXI,MMU6
RFUD,2026-04-16,MMU6,2829.15,2810.0,2841.25,2815.1,519679405.0,43748905.5,1549.0,18466,2814.25,0.0,2824.44,-0.17,3.0,655,MXI-9.26,MXI,MMU6
RFUD,2026-04-17,MMU6,2813.75,2784.05,2830.5,2793.85,515804520.0,87322051.5,3116.0,18480,2791.15,0.0,2802.25,-0.76,1.0,1357,MXI-9.26,MXI,MMU6
RFUD,2026-04-20,MMU6,2799.0,2793.5,2818.7,2813.0,543628001.0,49918896.5,1782.0,19306,2815.85,0.0,2803.26,0.69,1.0,847,MXI-9.26,MXI,MMU6
RFUD,2026-04-21,MMU6,2808.0,2795.85,2822.3,2815.8,540945300.0,39875431.0,1420.0,19208,2816.25,0.0,2807.9,0.1,1.0,756,MXI-9.26,MXI,MMU6
RFUD,2026-04-22,MMU6,2812.95,2806.8,2827.3,2826.0,548793054.0,20410361.5,724.0,19438,2823.3,0.0,2819.12,0.36,1.0,417,MXI-9.26,MXI,MMU6
RFUD,2026-04-23,MMU6,2828.15,2816.0,2832.95,2821.2,533143947.0,49643933.0,1758.0,18858,2827.15,0.0,2823.94,-0.17,1.0,746,MXI-9.26,MXI,MMU6
RFUD,2026-04-24,MMU6,2824.0,2784.0,2828.4,2792.3,513669837.0,51844058.5,1848.0,18422,2788.35,0.0,2804.67,-1.02,1.0,1029,MXI-9.26,MXI,MMU6
RFUD,2026-04-27,MMU6,2791.05,2778.0,2800.7,2786.2,520195689.0,26121289.5,936.0,18642,2790.45,0.0,2790.77,-0.22,1.0,523,MXI-9.26,MXI,MMU6
RFUD,2026-04-28,MMU6,2784.9,2750.7,2790.0,2753.75,532639124.0,43763203.5,1582.0,19336,2754.65,0.0,2766.26,-1.17,1.0,950,MXI-9.26,MXI,MMU6
RFUD,2026-04-29,MMU6,2757.1,2686.1,2760.0,2717.85,548104316.0,126278208.0,4648.0,20362,2691.8,0.0,2715.7,-1.3,1.0,2362,MXI-9.26,MXI,MMU6
RFUD,2026-04-30,MMU6,2719.3,2694.0,2726.05,2714.6,558577103.0,39456487.5,1456.0,20654,2704.45,0.0,2709.98,-0.12,1.0,862,MXI-9.26,MXI,MMU6
RFUD,2026-05-04,MMU6,2714.0,2669.45,2730.0,2688.05,593378558.0,103163212.0,3829.0,22094,2685.7,0.0,2693.95,-0.98,1.0,2084,MXI-9.26,MXI,MMU6
RFUD,2026-05-05,MMU6,2684.0,2646.65,2712.5,2697.25,647099892.0,134760646.5,5026.0,23964,2700.3,0.0,2681.3,0.34,1.0,2282,MXI-9.26,MXI,MMU6
RFUD,2026-05-06,MMU6,2695.55,2668.0,2706.75,2680.1,645386560.0,62427571.0,2323.0,23960,2693.6,0.0,2686.45,-0.64,1.0,1427,MXI-9.26,MXI,MMU6
RFUD,2026-05-07,MMU6,2674.0,2661.5,2690.6,2665.0,632557080.0,36083512.5,1349.0,23670,2672.4,0.0,2674.54,-0.56,2.0,855,MXI-9.26,MXI,MMU6
RFUD,2026-05-08,MMU6,2666.0,2648.0,2693.3,2683.8,646042900.0,72563488.5,2721.0,24356,2652.5,0.0,2666.76,0.71,1.0,1568,MXI-9.26,MXI,MMU6
RFUD,2026-05-11,MMU6,2692.35,2691.65,2715.0,2714.5,673863778.0,82860414.5,3063.0,24892,2707.15,0.0,2705.57,1.14,1.0,1472,MXI-9.26,MXI,MMU6
RFUD,2026-05-12,MMU6,2715.0,2700.45,2747.0,2742.25,638787065.0,91004919.5,3337.0,23330,2738.05,0.0,2727.28,1.02,1.0,1566,MXI-9.26,MXI,MMU6
RFUD,2026-05-13,MMU6,2742.25,2725.0,2744.0,2734.1,633331674.0,41194374.0,1507.0,23124,2738.85,0.0,2733.43,-0.3,1.0,876,MXI-9.26,MXI,MMU6
RFUD,2026-05-14,MMU6,2733.5,2695.0,2734.0,2695.0,637160880.0,60984636.0,2246.0,23568,2703.5,0.0,2714.45,-1.43,2.0,1142,MXI-9.26,MXI,MMU6
RFUD,2026-05-15,MMU6,2704.0,2671.25,2709.2,2682.15,671691416.0,69424364.5,2581.0,25072,2679.05,0.0,2689.6,-0.48,3.0,1329,MXI-9.26,MXI,MMU6
RFUD,2026-05-18,MMU6,2682.95,2662.4,2719.0,2712.7,684971939.0,101795421.0,3784.0,25238,2714.05,0.0,2690.23,1.14,6.0,1927,MXI-9.26,MXI,MMU6
RFUD,2026-05-19,MMU6,2704.0,2697.65,2717.55,2706.45,689743288.0,39668196.0,1465.0,25496,2705.3,0.0,2707.63,-0.23,1.0,760,MXI-9.26,MXI,MMU6
RFUD,2026-05-20,MMU6,2704.5,2669.65,2704.5,2669.7,716887215.0,64642949.5,2412.0,26770,2677.95,0.0,2679.85,-1.36,1.0,1274,MXI-9.26,MXI,MMU6
RFUD,2026-05-21,MMU6,2671.45,2651.85,2712.45,2689.25,716748480.0,106058880.0,3963.0,26460,2708.8,0.0,2676.21,0.73,2.0,1917,MXI-9.26,MXI,MMU6
RFUD,2026-05-22,MMU6,2688.0,2658.7,2717.0,2668.95,716322204.0,132643765.5,4933.0,26892,2663.7,0.0,2688.35,-0.76,1.0,2088,MXI-9.26,MXI,MMU6
RFUD,2026-05-25,MMU6,2669.1,2618.05,2675.85,2636.25,844941419.0,263429331.5,9960.0,32074,2634.35,0.0,2644.59,-1.23,1.0,4370,MXI-9.26,MXI,MMU6
RFUD,2026-05-26,MMU6,2634.0,2601.0,2639.4,2611.55,962743039.0,186924122.0,7140.0,36734,2620.85,0.0,2617.92,-0.94,2.0,3196,MXI-9.26,MXI,MMU6
RFUD,2026-05-27,MMU6,2612.5,2598.0,2633.95,2630.05,980591596.0,180074358.0,6872.0,37304,2628.65,0.0,2620.4,0.71,1.0,2948,MXI-9.26,MXI,MMU6
RFUD,2025-09-10,MMU7,,,,,0.0,,,0,3873.85,0.0,,,,0,MXI-9.27,MXI,MMU7
RFUD,2025-09-11,MMU7,,,,,0.0,,,0,3832.7,0.0,,,,0,MXI-9.27,MXI,MMU7
RFUD,2025-09-12,MMU7,,,,,0.0,,,0,3765.4,0.0,,,,0,MXI-9.27,MXI,MMU7
RFUD,2025-09-15,MMU7,,,,,0.0,,,0,3729.5,0.0,,,,0,MXI-9.27,MXI,MMU7
RFUD,2025-09-16,MMU7,,,,,0.0,,,0,3792.45,0.0,,,,0,MXI-9.27,MXI,MMU7
RFUD,2025-09-17,MMU7,,,,,0.0,,,0,3697.0,0.0,,,,0,MXI-9.27,MXI,MMU7
RFUD,2025-09-18,MMU7,,,,,0.0,,,0,3717.7,0.0,,,,0,MXI-9.27,MXI,MMU7
RFUD,2025-09-19,MMU7,,,,,0.0,,,0,3655.75,0.0,,,,0,MXI-9.27,MXI,MMU7
RFUD,2025-09-22,MMU7,,,,,0.0,,,0,3625.4,0.0,,,,0,MXI-9.27,MXI,MMU7
RFUD,2025-09-23,MMU7,,,,,0.0,,,0,3560.0,0.0,,,,0,MXI-9.27,MXI,MMU7
RFUD,2025-09-24,MMU7,,,,,0.0,,,0,3515.75,0.0,,,,0,MXI-9.27,MXI,MMU7
RFUD,2025-09-25,MMU7,,,,,0.0,,,0,3556.5,0.0,,,,0,MXI-9.27,MXI,MMU7
RFUD,2025-09-26,MMU7,3434.0,3434.0,3550.85,3550.85,0.0,69848.5,2.0,0,3552.7,0.0,3492.43,,1.0,2,MXI-9.27,MXI,MMU7
RFUD,2025-09-29,MMU7,,,,,0.0,,,0,3498.7,0.0,,,,0,MXI-9.27,MXI,MMU7
RFUD,2025-09-30,MMU7,,,,,0.0,,,0,3488.0,0.0,,,,0,MXI-9.27,MXI,MMU7
RFUD,2025-10-01,MMU7,,,,,0.0,,,0,3448.15,0.0,,,,0,MXI-9.27,MXI,MMU7
RFUD,2025-10-02,MMU7,,,,,0.0,,,0,3436.75,0.0,,,,0,MXI-9.27,MXI,MMU7
RFUD,2025-10-03,MMU7,3411.0,3271.75,3444.4,3437.25,480522.0,443423.5,13.0,14,3432.3,0.0,3410.95,,1.0,13,MXI-9.27,MXI,MMU7
RFUD,2025-10-06,MMU7,3426.45,3426.45,3513.4,3513.4,210804.0,450090.5,13.0,6,3513.4,0.0,3462.23,2.21,1.0,13,MXI-9.27,MXI,MMU7
RFUD,2025-10-07,MMU7,,,,,212217.0,,,6,3536.95,0.0,,,,0,MXI-9.27,MXI,MMU7
RFUD,2025-10-08,MMU7,3513.95,3468.7,3513.95,3468.7,137450.0,104966.0,3.0,4,3436.25,0.0,3498.87,,1.0,2,MXI-9.27,MXI,MMU7
RFUD,2025-10-09,MMU7,,,,,140940.0,,,4,3523.5,0.0,,,,0,MXI-9.27,MXI,MMU7
RFUD,2025-10-10,MMU7,3521.5,3468.05,3521.5,3468.05,693610.0,351038.5,10.0,20,3468.05,0.0,3510.39,,1.0,8,MXI-9.27,MXI,MMU7
RFUD,2025-10-13,MMU7,3453.7,3443.65,3469.35,3443.65,344365.0,311054.0,9.0,10,3443.65,0.0,3456.16,-0.7,1.0,7,MXI-9.27,MXI,MMU7
RFUD,2025-10-14,MMU7,,,,,341310.0,,,10,3413.1,0.0,,,,0,MXI-9.27,MXI,MMU7
RFUD,2025-10-15,MMU7,,,,,341775.0,,,10,3417.75,0.0,,,,0,MXI-9.27,MXI,MMU7
RFUD,2025-10-16,MMU7,3405.45,3405.45,3405.45,3405.45,276544.0,34054.5,1.0,8,3456.8,0.0,3405.45,,1.0,1,MXI-9.27,MXI,MMU7
RFUD,2025-10-17,MMU7,,,,,287656.0,,,8,3595.7,0.0,,,,0,MXI-9.27,MXI,MMU7
RFUD,2025-10-20,MMU7,,,,,290200.0,,,8,3627.5,0.0,,,,0,MXI-9.27,MXI,MMU7
RFUD,2025-10-21,MMU7,3588.15,3525.55,3588.15,3525.55,352465.0,106645.0,3.0,10,3524.65,0.0,3554.83,,1.0,3,MXI-9.27,MXI,MMU7
RFUD,2025-10-22,MMU7,3493.4,3493.4,3544.1,3544.1,353825.0,105309.0,3.0,10,3538.25,0.0,3510.3,0.53,1.0,2,MXI-9.27,MXI,MMU7
RFUD,2025-10-23,MMU7,,,,,345850.0,,,10,3458.5,0.0,,,,0,MXI-9.27,MXI,MMU7
RFUD,2025-10-24,MMU7,3462.0,3439.0,3462.0,3439.0,342915.0,69010.0,2.0,10,3429.15,0.0,3450.5,,1.0,2,MXI-9.27,MXI,MMU7
RFUD,2025-10-27,MMU7,,,,,335040.0,,,10,3350.4,0.0,,,,0,MXI-9.27,MXI,MMU7
RFUD,2025-10-28,MMU7,,,,,336080.0,,,10,3360.8,0.0,,,,0,MXI-9.27,MXI,MMU7
RFUD,2025-10-29,MMU7,,,,,337945.0,,,10,3379.45,0.0,,,,0,MXI-9.27,MXI,MMU7
RFUD,2025-10-30,MMU7,,,,,341620.0,,,10,3416.2,0.0,,,,0,MXI-9.27,MXI,MMU7
RFUD,2025-10-31,MMU7,,,,,337580.0,,,10,3375.8,0.0,,,,0,MXI-9.27,MXI,MMU7
RFUD,2025-11-01,MMU7,,,,,337970.0,,,10,3379.7,0.0,,,,0,MXI-9.27,MXI,MMU7
RFUD,2025-11-03,MMU7,,,,,343055.0,,,10,3430.55,0.0,,,,0,MXI-9.27,MXI,MMU7
RFUD,2025-11-05,MMU7,3424.75,3424.75,3424.75,3424.75,341120.0,34247.5,1.0,10,3411.2,0.0,3424.75,,1.0,1,MXI-9.27,MXI,MMU7
RFUD,2025-11-06,MMU7,,,,,339120.0,,,10,3391.2,0.0,,,,0,MXI-9.27,MXI,MMU7
RFUD,2025-11-07,MMU7,3416.15,3416.15,3416.15,3416.15,341615.0,34161.5,1.0,10,3416.15,0.0,3416.15,,1.0,1,MXI-9.27,MXI,MMU7
RFUD,2025-11-10,MMU7,,,,,339885.0,,,10,3398.85,0.0,,,,0,MXI-9.27,MXI,MMU7
RFUD,2025-11-11,MMU7,,,,,342450.0,,,10,3424.5,0.0,,,,0,MXI-9.27,MXI,MMU7
RFUD,2025-11-12,MMU7,3398.3,3316.4,3398.3,3316.4,2983500.0,1448169.0,43.0,90,3315.0,0.0,3367.83,,2.0,32,MXI-9.27,MXI,MMU7
RFUD,2025-11-13,MMU7,3293.3,3293.3,3294.35,3294.35,3228463.0,197608.5,6.0,98,3294.35,0.0,3293.48,-0.66,1.0,5,MXI-9.27,MXI,MMU7
RFUD,2025-11-14,MMU7,3284.75,3276.65,3284.75,3276.65,3585670.0,196761.0,6.0,110,3259.7,0.0,3279.35,-0.54,2.0,5,MXI-9.27,MXI,MMU7
RFUD,2025-11-17,MMU7,3248.05,3248.05,3252.95,3252.95,3575055.0,65010.0,2.0,110,3250.05,0.0,3250.5,-0.72,1.0,2,MXI-9.27,MXI,MMU7
RFUD,2025-11-18,MMU7,3278.85,3278.85,3282.95,3282.95,3873881.0,163983.5,5.0,118,3282.95,0.0,3279.67,0.92,1.0,4,MXI-9.27,MXI,MMU7
RFUD,2025-11-19,MMU7,3305.5,3305.5,3370.6,3370.6,3977308.0,100325.5,3.0,118,3370.6,0.0,3344.18,2.67,1.0,3,MXI-9.27,MXI,MMU7
RFUD,2025-11-20,MMU7,3351.4,3327.7,3351.4,3350.4,3939607.0,133642.0,4.0,118,3338.65,0.0,3341.05,-0.6,1.0,4,MXI-9.27,MXI,MMU7
RFUD,2025-11-21,MMU7,3331.05,3331.05,3372.55,3369.8,4023000.0,235273.0,7.0,120,3352.5,0.0,3361.04,0.58,1.0,7,MXI-9.27,MXI,MMU7
RFUD,2025-11-24,MMU7,,,,,4018860.0,,,120,3349.05,0.0,,,,0,MXI-9.27,MXI,MMU7
RFUD,2025-11-25,MMU7,3506.15,3217.35,3506.15,3472.05,4042560.0,271415.0,8.0,120,3368.8,0.0,3392.69,,1.0,8,MXI-9.27,MXI,MMU7
RFUD,2025-11-26,MMU7,3457.7,3346.1,3457.7,3356.05,3978488.0,168752.5,5.0,118,3371.6,0.0,3375.05,-3.34,1.0,5,MXI-9.27,MXI,MMU7
RFUD,2025-11-27,MMU7,,,,,3903499.0,,,118,3308.05,0.0,,,,0,MXI-9.27,MXI,MMU7
RFUD,2025-11-28,MMU7,3301.05,3207.0,3309.75,3207.0,3832930.0,658410.5,20.0,116,3304.25,0.0,3292.05,,1.0,15,MXI-9.27,MXI,MMU7
RFUD,2025-12-01,MMU7,3223.1,3223.1,3258.45,3258.45,3866918.0,129741.0,4.0,116,3333.55,0.0,3243.53,1.6,1.0,4,MXI-9.27,MXI,MMU7
RFUD,2025-12-02,MMU7,3290.0,3290.0,3514.75,3312.35,3842326.0,1081646.5,32.0,116,3312.35,0.0,3380.15,1.65,1.0,21,MXI-9.27,MXI,MMU7
RFUD,2025-12-03,MMU7,3315.6,3315.6,3315.6,3315.6,3800972.0,33156.0,1.0,116,3276.7,0.0,3315.6,0.1,1.0,1,MXI-9.27,MXI,MMU7
RFUD,2025-12-04,MMU7,,,,,3862626.0,,,116,3329.85,0.0,,,,0,MXI-9.27,MXI,MMU7
RFUD,2025-12-05,MMU7,3510.1,3304.85,3510.1,3443.55,3940172.0,374768.0,11.0,116,3396.7,0.0,3406.98,,1.0,7,MXI-9.27,MXI,MMU7
RFUD,2025-12-08,MMU7,3400.0,3304.0,3400.0,3372.0,3918248.0,369687.0,11.0,116,3377.8,0.0,3360.79,-2.08,1.0,11,MXI-9.27,MXI,MMU7
RFUD,2025-12-09,MMU7,,,,,3901660.0,,,116,3363.5,0.0,,,,0,MXI-9.27,MXI,MMU7
RFUD,2025-12-10,MMU7,3341.0,3341.0,3370.0,3353.0,3889480.0,268101.0,8.0,116,3353.0,0.0,3351.26,,1.0,8,MXI-9.27,MXI,MMU7
RFUD,2025-12-11,MMU7,,,,,3969404.0,,,116,3421.9,0.0,,,,0,MXI-9.27,MXI,MMU7
RFUD,2025-12-12,MMU7,3368.35,3368.35,3400.0,3370.85,3910186.0,168970.5,5.0,116,3370.85,0.0,3379.41,,1.0,5,MXI-9.27,MXI,MMU7
RFUD,2025-12-15,MMU7,3365.0,3365.0,3365.0,3365.0,3928630.0,33650.0,1.0,116,3386.75,0.0,3365.0,-0.17,1.0,1,MXI-9.27,MXI,MMU7
RFUD,2025-12-16,MMU7,3365.2,3322.6,3365.2,3322.6,7653520.0,1808203.5,54.0,224,3416.75,0.0,3348.53,-1.26,2.0,32,MXI-9.27,MXI,MMU7
RFUD,2025-12-17,MMU7,,,,,7438032.0,,,224,3320.55,0.0,,,,0,MXI-9.27,MXI,MMU7
RFUD,2025-12-18,MMU7,3240.6,3110.4,3340.0,3225.7,8169414.0,1368466.0,42.0,246,3320.9,0.0,3258.25,,1.0,28,MXI-9.27,MXI,MMU7
RFUD,2025-12-19,MMU7,3225.7,3110.8,3497.8,3147.0,7993380.0,3471340.0,107.0,254,3147.0,0.0,3244.24,-2.44,1.0,58,MXI-9.27,MXI,MMU7
RFUD,2025-12-22,MMU7,3148.0,3127.0,3148.0,3127.0,8064119.0,125300.5,4.0,254,3174.85,0.0,3132.51,-0.64,1.0,4,MXI-9.27,MXI,MMU7
RFUD,2025-12-23,MMU7,,,,,7942580.0,,,254,3127.0,0.0,,,,0,MXI-9.27,MXI,MMU7
RFUD,2025-12-24,MMU7,3171.3,2953.95,3205.8,3025.85,8576976.0,1625535.5,53.0,272,3153.3,0.0,3067.05,,1.0,29,MXI-9.27,MXI,MMU7
RFUD,2025-12-25,MMU7,3153.65,3153.65,3153.65,3153.65,8528016.0,31536.5,1.0,272,3135.3,0.0,3153.65,4.22,1.0,1,MXI-9.27,MXI,MMU7
RFUD,2025-12-26,MMU7,3038.1,3038.1,3132.3,3090.0,8348265.0,123894.0,4.0,270,3091.95,0.0,3097.35,-2.02,1.0,4,MXI-9.27,MXI,MMU7
RFUD,2025-12-29,MMU7,3090.1,3035.95,3157.65,3036.05,8506890.0,275607.0,9.0,270,3150.7,0.0,3062.3,-1.75,1.0,8,MXI-9.27,MXI,MMU7
RFUD,2025-12-30,MMU7,3060.0,3060.0,3060.0,3060.0,8428995.0,30600.0,1.0,270,3121.85,0.0,3060.0,0.79,1.0,1,MXI-9.27,MXI,MMU7
RFUD,2026-01-05,MMU7,3060.0,3032.2,3060.0,3032.2,8463420.0,152722.0,5.0,270,3134.6,0.0,3054.44,-0.91,1.0,5,MXI-9.27,MXI,MMU7
RFUD,2026-01-06,MMU7,,,,,8517555.0,,,270,3154.65,0.0,,,,0,MXI-9.27,MXI,MMU7
RFUD,2026-01-08,MMU7,3032.75,3023.35,3140.15,3054.05,8309464.0,432247.5,14.0,272,3054.95,0.0,3087.48,,1.0,13,MXI-9.27,MXI,MMU7
RFUD,2026-01-09,MMU7,3033.7,3033.7,3034.4,3034.4,8470216.0,91025.0,3.0,272,3114.05,0.0,3034.17,-0.64,1.0,3,MXI-9.27,MXI,MMU7
RFUD,2026-01-12,MMU7,3034.9,3034.45,3131.95,3113.85,8336006.0,497648.5,16.0,268,3110.45,0.0,3110.3,2.62,1.0,12,MXI-9.27,MXI,MMU7
RFUD,2026-01-13,MMU7,3131.85,3103.3,3139.95,3105.1,8570076.0,938410.5,30.0,276,3105.1,0.0,3128.04,-0.28,1.0,12,MXI-9.27,MXI,MMU7
RFUD,2026-01-14,MMU7,3041.35,3041.35,3123.3,3123.3,8178461.0,496334.0,16.0,262,3121.55,0.0,3102.09,0.59,2.0,12,MXI-9.27,MXI,MMU7
RFUD,2026-01-15,MMU7,3211.45,3167.8,3211.45,3167.8,8155767.0,95470.5,3.0,258,3161.15,0.0,3182.35,1.43,1.0,3,MXI-9.27,MXI,MMU7
RFUD,2026-01-16,MMU7,3110.7,3110.7,3116.5,3116.5,8040570.0,217975.5,7.0,258,3116.5,0.0,3113.94,-1.62,2.0,5,MXI-9.27,MXI,MMU7
RFUD,2026-01-19,MMU7,3107.35,3107.35,3196.65,3117.85,8341527.0,94218.5,3.0,258,3233.15,0.0,3140.62,0.04,1.0,3,MXI-9.27,MXI,MMU7
RFUD,2026-01-20,MMU7,,,,,8327853.0,,,258,3227.85,0.0,,,,0,MXI-9.27,MXI,MMU7
RFUD,2026-01-21,MMU7,3245.0,3245.0,3245.0,3245.0,8348880.0,32450.0,1.0,258,3236.0,0.0,3245.0,,1.0,1,MXI-9.27,MXI,MMU7
RFUD,2026-01-22,MMU7,3129.15,3129.15,3129.15,3129.15,8263580.0,31291.5,1.0,260,3178.3,0.0,3129.15,-3.57,1.0,1,MXI-9.27,MXI,MMU7
RFUD,2026-01-23,MMU7,3176.65,3176.65,3176.65,3176.65,8259290.0,31766.5,1.0,260,3176.65,0.0,3176.65,1.52,1.0,1,MXI-9.27,MXI,MMU7
RFUD,2026-01-26,MMU7,3155.0,3150.0,3155.0,3150.0,8303230.0,94550.0,3.0,260,3193.55,0.0,3151.67,-0.84,2.0,2,MXI-9.27,MXI,MMU7
RFUD,2026-01-27,MMU7,3222.0,3052.75,3222.0,3144.05,8174530.0,221369.5,7.0,260,3144.05,0.0,3162.42,-0.19,1.0,7,MXI-9.27,MXI,MMU7
RFUD,2026-01-28,MMU7,3144.0,3144.0,3144.05,3144.05,8312980.0,62880.5,2.0,260,3197.3,0.0,3144.03,0.0,1.0,2,MXI-9.27,MXI,MMU7
RFUD,2026-01-29,MMU7,3157.0,3137.0,3177.0,3137.0,8253420.0,252275.0,8.0,258,3199.0,0.0,3153.44,-0.22,1.0,8,MXI-9.27,MXI,MMU7
RFUD,2026-01-30,MMU7,3178.9,3136.0,3178.9,3173.4,8187372.0,221962.0,7.0,258,3173.4,0.0,3170.89,1.16,1.0,7,MXI-9.27,MXI,MMU7
RFUD,2026-02-02,MMU7,3079.85,3078.7,3173.05,3150.5,8191300.0,592971.5,19.0,260,3150.5,0.0,3120.9,-0.72,2.0,17,MXI-9.27,MXI,MMU7
RFUD,2026-02-03,MMU7,3150.5,3143.5,3182.5,3159.25,8214050.0,157950.0,5.0,260,3159.25,0.0,3159.0,0.28,2.0,4,MXI-9.27,MXI,MMU7
RFUD,2026-02-04,MMU7,3166.0,3153.05,3184.9,3153.05,8197930.0,95039.5,3.0,260,3153.05,0.0,3167.98,-0.2,1.0,3,MXI-9.27,MXI,MMU7
RFUD,2026-02-05,MMU7,3128.35,3128.35,3137.7,3137.7,8210979.0,62660.5,2.0,258,3182.55,0.0,3133.03,-0.49,1.0,2,MXI-9.27,MXI,MMU7
RFUD,2026-02-06,MMU7,3137.0,3125.25,3243.4,3125.25,8361080.0,95056.5,3.0,260,3215.8,0.0,3168.55,-0.4,1.0,3,MXI-9.27,MXI,MMU7
RFUD,2026-02-09,MMU7,3133.0,3118.9,3188.8,3118.9,8046762.0,125637.0,4.0,258,3118.9,0.0,3140.93,-0.2,1.0,4,MXI-9.27,MXI,MMU7
RFUD,2026-02-10,MMU7,,,,,8173569.0,,,258,3168.05,0.0,,,,0,MXI-9.27,MXI,MMU7
RFUD,2026-02-11,MMU7,3084.6,3070.0,3084.6,3070.0,9095520.0,338358.5,11.0,280,3248.4,0.0,3075.99,,6.0,5,MXI-9.27,MXI,MMU7
RFUD,2026-02-12,MMU7,,,,,9019640.0,,,280,3221.3,0.0,,,,0,MXI-9.27,MXI,MMU7
RFUD,2026-02-13,MMU7,3137.2,3137.0,3137.2,3137.0,8987879.0,62742.0,2.0,278,3233.05,0.0,3137.1,,1.0,2,MXI-9.27,MXI,MMU7
RFUD,2026-02-16,MMU7,,,,,8953824.0,,,278,3220.8,0.0,,,,0,MXI-9.27,MXI,MMU7
RFUD,2026-02-17,MMU7,,,,,8932557.0,,,278,3213.15,0.0,,,,0,MXI-9.27,MXI,MMU7
RFUD,2026-02-18,MMU7,3154.0,3154.0,3154.0,3154.0,8768120.0,31540.0,1.0,278,3154.0,0.0,3154.0,,1.0,1,MXI-9.27,MXI,MMU7
RFUD,2026-02-19,MMU7,,,,,8891969.0,,,278,3198.55,0.0,,,,0,MXI-9.27,MXI,MMU7
RFUD,2026-02-20,MMU7,,,,,8922549.0,,,278,3209.55,0.0,,,,0,MXI-9.27,MXI,MMU7
RFUD,2026-02-24,MMU7,3187.65,3166.0,3187.8,3187.8,8859582.0,159169.0,5.0,278,3186.9,0.0,3183.38,,1.0,4,MXI-9.27,MXI,MMU7
RFUD,2026-02-25,MMU7,,,,,8915877.0,,,278,3207.15,0.0,,,,0,MXI-9.27,MXI,MMU7
RFUD,2026-02-26,MMU7,3187.8,3187.8,3187.8,3187.8,8862084.0,31878.0,1.0,278,3187.8,0.0,3187.8,,1.0,1,MXI-9.27,MXI,MMU7
RFUD,2026-02-27,MMU7,,,,,8911707.0,,,278,3205.65,0.0,,,,0,MXI-9.27,MXI,MMU7
RFUD,2026-03-02,MMU7,3201.0,3201.0,3222.0,3222.0,8949237.0,64230.0,2.0,278,3219.15,0.0,3211.5,,1.0,2,MXI-9.27,MXI,MMU7
RFUD,2026-03-03,MMU7,3188.3,3174.25,3194.25,3174.25,8951385.0,127376.5,4.0,282,3174.25,0.0,3184.41,-1.48,1.0,4,MXI-9.27,MXI,MMU7
RFUD,2026-03-04,MMU7,3151.9,3151.9,3169.0,3169.0,8936721.0,63209.0,2.0,282,3169.05,0.0,3160.45,-0.17,1.0,2,MXI-9.27,MXI,MMU7
RFUD,2026-03-05,MMU7,3207.2,3207.2,3207.2,3207.2,9027243.0,32072.0,1.0,282,3201.15,0.0,3207.2,1.21,1.0,1,MXI-9.27,MXI,MMU7
RFUD,2026-03-06,MMU7,3201.6,3201.6,3201.6,3201.6,9030063.0,32016.0,1.0,282,3202.15,0.0,3201.6,-0.18,1.0,1,MXI-9.27,MXI,MMU7
RFUD,2026-03-09,MMU7,3201.6,3201.6,3201.6,3201.6,9028512.0,128064.0,4.0,282,3201.6,0.0,3201.6,0.0,2.0,3,MXI-9.27,MXI,MMU7
RFUD,2026-03-10,MMU7,3200.35,3200.0,3200.35,3200.0,9024000.0,64003.5,2.0,282,3200.0,0.0,3200.18,-0.05,1.0,2,MXI-9.27,MXI,MMU7
RFUD,2026-03-11,MMU7,3262.6,3241.95,3262.6,3241.95,9048620.0,130091.0,4.0,280,3231.65,0.0,3252.28,1.31,1.0,4,MXI-9.27,MXI,MMU7
RFUD,2026-03-12,MMU7,,,,,9050860.0,,,280,3232.45,0.0,,,,0,MXI-9.27,MXI,MMU7
RFUD,2026-03-13,MMU7,3215.2,3214.1,3228.7,3228.7,8975786.0,161041.5,5.0,278,3228.7,0.0,3220.83,,2.0,4,MXI-9.27,MXI,MMU7
RFUD,2026-03-16,MMU7,3228.7,3222.7,3228.7,3222.7,9003169.0,128968.0,4.0,278,3238.55,0.0,3224.2,-0.19,2.0,3,MXI-9.27,MXI,MMU7
RFUD,2026-03-17,MMU7,,,,,9007478.0,,,278,3240.1,0.0,,,,0,MXI-9.27,MXI,MMU7
RFUD,2026-03-18,MMU7,3247.15,3191.95,3247.15,3230.3,9044840.0,225738.5,7.0,280,3230.3,0.0,3224.84,,1.0,7,MXI-9.27,MXI,MMU7
RFUD,2026-03-19,MMU7,,,,,9079420.0,,,280,3242.65,0.0,,,,0,MXI-9.27,MXI,MMU7
RFUD,2026-03-20,MMU7,3218.9,3200.0,3218.9,3200.0,8960000.0,192689.5,6.0,280,3200.0,0.0,3211.49,,1.0,6,MXI-9.27,MXI,MMU7
RFUD,2026-03-23,MMU7,3200.0,3144.55,3200.0,3144.55,8783549.0,190576.5,6.0,278,3159.55,0.0,3176.28,-1.73,1.0,6,MXI-9.27,MXI,MMU7
RFUD,2026-03-24,MMU7,3165.6,3165.6,3170.0,3170.0,8749200.0,95056.0,3.0,276,3170.0,0.0,3168.53,0.81,1.0,3,MXI-9.27,MXI,MMU7
RFUD,2026-03-25,MMU7,3168.7,3160.0,3168.7,3160.0,8721600.0,63287.0,2.0,276,3160.0,0.0,3164.35,-0.32,1.0,2,MXI-9.27,MXI,MMU7
RFUD,2026-03-26,MMU7,3173.95,3115.45,3187.85,3168.5,8808430.0,410087.5,13.0,278,3168.5,0.0,3154.52,0.27,1.0,11,MXI-9.27,MXI,MMU7
RFUD,2026-03-27,MMU7,3111.75,3066.6,3168.25,3123.3,8682774.0,718512.0,23.0,278,3123.3,0.0,3123.97,-1.43,1.0,14,MXI-9.27,MXI,MMU7
RFUD,2026-03-30,MMU7,3071.7,3071.7,3299.85,3152.0,9960320.0,1379100.0,43.0,316,3152.0,0.0,3207.21,0.92,1.0,24,MXI-9.27,MXI,MMU7
RFUD,2026-03-31,MMU7,0.0,0.0,0.0,0.0,9999978.0,0.0,0.0,316,3164.55,0.0,0.0,0.0,0.0,0,MXI-9.27,MXI,MMU7
RFUD,2026-04-01,MMU7,3127.25,3127.25,3127.25,3127.25,9882110.0,31272.5,1.0,316,3127.25,0.0,3127.25,0.0,1.0,1,MXI-9.27,MXI,MMU7
RFUD,2026-04-02,MMU7,0.0,0.0,0.0,0.0,9930616.0,0.0,0.0,316,3142.6,0.0,0.0,0.0,0.0,0,MXI-9.27,MXI,MMU7
RFUD,2026-04-03,MMU7,3143.05,3143.05,3143.05,3143.05,9815954.0,31430.5,1.0,314,3126.1,0.0,3143.05,0.0,1.0,1,MXI-9.27,MXI,MMU7
RFUD,2026-04-06,MMU7,3123.3,3122.0,3125.9,3122.0,9849552.0,124932.0,4.0,314,3136.8,0.0,3123.3,-0.67,1.0,4,MXI-9.27,MXI,MMU7
RFUD,2026-04-07,MMU7,0.0,0.0,0.0,0.0,9983944.0,0.0,0.0,314,3179.6,0.0,0.0,0.0,0.0,0,MXI-9.27,MXI,MMU7
RFUD,2026-04-08,MMU7,3149.3,3109.3,3149.3,3109.3,9936864.0,156341.5,5.0,318,3124.8,0.0,3126.83,0.0,1.0,5,MXI-9.27,MXI,MMU7
RFUD,2026-04-09,MMU7,0.0,0.0,0.0,0.0,9870243.0,0.0,0.0,318,3103.85,0.0,0.0,0.0,0.0,0,MXI-9.27,MXI,MMU7
RFUD,2026-04-10,MMU7,3088.0,3088.0,3088.0,3088.0,9634560.0,154400.0,5.0,312,3088.0,0.0,3088.0,0.0,1.0,4,MXI-9.27,MXI,MMU7
RFUD,2026-04-13,MMU7,0.0,0.0,0.0,0.0,9658584.0,0.0,0.0,312,3095.7,0.0,0.0,0.0,0.0,0,MXI-9.27,MXI,MMU7
RFUD,2026-04-14,MMU7,3068.55,3068.55,3088.0,3088.0,9572800.0,153816.5,5.0,310,3088.0,0.0,3076.33,0.0,1.0,5,MXI-9.27,MXI,MMU7
RFUD,2026-04-15,MMU7,3088.0,3084.5,3108.0,3108.0,9690096.0,154920.5,5.0,312,3105.8,0.0,3098.41,0.65,1.0,5,MXI-9.27,MXI,MMU7
RFUD,2026-04-16,MMU7,0.0,0.0,0.0,0.0,9678396.0,0.0,0.0,312,3102.05,0.0,0.0,0.0,0.0,0,MXI-9.27,MXI,MMU7
RFUD,2026-04-17,MMU7,0.0,0.0,0.0,0.0,9598368.0,0.0,0.0,312,3076.4,0.0,0.0,0.0,0.0,0,MXI-9.27,MXI,MMU7
RFUD,2026-04-20,MMU7,3076.4,3025.65,3098.0,3098.0,9789680.0,1469024.5,48.0,316,3098.0,0.0,3060.47,0.0,1.0,20,MXI-9.27,MXI,MMU7
RFUD,2026-04-21,MMU7,3077.05,3009.15,3097.5,3060.0,9747020.0,790464.0,26.0,316,3084.5,0.0,3040.25,-1.23,1.0,20,MXI-9.27,MXI,MMU7
RFUD,2026-04-22,MMU7,0.0,0.0,0.0,0.0,9743228.0,0.0,0.0,316,3083.3,0.0,0.0,0.0,0.0,0,MXI-9.27,MXI,MMU7
RFUD,2026-04-23,MMU7,3061.65,3061.65,3061.65,3061.65,9674814.0,61233.0,2.0,316,3061.65,0.0,3061.65,0.0,1.0,2,MXI-9.27,MXI,MMU7
RFUD,2026-04-24,MMU7,3039.85,3039.85,3039.85,3039.85,9553944.0,60797.0,2.0,316,3023.4,0.0,3039.85,-0.71,1.0,2,MXI-9.27,MXI,MMU7
RFUD,2026-04-27,MMU7,0.0,0.0,0.0,0.0,9563898.0,0.0,0.0,316,3026.55,0.0,0.0,0.0,0.0,0,MXI-9.27,MXI,MMU7
RFUD,2026-04-28,MMU7,0.0,0.0,0.0,0.0,9446188.0,0.0,0.0,316,2989.3,0.0,0.0,0.0,0.0,0,MXI-9.27,MXI,MMU7
RFUD,2026-04-29,MMU7,2975.95,2944.85,2990.0,2952.95,10713186.0,1094439.5,37.0,366,2927.1,0.0,2957.94,0.0,1.0,12,MXI-9.27,MXI,MMU7
RFUD,2026-04-30,MMU7,0.0,0.0,0.0,0.0,10835796.0,0.0,0.0,366,2960.6,0.0,0.0,0.0,0.0,0,MXI-9.27,MXI,MMU7
RFUD,2026-05-04,MMU7,2949.9,2916.9,2949.9,2916.9,10384164.0,263407.0,9.0,356,2916.9,0.0,2926.74,0.0,1.0,5,MXI-9.27,MXI,MMU7
RFUD,2026-05-05,MMU7,2921.55,2907.1,2954.0,2954.0,11040854.0,440181.0,15.0,374,2952.1,0.0,2934.54,1.27,1.0,15,MXI-9.27,MXI,MMU7
RFUD,2026-05-06,MMU7,2911.8,2858.85,2940.95,2940.95,10977320.0,172881.5,6.0,376,2919.5,0.0,2881.36,-0.44,1.0,3,MXI-9.27,MXI,MMU7
RFUD,2026-05-07,MMU7,2912.0,2900.0,2930.85,2930.85,10904000.0,291971.0,10.0,376,2900.0,0.0,2919.71,-0.34,1.0,10,MXI-9.27,MXI,MMU7
RFUD,2026-05-08,MMU7,2948.4,2948.4,2957.0,2957.0,11360505.0,265958.0,9.0,390,2912.95,0.0,2955.09,0.89,7.0,3,MXI-9.27,MXI,MMU7
RFUD,2026-05-11,MMU7,2959.0,2959.0,3073.7,3046.0,31373532.0,18781859.5,617.0,1028,3051.9,0.0,3044.06,3.01,10.0,184,MXI-9.27,MXI,MMU7
RFUD,2026-05-12,MMU7,3064.0,3013.7,3094.0,3058.75,31587640.0,2500815.0,82.0,1036,3049.0,0.0,3049.77,0.42,1.0,33,MXI-9.27,MXI,MMU7
RFUD,2026-05-13,MMU7,3058.75,3029.75,3058.75,3029.75,31435726.0,519163.0,17.0,1028,3057.95,0.0,3053.9,-0.95,1.0,8,MXI-9.27,MXI,MMU7
RFUD,2026-05-14,MMU7,3023.0,2860.7,3023.0,2962.65,14695240.0,11263051.0,383.0,496,2962.75,0.0,2940.74,-2.22,1.0,63,MXI-9.27,MXI,MMU7
RFUD,2026-05-15,MMU7,2944.05,2915.0,2960.05,2948.0,14198733.0,1059987.0,36.0,486,2921.55,0.0,2944.41,-0.49,14.0,15,MXI-9.27,MXI,MMU7
RFUD,2026-05-18,MMU7,2953.95,2953.5,2953.95,2953.5,14400423.0,59074.5,2.0,486,2963.05,0.0,2953.73,0.19,1.0,2,MXI-9.27,MXI,MMU7
RFUD,2026-05-19,MMU7,2946.95,2946.95,2946.95,2946.95,14340402.0,29469.5,1.0,486,2950.7,0.0,2946.95,-0.22,1.0,1,MXI-9.27,MXI,MMU7
RFUD,2026-05-20,MMU7,2941.55,2941.55,2941.55,2941.55,14237102.0,29415.5,1.0,484,2941.55,0.0,2941.55,-0.18,1.0,1,MXI-9.27,MXI,MMU7
RFUD,2026-05-21,MMU7,0.0,0.0,0.0,0.0,14472326.0,0.0,0.0,484,2990.15,0.0,0.0,0.0,0.0,0,MXI-9.27,MXI,MMU7
RFUD,2026-05-22,MMU7,2990.1,2903.6,2990.15,2943.05,14292565.0,1118038.5,38.0,490,2916.85,0.0,2942.21,0.0,2.0,21,MXI-9.27,MXI,MMU7
RFUD,2026-05-25,MMU7,2943.05,2885.6,2954.05,2885.6,14069638.0,351393.5,12.0,484,2906.95,0.0,2928.28,-1.95,3.0,10,MXI-9.27,MXI,MMU7
RFUD,2026-05-26,MMU7,2889.1,2885.6,2935.35,2922.55,14089680.0,581389.5,20.0,480,2935.35,0.0,2906.95,1.28,1.0,12,MXI-9.27,MXI,MMU7
RFUD,2026-05-27,MMU7,2922.55,2916.75,2941.3,2941.3,14323680.0,321610.0,11.0,490,2923.2,0.0,2923.73,0.64,1.0,8,MXI-9.27,MXI,MMU7
RFUD,2024-01-03,MMZ6,,,,,440940.0,,,10,4409.4,0.0,,,,0,MXI-12.26,MXI,MMZ6
RFUD,2024-01-04,MMZ6,4085.75,4085.75,4085.75,4085.75,413360.0,40857.5,1.0,10,4133.6,0.0,4085.75,,1.0,1,MXI-12.26,MXI,MMZ6
RFUD,2024-01-05,MMZ6,,,,,411275.0,,,10,4112.75,0.0,,,,0,MXI-12.26,MXI,MMZ6
RFUD,2024-01-08,MMZ6,,,,,411925.0,,,10,4119.25,0.0,,,,0,MXI-12.26,MXI,MMZ6
RFUD,2024-01-09,MMZ6,,,,,412320.0,,,10,4123.2,0.0,,,,0,MXI-12.26,MXI,MMZ6
RFUD,2024-01-10,MMZ6,,,,,411605.0,,,10,4116.05,0.0,,,,0,MXI-12.26,MXI,MMZ6
RFUD,2024-01-11,MMZ6,,,,,412315.0,,,10,4123.15,0.0,,,,0,MXI-12.26,MXI,MMZ6
RFUD,2024-01-12,MMZ6,4147.3,4147.3,4155.35,4155.35,415675.0,124499.5,3.0,10,4156.75,0.0,4149.98,,1.0,3,MXI-12.26,MXI,MMZ6
RFUD,2024-01-15,MMZ6,,,,,419030.0,,,10,4190.3,0.0,,,,0,MXI-12.26,MXI,MMZ6
RFUD,2024-01-16,MMZ6,,,,,417200.0,,,10,4172.0,0.0,,,,0,MXI-12.26,MXI,MMZ6
RFUD,2024-01-17,MMZ6,,,,,419550.0,,,10,4195.5,0.0,,,,0,MXI-12.26,MXI,MMZ6
RFUD,2024-01-18,MMZ6,,,,,418375.0,,,10,4183.75,0.0,,,,0,MXI-12.26,MXI,MMZ6
RFUD,2024-01-19,MMZ6,,,,,412150.0,,,10,4121.5,0.0,,,,0,MXI-12.26,MXI,MMZ6
RFUD,2024-01-22,MMZ6,,,,,412310.0,,,10,4123.1,0.0,,,,0,MXI-12.26,MXI,MMZ6
RFUD,2024-01-23,MMZ6,,,,,412290.0,,,10,4122.9,0.0,,,,0,MXI-12.26,MXI,MMZ6
RFUD,2024-01-24,MMZ6,,,,,414335.0,,,10,4143.35,0.0,,,,0,MXI-12.26,MXI,MMZ6
RFUD,2024-01-25,MMZ6,4145.5,4145.5,4145.5,4145.5,498282.0,41455.0,1.0,12,4152.35,0.0,4145.5,,1.0,1,MXI-12.26,MXI,MMZ6
RFUD,2024-01-26,MMZ6,3919.9,3919.9,3919.9,3919.9,399795.0,39199.0,1.0,10,3997.95,0.0,3919.9,-5.44,1.0,1,MXI-12.26,MXI,MMZ6
RFUD,2024-01-29,MMZ6,3947.55,3947.55,4157.8,3970.45,403590.0,162279.5,4.0,10,4035.9,0.0,4056.99,1.29,1.0,4,MXI-12.26,MXI,MMZ6
RFUD,2024-01-30,MMZ6,,,,,403315.0,,,10,4033.15,0.0,,,,0,MXI-12.26,MXI,MMZ6
RFUD,2024-01-31,MMZ6,,,,,402875.0,,,10,4028.75,0.0,,,,0,MXI-12.26,MXI,MMZ6
RFUD,2024-02-01,MMZ6,,,,,403985.0,,,10,4039.85,0.0,,,,0,MXI-12.26,MXI,MMZ6
RFUD,2024-02-02,MMZ6,4040.4,4040.4,4040.4,4040.4,323232.0,40404.0,1.0,8,4040.4,0.0,4040.4,,1.0,1,MXI-12.26,MXI,MMZ6
RFUD,2024-02-05,MMZ6,,,,,323312.0,,,8,4041.4,0.0,,,,0,MXI-12.26,MXI,MMZ6
RFUD,2024-02-06,MMZ6,4041.4,4041.4,4041.4,4041.4,409415.0,40414.0,1.0,10,4094.15,0.0,4041.4,,1.0,1,MXI-12.26,MXI,MMZ6
RFUD,2024-02-07,MMZ6,,,,,408655.0,,,10,4086.55,0.0,,,,0,MXI-12.26,MXI,MMZ6
RFUD,2024-02-08,MMZ6,4040.4,4040.4,4040.4,4040.4,325836.0,40404.0,1.0,8,4072.95,0.0,4040.4,,1.0,1,MXI-12.26,MXI,MMZ6
RFUD,2024-02-09,MMZ6,,,,,326620.0,,,8,4082.75,0.0,,,,0,MXI-12.26,MXI,MMZ6
RFUD,2024-02-12,MMZ6,,,,,327304.0,,,8,4091.3,0.0,,,,0,MXI-12.26,MXI,MMZ6
RFUD,2024-02-13,MMZ6,,,,,325160.0,,,8,4064.5,0.0,,,,0,MXI-12.26,MXI,MMZ6
RFUD,2024-02-14,MMZ6,,,,,324632.0,,,8,4057.9,0.0,,,,0,MXI-12.26,MXI,MMZ6
RFUD,2024-02-15,MMZ6,,,,,325964.0,,,8,4074.55,0.0,,,,0,MXI-12.26,MXI,MMZ6
RFUD,2024-02-16,MMZ6,,,,,325324.0,,,8,4066.55,0.0,,,,0,MXI-12.26,MXI,MMZ6
RFUD,2024-02-19,MMZ6,,,,,325584.0,,,8,4069.8,0.0,,,,0,MXI-12.26,MXI,MMZ6
RFUD,2024-02-20,MMZ6,,,,,324680.0,,,8,4058.5,0.0,,,,0,MXI-12.26,MXI,MMZ6
RFUD,2024-02-21,MMZ6,,,,,326448.0,,,8,4080.6,0.0,,,,0,MXI-12.26,MXI,MMZ6
RFUD,2024-02-22,MMZ6,4099.2,4099.2,4099.2,4099.2,328352.0,40992.0,1.0,8,4104.4,0.0,4099.2,,1.0,1,MXI-12.26,MXI,MMZ6
RFUD,2024-02-26,MMZ6,4160.6,4160.6,4160.6,4160.6,329316.0,41606.0,1.0,8,4116.45,0.0,4160.6,1.5,1.0,1,MXI-12.26,MXI,MMZ6
RFUD,2024-02-27,MMZ6,,,,,312420.0,,,8,3905.25,0.0,,,,0,MXI-12.26,MXI,MMZ6
RFUD,2024-02-28,MMZ6,,,,,315056.0,,,8,3938.2,0.0,,,,0,MXI-12.26,MXI,MMZ6
RFUD,2024-02-29,MMZ6,,,,,312752.0,,,8,3909.4,0.0,,,,0,MXI-12.26,MXI,MMZ6
RFUD,2024-03-01,MMZ6,4170.0,4170.0,4170.0,4170.0,409905.0,41700.0,1.0,10,4099.05,0.0,4170.0,,1.0,1,MXI-12.26,MXI,MMZ6
RFUD,2024-03-04,MMZ6,,,,,407005.0,,,10,4070.05,0.0,,,,0,MXI-12.26,MXI,MMZ6
RFUD,2024-03-05,MMZ6,,,,,403375.0,,,10,4033.75,0.0,,,,0,MXI-12.26,MXI,MMZ6
RFUD,2024-03-06,MMZ6,,,,,403335.0,,,10,4033.35,0.0,,,,0,MXI-12.26,MXI,MMZ6
RFUD,2024-03-07,MMZ6,,,,,388685.0,,,10,3886.85,0.0,,,,0,MXI-12.26,MXI,MMZ6
RFUD,2024-03-11,MMZ6,,,,,400050.0,,,10,4000.5,0.0,,,,0,MXI-12.26,MXI,MMZ6
RFUD,2024-03-12,MMZ6,4110.0,4110.0,4110.0,4110.0,411000.0,41100.0,1.0,10,4110.0,0.0,4110.0,,1.0,1,MXI-12.26,MXI,MMZ6
RFUD,2024-03-13,MMZ6,,,,,400170.0,,,10,4001.7,0.0,,,,0,MXI-12.26,MXI,MMZ6
RFUD,2024-03-14,MMZ6,,,,,410170.0,,,10,4101.7,0.0,,,,0,MXI-12.26,MXI,MMZ6
RFUD,2024-03-15,MMZ6,,,,,408985.0,,,10,4089.85,0.0,,,,0,MXI-12.26,MXI,MMZ6
RFUD,2024-03-18,MMZ6,,,,,410995.0,,,10,4109.95,0.0,,,,0,MXI-12.26,MXI,MMZ6
RFUD,2024-03-19,MMZ6,4109.9,4109.9,4109.95,4109.95,492558.0,82198.5,2.0,12,4104.65,0.0,4109.93,,1.0,2,MXI-12.26,MXI,MMZ6
RFUD,2024-03-20,MMZ6,,,,,492726.0,,,12,4106.05,0.0,,,,0,MXI-12.26,MXI,MMZ6
RFUD,2024-03-21,MMZ6,,,,,492108.0,,,12,4100.9,0.0,,,,0,MXI-12.26,MXI,MMZ6
RFUD,2024-03-22,MMZ6,,,,,489444.0,,,12,4078.7,0.0,,,,0,MXI-12.26,MXI,MMZ6
RFUD,2024-03-25,MMZ6,,,,,488580.0,,,12,4071.5,0.0,,,,0,MXI-12.26,MXI,MMZ6
RFUD,2024-03-26,MMZ6,,,,,486726.0,,,12,4056.05,0.0,,,,0,MXI-12.26,MXI,MMZ6
RFUD,2024-03-27,MMZ6,,,,,488340.0,,,12,4069.5,0.0,,,,0,MXI-12.26,MXI,MMZ6
RFUD,2024-03-28,MMZ6,,,,,488082.0,,,12,4067.35,0.0,,,,0,MXI-12.26,MXI,MMZ6
RFUD,2024-03-29,MMZ6,,,,,487602.0,,,12,4063.35,0.0,,,,0,MXI-12.26,MXI,MMZ6
RFUD,2024-04-01,MMZ6,,,,,488070.0,,,12,4067.25,0.0,,,,0,MXI-12.26,MXI,MMZ6
RFUD,2024-04-02,MMZ6,,,,,487926.0,,,12,4066.05,0.0,,,,0,MXI-12.26,MXI,MMZ6
RFUD,2024-04-03,MMZ6,,,,,485838.0,,,12,4048.65,0.0,,,,0,MXI-12.26,MXI,MMZ6
RFUD,2024-04-04,MMZ6,,,,,480282.0,,,12,4002.35,0.0,,,,0,MXI-12.26,MXI,MMZ6
RFUD,2024-04-05,MMZ6,,,,,481722.0,,,12,4014.35,0.0,,,,0,MXI-12.26,MXI,MMZ6
RFUD,2024-04-08,MMZ6,,,,,484512.0,,,12,4037.6,0.0,,,,0,MXI-12.26,MXI,MMZ6
RFUD,2024-04-09,MMZ6,,,,,489012.0,,,12,4075.1,0.0,,,,0,MXI-12.26,MXI,MMZ6
RFUD,2024-04-10,MMZ6,,,,,492840.0,,,12,4107.0,0.0,,,,0,MXI-12.26,MXI,MMZ6
RFUD,2024-04-11,MMZ6,,,,,492798.0,,,12,4106.65,0.0,,,,0,MXI-12.26,MXI,MMZ6
RFUD,2024-04-12,MMZ6,,,,,493692.0,,,12,4114.1,0.0,,,,0,MXI-12.26,MXI,MMZ6
RFUD,2024-04-15,MMZ6,,,,,483906.0,,,12,4032.55,0.0,,,,0,MXI-12.26,MXI,MMZ6
RFUD,2024-04-16,MMZ6,4050.0,4050.0,4050.0,4050.0,477990.0,40500.0,1.0,12,3983.25,0.0,4050.0,,1.0,1,MXI-12.26,MXI,MMZ6
RFUD,2024-04-17,MMZ6,,,,,476904.0,,,12,3974.2,0.0,,,,0,MXI-12.26,MXI,MMZ6
RFUD,2024-04-18,MMZ6,,,,,476754.0,,,12,3972.95,0.0,,,,0,MXI-12.26,MXI,MMZ6
RFUD,2024-04-19,MMZ6,,,,,475116.0,,,12,3959.3,0.0,,,,0,MXI-12.26,MXI,MMZ6
RFUD,2024-04-22,MMZ6,,,,,476856.0,,,12,3973.8,0.0,,,,0,MXI-12.26,MXI,MMZ6
RFUD,2024-04-23,MMZ6,,,,,477696.0,,,12,3980.8,0.0,,,,0,MXI-12.26,MXI,MMZ6
RFUD,2024-04-24,MMZ6,,,,,475542.0,,,12,3962.85,0.0,,,,0,MXI-12.26,MXI,MMZ6
RFUD,2024-04-25,MMZ6,,,,,474906.0,,,12,3957.55,0.0,,,,0,MXI-12.26,MXI,MMZ6
RFUD,2024-04-26,MMZ6,,,,,474288.0,,,12,3952.4,0.0,,,,0,MXI-12.26,MXI,MMZ6
RFUD,2024-04-27,MMZ6,,,,,474234.0,,,12,3951.95,0.0,,,,0,MXI-12.26,MXI,MMZ6
RFUD,2024-04-29,MMZ6,,,,,473412.0,,,12,3945.1,0.0,,,,0,MXI-12.26,MXI,MMZ6
RFUD,2024-04-30,MMZ6,,,,,473934.0,,,12,3949.45,0.0,,,,0,MXI-12.26,MXI,MMZ6
RFUD,2024-05-02,MMZ6,,,,,472068.0,,,12,3933.9,0.0,,,,0,MXI-12.26,MXI,MMZ6
RFUD,2024-05-03,MMZ6,,,,,472140.0,,,12,3934.5,0.0,,,,0,MXI-12.26,MXI,MMZ6
RFUD,2024-05-06,MMZ6,,,,,471768.0,,,12,3931.4,0.0,,,,0,MXI-12.26,MXI,MMZ6
RFUD,2024-05-07,MMZ6,,,,,477372.0,,,12,3978.1,0.0,,,,0,MXI-12.26,MXI,MMZ6
RFUD,2024-05-08,MMZ6,,,,,477480.0,,,12,3979.0,0.0,,,,0,MXI-12.26,MXI,MMZ6
RFUD,2024-05-10,MMZ6,,,,,478188.0,,,12,3984.9,0.0,,,,0,MXI-12.26,MXI,MMZ6
RFUD,2024-05-13,MMZ6,,,,,481944.0,,,12,4016.2,0.0,,,,0,MXI-12.26,MXI,MMZ6
RFUD,2024-05-14,MMZ6,,,,,484800.0,,,12,4040.0,0.0,,,,0,MXI-12.26,MXI,MMZ6
RFUD,2024-05-15,MMZ6,,,,,486000.0,,,12,4050.0,0.0,,,,0,MXI-12.26,MXI,MMZ6
RFUD,2024-05-16,MMZ6,,,,,486000.0,,,12,4050.0,0.0,,,,0,MXI-12.26,MXI,MMZ6
RFUD,2024-05-17,MMZ6,,,,,487938.0,,,12,4066.15,0.0,,,,0,MXI-12.26,MXI,MMZ6
RFUD,2024-05-20,MMZ6,,,,,490836.0,,,12,4090.3,0.0,,,,0,MXI-12.26,MXI,MMZ6
RFUD,2024-05-21,MMZ6,,,,,487776.0,,,12,4064.8,0.0,,,,0,MXI-12.26,MXI,MMZ6
RFUD,2024-05-22,MMZ6,,,,,487608.0,,,12,4063.4,0.0,,,,0,MXI-12.26,MXI,MMZ6
RFUD,2024-05-23,MMZ6,,,,,489432.0,,,12,4078.6,0.0,,,,0,MXI-12.26,MXI,MMZ6
RFUD,2024-05-24,MMZ6,,,,,490512.0,,,12,4087.6,0.0,,,,0,MXI-12.26,MXI,MMZ6
RFUD,2024-05-27,MMZ6,,,,,495174.0,,,12,4126.45,0.0,,,,0,MXI-12.26,MXI,MMZ6
RFUD,2024-05-28,MMZ6,,,,,489828.0,,,12,4081.9,0.0,,,,0,MXI-12.26,MXI,MMZ6
RFUD,2024-05-29,MMZ6,,,,,498924.0,,,12,4157.7,0.0,,,,0,MXI-12.26,MXI,MMZ6
RFUD,2024-05-30,MMZ6,,,,,465774.0,,,12,3881.45,0.0,,,,0,MXI-12.26,MXI,MMZ6
RFUD,2024-05-31,MMZ6,,,,,470340.0,,,12,3919.5,0.0,,,,0,MXI-12.26,MXI,MMZ6
RFUD,2024-06-03,MMZ6,3714.55,3714.55,3714.55,3714.55,526911.0,37145.5,1.0,14,3763.65,0.0,3714.55,,1.0,1,MXI-12.26,MXI,MMZ6
RFUD,2024-06-04,MMZ6,,,,,521465.0,,,14,3724.75,0.0,,,,0,MXI-12.26,MXI,MMZ6
RFUD,2024-06-05,MMZ6,,,,,528157.0,,,14,3772.55,0.0,,,,0,MXI-12.26,MXI,MMZ6
RFUD,2024-06-06,MMZ6,,,,,529116.0,,,14,3779.4,0.0,,,,0,MXI-12.26,MXI,MMZ6
RFUD,2024-06-07,MMZ6,,,,,522739.0,,,14,3733.85,0.0,,,,0,MXI-12.26,MXI,MMZ6
RFUD,2024-06-10,MMZ6,,,,,558068.0,,,14,3986.2,0.0,,,,0,MXI-12.26,MXI,MMZ6
RFUD,2024-06-11,MMZ6,,,,,561120.0,,,14,4008.0,0.0,,,,0,MXI-12.26,MXI,MMZ6
RFUD,2024-06-13,MMZ6,,,,,554820.0,,,14,3963.0,0.0,,,,0,MXI-12.26,MXI,MMZ6
RFUD,2024-06-14,MMZ6,3857.35,3857.35,3857.35,3857.35,625136.0,38573.5,1.0,16,3907.1,0.0,3857.35,,1.0,1,MXI-12.26,MXI,MMZ6
RFUD,2024-06-17,MMZ6,,,,,622400.0,,,16,3890.0,0.0,,,,0,MXI-12.26,MXI,MMZ6
RFUD,2024-06-18,MMZ6,,,,,623400.0,,,16,3896.25,0.0,,,,0,MXI-12.26,MXI,MMZ6
RFUD,2024-06-19,MMZ6,,,,,611000.0,,,16,3818.75,0.0,,,,0,MXI-12.26,MXI,MMZ6
RFUD,2024-06-20,MMZ6,,,,,612144.0,,,16,3825.9,0.0,,,,0,MXI-12.26,MXI,MMZ6
RFUD,2024-06-21,MMZ6,,,,,630008.0,,,16,3937.55,0.0,,,,0,MXI-12.26,MXI,MMZ6
RFUD,2024-06-24,MMZ6,,,,,615360.0,,,16,3846.0,0.0,,,,0,MXI-12.26,MXI,MMZ6
RFUD,2024-06-25,MMZ6,,,,,622528.0,,,16,3890.8,0.0,,,,0,MXI-12.26,MXI,MMZ6
RFUD,2024-06-26,MMZ6,,,,,610360.0,,,16,3814.75,0.0,,,,0,MXI-12.26,MXI,MMZ6
RFUD,2024-06-27,MMZ6,,,,,606232.0,,,16,3788.95,0.0,,,,0,MXI-12.26,MXI,MMZ6
RFUD,2024-06-28,MMZ6,,,,,608168.0,,,16,3801.05,0.0,,,,0,MXI-12.26,MXI,MMZ6
RFUD,2024-07-01,MMZ6,,,,,612592.0,,,16,3828.7,0.0,,,,0,MXI-12.26,MXI,MMZ6
RFUD,2024-07-02,MMZ6,,,,,611504.0,,,16,3821.9,0.0,,,,0,MXI-12.26,MXI,MMZ6
RFUD,2024-07-03,MMZ6,4034.5,4034.5,4034.5,4034.5,678447.0,40345.0,1.0,18,3769.15,0.0,4034.5,,1.0,1,MXI-12.26,MXI,MMZ6
RFUD,2024-07-04,MMZ6,3628.05,3628.05,3897.9,3878.45,748750.0,227138.0,6.0,20,3743.75,0.0,3785.63,-3.87,1.0,6,MXI-12.26,MXI,MMZ6
RFUD,2024-07-05,MMZ6,4025.2,3955.65,4025.2,3955.65,764870.0,79808.5,2.0,20,3824.35,0.0,3990.43,1.99,1.0,2,MXI-12.26,MXI,MMZ6
RFUD,2024-07-08,MMZ6,3840.7,3840.7,3840.7,3840.7,746640.0,38407.0,1.0,20,3733.2,0.0,3840.7,-2.91,1.0,1,MXI-12.26,MXI,MMZ6
RFUD,2024-07-09,MMZ6,,,,,752800.0,,,20,3764.0,0.0,,,,0,MXI-12.26,MXI,MMZ6
RFUD,2024-07-10,MMZ6,3473.8,3473.8,3982.75,3752.65,671355.0,297180.5,8.0,18,3729.75,0.0,3714.76,,1.0,8,MXI-12.26,MXI,MMZ6
RFUD,2024-07-11,MMZ6,,,,,651600.0,,,18,3620.0,0.0,,,,0,MXI-12.26,MXI,MMZ6
RFUD,2024-07-12,MMZ6,,,,,635580.0,,,18,3531.0,0.0,,,,0,MXI-12.26,MXI,MMZ6
RFUD,2024-07-15,MMZ6,,,,,648036.0,,,18,3600.2,0.0,,,,0,MXI-12.26,MXI,MMZ6
RFUD,2024-07-16,MMZ6,,,,,674937.0,,,18,3749.65,0.0,,,,0,MXI-12.26,MXI,MMZ6
RFUD,2024-07-17,MMZ6,,,,,618732.0,,,18,3437.4,0.0,,,,0,MXI-12.26,MXI,MMZ6
RFUD,2024-07-18,MMZ6,,,,,625437.0,,,18,3474.65,0.0,,,,0,MXI-12.26,MXI,MMZ6
RFUD,2024-07-19,MMZ6,,,,,632934.0,,,18,3516.3,0.0,,,,0,MXI-12.26,MXI,MMZ6
RFUD,2024-07-22,MMZ6,,,,,636309.0,,,18,3535.05,0.0,,,,0,MXI-12.26,MXI,MMZ6
RFUD,2024-07-23,MMZ6,,,,,668907.0,,,18,3716.15,0.0,,,,0,MXI-12.26,MXI,MMZ6
RFUD,2024-07-24,MMZ6,,,,,617400.0,,,18,3430.0,0.0,,,,0,MXI-12.26,MXI,MMZ6
RFUD,2024-07-25,MMZ6,,,,,585324.0,,,18,3251.8,0.0,,,,0,MXI-12.26,MXI,MMZ6
RFUD,2024-07-26,MMZ6,,,,,602667.0,,,18,3348.15,0.0,,,,0,MXI-12.26,MXI,MMZ6
RFUD,2024-07-29,MMZ6,3729.25,3427.0,3729.25,3470.0,685400.0,106262.5,3.0,20,3427.0,0.0,3542.08,,1.0,3,MXI-12.26,MXI,MMZ6
RFUD,2024-07-30,MMZ6,,,,,706060.0,,,20,3530.3,0.0,,,,0,MXI-12.26,MXI,MMZ6
RFUD,2024-07-31,MMZ6,,,,,717010.0,,,20,3585.05,0.0,,,,0,MXI-12.26,MXI,MMZ6
RFUD,2024-08-01,MMZ6,,,,,721120.0,,,20,3605.6,0.0,,,,0,MXI-12.26,MXI,MMZ6
RFUD,2024-08-02,MMZ6,3566.5,3566.5,3566.5,3566.5,642960.0,35665.0,1.0,18,3572.0,0.0,3566.5,,1.0,1,MXI-12.26,MXI,MMZ6
RFUD,2024-08-05,MMZ6,,,,,657504.0,,,18,3652.8,0.0,,,,0,MXI-12.26,MXI,MMZ6
RFUD,2024-08-06,MMZ6,,,,,638586.0,,,18,3547.7,0.0,,,,0,MXI-12.26,MXI,MMZ6
RFUD,2024-08-07,MMZ6,3683.8,3683.8,3683.8,3683.8,736760.0,36838.0,1.0,20,3683.8,0.0,3683.8,,1.0,1,MXI-12.26,MXI,MMZ6
RFUD,2024-08-08,MMZ6,,,,,731190.0,,,20,3655.95,0.0,,,,0,MXI-12.26,MXI,MMZ6
RFUD,2024-08-09,MMZ6,,,,,728620.0,,,20,3643.1,0.0,,,,0,MXI-12.26,MXI,MMZ6
RFUD,2024-08-12,MMZ6,,,,,742190.0,,,20,3710.95,0.0,,,,0,MXI-12.26,MXI,MMZ6
RFUD,2024-08-13,MMZ6,,,,,744180.0,,,20,3720.9,0.0,,,,0,MXI-12.26,MXI,MMZ6
RFUD,2024-08-14,MMZ6,3680.0,3680.0,3680.0,3680.0,742870.0,36800.0,1.0,20,3714.35,0.0,3680.0,,1.0,1,MXI-12.26,MXI,MMZ6
RFUD,2024-08-15,MMZ6,,,,,738310.0,,,20,3691.55,0.0,,,,0,MXI-12.26,MXI,MMZ6
RFUD,2024-08-16,MMZ6,,,,,735910.0,,,20,3679.55,0.0,,,,0,MXI-12.26,MXI,MMZ6
RFUD,2024-08-19,MMZ6,,,,,729270.0,,,20,3646.35,0.0,,,,0,MXI-12.26,MXI,MMZ6
RFUD,2024-08-20,MMZ6,,,,,723700.0,,,20,3618.5,0.0,,,,0,MXI-12.26,MXI,MMZ6
RFUD,2024-08-21,MMZ6,,,,,719970.0,,,20,3599.85,0.0,,,,0,MXI-12.26,MXI,MMZ6
RFUD,2024-08-22,MMZ6,,,,,716940.0,,,20,3584.7,0.0,,,,0,MXI-12.26,MXI,MMZ6
RFUD,2024-08-23,MMZ6,,,,,706140.0,,,20,3530.7,0.0,,,,0,MXI-12.26,MXI,MMZ6
RFUD,2024-08-26,MMZ6,,,,,738470.0,,,20,3692.35,0.0,,,,0,MXI-12.26,MXI,MMZ6
RFUD,2024-08-27,MMZ6,,,,,688600.0,,,20,3443.0,0.0,,,,0,MXI-12.26,MXI,MMZ6
RFUD,2024-08-28,MMZ6,,,,,725130.0,,,20,3625.65,0.0,,,,0,MXI-12.26,MXI,MMZ6
RFUD,2024-08-29,MMZ6,,,,,676540.0,,,20,3382.7,0.0,,,,0,MXI-12.26,MXI,MMZ6
RFUD,2024-08-30,MMZ6,,,,,721810.0,,,20,3609.05,0.0,,,,0,MXI-12.26,MXI,MMZ6
RFUD,2024-09-02,MMZ6,3339.05,3327.15,3479.5,3479.5,698120.0,134847.5,4.0,20,3490.6,0.0,3371.19,,1.0,4,MXI-12.26,MXI,MMZ6
RFUD,2024-09-03,MMZ6,3330.05,3266.55,3485.35,3371.8,674360.0,368648.5,11.0,20,3371.8,0.0,3351.35,-3.09,1.0,11,MXI-12.26,MXI,MMZ6
RFUD,2024-09-04,MMZ6,3410.5,3410.5,3417.35,3417.35,773498.0,102452.0,3.0,22,3515.9,0.0,3415.07,1.35,2.0,2,MXI-12.26,MXI,MMZ6
RFUD,2024-09-05,MMZ6,,,,,774983.0,,,22,3522.65,0.0,,,,0,MXI-12.26,MXI,MMZ6
RFUD,2024-09-06,MMZ6,,,,,768504.0,,,22,3493.2,0.0,,,,0,MXI-12.26,MXI,MMZ6
RFUD,2024-09-09,MMZ6,3537.35,3537.35,3560.0,3560.0,640800.0,141720.5,4.0,18,3560.0,0.0,3543.01,,1.0,3,MXI-12.26,MXI,MMZ6
RFUD,2024-09-10,MMZ6,3587.55,3587.55,3587.55,3587.55,500773.0,107626.5,3.0,14,3576.95,0.0,3587.55,0.77,2.0,2,MXI-12.26,MXI,MMZ6
RFUD,2024-09-11,MMZ6,,,,,499800.0,,,14,3570.0,0.0,,,,0,MXI-12.26,MXI,MMZ6
RFUD,2024-09-12,MMZ6,,,,,495754.0,,,14,3541.1,0.0,,,,0,MXI-12.26,MXI,MMZ6
RFUD,2024-09-13,MMZ6,,,,,508522.0,,,14,3632.3,0.0,,,,0,MXI-12.26,MXI,MMZ6
RFUD,2024-09-16,MMZ6,3769.9,3650.0,3769.9,3650.0,1697376.0,937952.0,25.0,48,3536.2,0.0,3751.81,,1.0,14,MXI-12.26,MXI,MMZ6
RFUD,2024-09-17,MMZ6,3479.05,3416.0,3570.0,3419.5,776611.0,661475.5,19.0,22,3530.05,0.0,3481.45,-6.31,1.0,19,MXI-12.26,MXI,MMZ6
RFUD,2024-09-18,MMZ6,,,,,790416.0,,,22,3592.8,0.0,,,,0,MXI-12.26,MXI,MMZ6
RFUD,2024-09-19,MMZ6,,,,,802076.0,,,22,3645.8,0.0,,,,0,MXI-12.26,MXI,MMZ6
RFUD,2024-09-20,MMZ6,3377.7,3377.7,3635.8,3448.95,938132.0,210108.5,6.0,26,3608.2,0.0,3501.81,,1.0,6,MXI-12.26,MXI,MMZ6
RFUD,2024-09-23,MMZ6,3443.5,3443.5,3443.5,3443.5,925756.0,34435.0,1.0,26,3560.6,0.0,3443.5,-0.16,1.0,1,MXI-12.26,MXI,MMZ6
RFUD,2024-09-24,MMZ6,3456.6,3387.95,3456.6,3387.95,1239444.0,205175.5,6.0,36,3442.9,0.0,3419.59,-1.61,1.0,5,MXI-12.26,MXI,MMZ6
RFUD,2024-09-25,MMZ6,3410.85,3410.85,3677.0,3537.45,1062000.0,2115917.5,59.0,30,3540.0,0.0,3586.3,4.41,1.0,52,MXI-12.26,MXI,MMZ6
RFUD,2024-09-26,MMZ6,3519.1,3517.85,3519.1,3517.85,1212627.0,175923.5,5.0,34,3566.55,0.0,3518.47,-0.55,1.0,4,MXI-12.26,MXI,MMZ6
RFUD,2024-09-27,MMZ6,3565.8,3565.8,3566.5,3566.5,1087380.0,213956.0,6.0,30,3624.6,0.0,3565.93,1.38,1.0,3,MXI-12.26,MXI,MMZ6
RFUD,2024-09-30,MMZ6,3493.9,3493.9,3493.9,3493.9,942604.0,104817.0,3.0,26,3625.4,0.0,3493.9,-2.04,2.0,2,MXI-12.26,MXI,MMZ6
RFUD,2024-10-01,MMZ6,3425.65,3425.65,3435.5,3435.5,925054.0,68611.5,2.0,26,3557.9,0.0,3430.58,-1.67,1.0,2,MXI-12.26,MXI,MMZ6
RFUD,2024-10-02,MMZ6,,,,,942630.0,,,26,3625.5,0.0,,,,0,MXI-12.26,MXI,MMZ6
RFUD,2024-10-03,MMZ6,3403.65,3403.65,3403.65,3403.65,858336.0,68073.0,2.0,24,3576.4,0.0,3403.65,,1.0,2,MXI-12.26,MXI,MMZ6
RFUD,2024-10-04,MMZ6,,,,,856332.0,,,24,3568.05,0.0,,,,0,MXI-12.26,MXI,MMZ6
RFUD,2024-10-07,MMZ6,,,,,852288.0,,,24,3551.2,0.0,,,,0,MXI-12.26,MXI,MMZ6
RFUD,2024-10-08,MMZ6,,,,,848328.0,,,24,3534.7,0.0,,,,0,MXI-12.26,MXI,MMZ6
RFUD,2024-10-09,MMZ6,,,,,844404.0,,,24,3518.35,0.0,,,,0,MXI-12.26,MXI,MMZ6
RFUD,2024-10-10,MMZ6,,,,,864060.0,,,24,3600.25,0.0,,,,0,MXI-12.26,MXI,MMZ6
RFUD,2024-10-11,MMZ6,,,,,851076.0,,,24,3546.15,0.0,,,,0,MXI-12.26,MXI,MMZ6
RFUD,2024-10-14,MMZ6,,,,,849576.0,,,24,3539.9,0.0,,,,0,MXI-12.26,MXI,MMZ6
RFUD,2024-10-15,MMZ6,,,,,852144.0,,,24,3550.6,0.0,,,,0,MXI-12.26,MXI,MMZ6
RFUD,2024-10-16,MMZ6,,,,,868236.0,,,24,3617.65,0.0,,,,0,MXI-12.26,MXI,MMZ6
RFUD,2024-10-17,MMZ6,,,,,844908.0,,,24,3520.45,0.0,,,,0,MXI-12.26,MXI,MMZ6
RFUD,2024-10-18,MMZ6,,,,,856008.0,,,24,3566.7,0.0,,,,0,MXI-12.26,MXI,MMZ6
RFUD,2024-10-21,MMZ6,,,,,838620.0,,,24,3494.25,0.0,,,,0,MXI-12.26,MXI,MMZ6
RFUD,2024-10-22,MMZ6,,,,,855336.0,,,24,3563.9,0.0,,,,0,MXI-12.26,MXI,MMZ6
RFUD,2024-10-23,MMZ6,,,,,841956.0,,,24,3508.15,0.0,,,,0,MXI-12.26,MXI,MMZ6
RFUD,2024-10-24,MMZ6,,,,,838128.0,,,24,3492.2,0.0,,,,0,MXI-12.26,MXI,MMZ6
RFUD,2024-10-25,MMZ6,3290.65,3290.65,3290.65,3290.65,759605.0,32906.5,1.0,22,3452.75,0.0,3290.65,,1.0,1,MXI-12.26,MXI,MMZ6
RFUD,2024-10-28,MMZ6,3300.0,3232.9,3300.0,3232.9,608139.0,163529.0,5.0,18,3378.55,0.0,3270.58,-1.75,1.0,5,MXI-12.26,MXI,MMZ6
RFUD,2024-10-29,MMZ6,,,,,605655.0,,,18,3364.75,0.0,,,,0,MXI-12.26,MXI,MMZ6
RFUD,2024-10-30,MMZ6,,,,,609093.0,,,18,3383.85,0.0,,,,0,MXI-12.26,MXI,MMZ6
RFUD,2024-10-31,MMZ6,,,,,610146.0,,,18,3389.7,0.0,,,,0,MXI-12.26,MXI,MMZ6
RFUD,2024-11-01,MMZ6,3439.65,3121.4,3439.65,3363.5,671200.0,164540.5,5.0,20,3356.0,0.0,3290.81,,1.0,5,MXI-12.26,MXI,MMZ6
RFUD,2024-11-02,MMZ6,3170.1,3170.1,3355.0,3347.5,602550.0,130576.0,4.0,18,3347.5,0.0,3264.4,-0.48,1.0,4,MXI-12.26,MXI,MMZ6
RFUD,2024-11-05,MMZ6,3198.8,3198.8,3345.0,3345.0,1068784.0,354878.0,11.0,32,3339.95,0.0,3226.16,-0.07,1.0,8,MXI-12.26,MXI,MMZ6
RFUD,2024-11-06,MMZ6,,,,,1041296.0,,,32,3254.05,0.0,,,,0,MXI-12.26,MXI,MMZ6
RFUD,2024-11-07,MMZ6,,,,,1070336.0,,,32,3344.8,0.0,,,,0,MXI-12.26,MXI,MMZ6
RFUD,2024-11-08,MMZ6,3312.9,3312.9,3312.9,3312.9,1073600.0,33129.0,1.0,32,3355.0,0.0,3312.9,,1.0,1,MXI-12.26,MXI,MMZ6
RFUD,2024-11-11,MMZ6,,,,,1101632.0,,,32,3442.6,0.0,,,,0,MXI-12.26,MXI,MMZ6
RFUD,2024-11-12,MMZ6,3311.35,3300.0,3499.85,3499.85,1105472.0,205750.5,6.0,32,3454.6,0.0,3429.18,,1.0,6,MXI-12.26,MXI,MMZ6
RFUD,2024-11-13,MMZ6,,,,,1102288.0,,,32,3444.65,0.0,,,,0,MXI-12.26,MXI,MMZ6
RFUD,2024-11-14,MMZ6,,,,,1093472.0,,,32,3417.1,0.0,,,,0,MXI-12.26,MXI,MMZ6
RFUD,2024-11-15,MMZ6,,,,,1106208.0,,,32,3456.9,0.0,,,,0,MXI-12.26,MXI,MMZ6
RFUD,2024-11-18,MMZ6,,,,,1104128.0,,,32,3450.4,0.0,,,,0,MXI-12.26,MXI,MMZ6
RFUD,2024-11-19,MMZ6,,,,,1096896.0,,,32,3427.8,0.0,,,,0,MXI-12.26,MXI,MMZ6
RFUD,2024-11-20,MMZ6,3255.0,3255.0,3279.0,3279.0,1004205.0,65340.0,2.0,30,3347.35,0.0,3267.0,,1.0,2,MXI-12.26,MXI,MMZ6
RFUD,2024-11-21,MMZ6,3279.0,3210.0,3331.0,3331.0,932036.0,98200.0,3.0,28,3328.7,0.0,3273.33,1.59,1.0,3,MXI-12.26,MXI,MMZ6
RFUD,2024-11-22,MMZ6,3428.15,3214.15,3444.05,3214.15,910028.0,135145.0,4.0,28,3250.1,0.0,3378.63,-3.51,1.0,4,MXI-12.26,MXI,MMZ6
RFUD,2024-11-25,MMZ6,,,,,958328.0,,,28,3422.6,0.0,,,,0,MXI-12.26,MXI,MMZ6
RFUD,2024-11-26,MMZ6,3211.2,3211.2,3211.2,3211.2,943712.0,32112.0,1.0,28,3370.4,0.0,3211.2,,1.0,1,MXI-12.26,MXI,MMZ6
RFUD,2024-11-27,MMZ6,3220.0,3106.15,3347.8,3347.8,1205190.0,516025.5,16.0,36,3347.75,0.0,3225.16,4.25,1.0,14,MXI-12.26,MXI,MMZ6
RFUD,2024-11-28,MMZ6,,,,,1205172.0,,,36,3347.7,0.0,,,,0,MXI-12.26,MXI,MMZ6
RFUD,2024-11-29,MMZ6,3347.7,3347.7,3388.0,3347.7,1224000.0,134311.0,4.0,36,3400.0,0.0,3357.78,,1.0,4,MXI-12.26,MXI,MMZ6
RFUD,2024-12-02,MMZ6,,,,,1231704.0,,,36,3421.4,0.0,,,,0,MXI-12.26,MXI,MMZ6
RFUD,2024-12-03,MMZ6,,,,,1193922.0,,,36,3316.45,0.0,,,,0,MXI-12.26,MXI,MMZ6
RFUD,2024-12-04,MMZ6,,,,,1206648.0,,,36,3351.8,0.0,,,,0,MXI-12.26,MXI,MMZ6
RFUD,2024-12-05,MMZ6,,,,,1199826.0,,,36,3332.85,0.0,,,,0,MXI-12.26,MXI,MMZ6
RFUD,2024-12-06,MMZ6,,,,,1174428.0,,,36,3262.3,0.0,,,,0,MXI-12.26,MXI,MMZ6
RFUD,2024-12-09,MMZ6,,,,,1220040.0,,,36,3389.0,0.0,,,,0,MXI-12.26,MXI,MMZ6
RFUD,2024-12-10,MMZ6,,,,,1213812.0,,,36,3371.7,0.0,,,,0,MXI-12.26,MXI,MMZ6
RFUD,2024-12-11,MMZ6,,,,,1204218.0,,,36,3345.05,0.0,,,,0,MXI-12.26,MXI,MMZ6
RFUD,2024-12-12,MMZ6,3327.0,3327.0,3327.0,3327.0,1197720.0,33270.0,1.0,36,3327.0,0.0,3327.0,,1.0,1,MXI-12.26,MXI,MMZ6
RFUD,2024-12-13,MMZ6,,,,,1191888.0,,,36,3310.8,0.0,,,,0,MXI-12.26,MXI,MMZ6
RFUD,2024-12-16,MMZ6,,,,,1197702.0,,,36,3326.95,0.0,,,,0,MXI-12.26,MXI,MMZ6
RFUD,2024-12-17,MMZ6,,,,,1193274.0,,,36,3314.65,0.0,,,,0,MXI-12.26,MXI,MMZ6
RFUD,2024-12-18,MMZ6,,,,,1212264.0,,,36,3367.4,0.0,,,,0,MXI-12.26,MXI,MMZ6
RFUD,2024-12-19,MMZ6,,,,,1215360.0,,,36,3376.0,0.0,,,,0,MXI-12.26,MXI,MMZ6
RFUD,2024-12-20,MMZ6,3400.7,3400.7,3410.0,3410.0,1241856.0,102207.0,3.0,36,3449.6,0.0,3406.9,,2.0,2,MXI-12.26,MXI,MMZ6
RFUD,2024-12-23,MMZ6,3473.0,3459.15,3507.0,3459.15,1522026.0,452431.5,13.0,44,3459.15,0.0,3480.24,1.44,1.0,9,MXI-12.26,MXI,MMZ6
RFUD,2024-12-24,MMZ6,,,,,1532278.0,,,44,3482.45,0.0,,,,0,MXI-12.26,MXI,MMZ6
RFUD,2024-12-25,MMZ6,3477.0,3477.0,3477.0,3477.0,1529880.0,34770.0,1.0,44,3477.0,0.0,3477.0,,1.0,1,MXI-12.26,MXI,MMZ6
RFUD,2024-12-26,MMZ6,3509.0,3501.2,3530.0,3529.25,2964570.0,843874.5,24.0,84,3529.25,0.0,3516.14,1.5,1.0,9,MXI-12.26,MXI,MMZ6
RFUD,2024-12-27,MMZ6,,,,,2959110.0,,,84,3522.75,0.0,,,,0,MXI-12.26,MXI,MMZ6
RFUD,2024-12-28,MMZ6,,,,,2971374.0,,,84,3537.35,0.0,,,,0,MXI-12.26,MXI,MMZ6
RFUD,2024-12-30,MMZ6,3548.0,3520.0,3572.95,3572.95,3215655.0,283201.0,8.0,90,3572.95,0.0,3540.01,,1.0,7,MXI-12.26,MXI,MMZ6
RFUD,2025-01-03,MMZ6,3575.95,3531.6,3575.95,3531.6,3319704.0,71075.5,2.0,94,3531.6,0.0,3553.78,-1.16,1.0,2,MXI-12.26,MXI,MMZ6
RFUD,2025-01-06,MMZ6,3524.95,3524.95,3524.95,3524.95,3242954.0,35249.5,1.0,92,3524.95,0.0,3524.95,-0.19,1.0,1,MXI-12.26,MXI,MMZ6
RFUD,2025-01-08,MMZ6,3529.5,3529.5,3540.0,3540.0,3327600.0,141285.0,4.0,94,3540.0,0.0,3532.13,0.43,1.0,2,MXI-12.26,MXI,MMZ6
RFUD,2025-01-09,MMZ6,3526.55,3510.0,3526.55,3510.0,3299400.0,140889.0,4.0,94,3510.0,0.0,3522.23,-0.85,1.0,4,MXI-12.26,MXI,MMZ6
RFUD,2025-01-10,MMZ6,3510.0,3505.0,3550.0,3550.0,3398400.0,211294.5,6.0,96,3540.0,0.0,3521.58,1.14,1.0,6,MXI-12.26,MXI,MMZ6
RFUD,2025-01-13,MMZ6,3551.9,3551.9,3555.85,3555.85,3555850.0,71077.5,2.0,100,3555.85,0.0,3553.88,0.17,1.0,2,MXI-12.26,MXI,MMZ6
RFUD,2025-01-14,MMZ6,,,,,3548650.0,,,100,3548.65,0.0,,,,0,MXI-12.26,MXI,MMZ6
RFUD,2025-01-15,MMZ6,,,,,3546100.0,,,100,3546.1,0.0,,,,0,MXI-12.26,MXI,MMZ6
RFUD,2025-01-16,MMZ6,3551.85,3551.85,3596.75,3596.75,3955435.0,215012.5,6.0,110,3595.85,0.0,3583.54,,3.0,4,MXI-12.26,MXI,MMZ6
RFUD,2025-01-17,MMZ6,3590.0,3590.0,3631.85,3609.1,3897828.0,396525.5,11.0,108,3609.1,0.0,3604.78,0.34,1.0,9,MXI-12.26,MXI,MMZ6
RFUD,2025-01-20,MMZ6,3634.4,3603.0,3634.4,3603.0,4035360.0,181317.5,5.0,112,3603.0,0.0,3626.35,-0.17,1.0,5,MXI-12.26,MXI,MMZ6
RFUD,2025-01-21,MMZ6,3590.0,3576.1,3621.2,3621.2,4055744.0,143915.5,4.0,112,3621.2,0.0,3597.89,0.51,1.0,4,MXI-12.26,MXI,MMZ6
RFUD,2025-01-22,MMZ6,3627.95,3627.95,3627.95,3627.95,4135863.0,36279.5,1.0,114,3627.95,0.0,3627.95,0.19,1.0,1,MXI-12.26,MXI,MMZ6
RFUD,2025-01-23,MMZ6,3632.0,3632.0,3632.0,3632.0,4198040.0,36320.0,1.0,116,3619.0,0.0,3632.0,0.11,1.0,1,MXI-12.26,MXI,MMZ6
RFUD,2025-01-24,MMZ6,3618.95,3618.95,3618.95,3618.95,4197982.0,72379.0,2.0,116,3618.95,0.0,3618.95,-0.36,2.0,1,MXI-12.26,MXI,MMZ6
RFUD,2025-01-27,MMZ6,3603.0,3603.0,3603.0,3603.0,4095393.0,36030.0,1.0,114,3592.45,0.0,3603.0,-0.44,1.0,1,MXI-12.26,MXI,MMZ6
RFUD,2025-01-28,MMZ6,3586.7,3579.35,3593.1,3593.1,4096134.0,179315.5,5.0,114,3593.1,0.0,3586.31,-0.27,1.0,5,MXI-12.26,MXI,MMZ6
RFUD,2025-01-29,MMZ6,,,,,4143900.0,,,114,3635.0,0.0,,,,0,MXI-12.26,MXI,MMZ6
RFUD,2025-01-30,MMZ6,3636.0,3636.0,3637.85,3637.85,4292663.0,145458.5,4.0,118,3637.85,0.0,3636.46,,1.0,3,MXI-12.26,MXI,MMZ6
RFUD,2025-01-31,MMZ6,3633.95,3628.6,3640.6,3628.6,4426892.0,399400.5,11.0,122,3628.6,0.0,3630.91,-0.25,1.0,5,MXI-12.26,MXI,MMZ6
RFUD,2025-02-03,MMZ6,,,,,4413960.0,,,122,3618.0,0.0,,,,0,MXI-12.26,MXI,MMZ6
RFUD,2025-02-04,MMZ6,,,,,4405298.0,,,122,3610.9,0.0,,,,0,MXI-12.26,MXI,MMZ6
RFUD,2025-02-05,MMZ6,3593.0,3593.0,3610.0,3610.0,4259800.0,216151.0,6.0,118,3610.0,0.0,3602.52,,1.0,4,MXI-12.26,MXI,MMZ6
RFUD,2025-02-06,MMZ6,3621.35,3620.6,3637.95,3637.95,4656576.0,253804.0,7.0,128,3637.95,0.0,3625.77,0.77,1.0,6,MXI-12.26,MXI,MMZ6
RFUD,2025-02-07,MMZ6,,,,,4664448.0,,,128,3644.1,0.0,,,,0,MXI-12.26,MXI,MMZ6
RFUD,2025-02-10,MMZ6,3647.0,3647.0,3647.0,3647.0,4741100.0,36470.0,1.0,130,3647.0,0.0,3647.0,,1.0,1,MXI-12.26,MXI,MMZ6
RFUD,2025-02-11,MMZ6,3650.8,3639.05,3650.8,3639.05,4736420.0,109289.0,3.0,130,3643.4,0.0,3642.97,-0.22,1.0,3,MXI-12.26,MXI,MMZ6
RFUD,2025-02-12,MMZ6,3650.0,3650.0,3660.0,3660.0,4758000.0,109600.0,3.0,130,3660.0,0.0,3653.33,0.58,1.0,3,MXI-12.26,MXI,MMZ6
RFUD,2025-02-13,MMZ6,3710.0,3710.0,3786.8,3786.8,5440824.0,677689.5,18.0,144,3778.35,0.0,3764.94,3.46,6.0,12,MXI-12.26,MXI,MMZ6
RFUD,2025-02-14,MMZ6,3788.1,3760.0,3796.45,3760.0,5269880.0,415245.0,11.0,140,3764.2,0.0,3774.95,-0.71,1.0,10,MXI-12.26,MXI,MMZ6
RFUD,2025-02-17,MMZ6,3828.0,3828.0,3850.0,3850.0,5698000.0,153630.0,4.0,148,3850.0,0.0,3840.75,2.39,1.0,4,MXI-12.26,MXI,MMZ6
RFUD,2025-02-18,MMZ6,3828.35,3780.1,3828.35,3800.0,3724000.0,1185219.5,31.0,98,3800.0,0.0,3823.29,-1.3,1.0,9,MXI-12.26,MXI,MMZ6
RFUD,2025-02-19,MMZ6,3790.0,3789.6,3819.1,3819.1,3895482.0,152178.0,4.0,102,3819.1,0.0,3804.45,0.5,1.0,4,MXI-12.26,MXI,MMZ6
RFUD,2025-02-20,MMZ6,3853.85,3853.85,3860.75,3860.75,4092395.0,154361.0,4.0,106,3860.75,0.0,3859.03,1.09,1.0,4,MXI-12.26,MXI,MMZ6
RFUD,2025-02-21,MMZ6,3989.35,3861.0,3989.35,3861.0,4247100.0,194413.5,5.0,110,3861.0,0.0,3888.27,0.01,2.0,4,MXI-12.26,MXI,MMZ6
RFUD,2025-02-24,MMZ6,,,,,4313760.0,,,110,3921.6,0.0,,,,0,MXI-12.26,MXI,MMZ6
RFUD,2025-02-25,MMZ6,3851.05,3851.05,3959.0,3959.0,4332075.0,196143.0,5.0,110,3938.25,0.0,3922.86,,1.0,4,MXI-12.26,MXI,MMZ6
RFUD,2025-02-26,MMZ6,3946.25,3879.6,3958.95,3917.55,4622709.0,626220.0,16.0,118,3917.55,0.0,3913.88,-1.05,1.0,12,MXI-12.26,MXI,MMZ6
RFUD,2025-02-27,MMZ6,3875.0,3875.0,3876.2,3876.2,4728964.0,193762.0,5.0,122,3876.2,0.0,3875.24,-1.06,1.0,4,MXI-12.26,MXI,MMZ6
RFUD,2025-02-28,MMZ6,3837.55,3836.55,3850.65,3850.65,4312728.0,384138.0,10.0,112,3850.65,0.0,3841.38,-0.66,1.0,10,MXI-12.26,MXI,MMZ6
RFUD,2025-03-03,MMZ6,3889.2,3806.1,3911.0,3835.45,4372413.0,651390.5,17.0,114,3835.45,0.0,3831.71,-0.4,1.0,12,MXI-12.26,MXI,MMZ6
RFUD,2025-03-04,MMZ6,3845.35,3845.35,3890.0,3890.0,4512400.0,193453.5,5.0,116,3890.0,0.0,3869.07,1.42,1.0,5,MXI-12.26,MXI,MMZ6
RFUD,2025-03-05,MMZ6,3937.5,3920.35,3939.0,3920.35,4626013.0,314468.5,8.0,118,3920.35,0.0,3930.86,0.78,1.0,8,MXI-12.26,MXI,MMZ6
RFUD,2025-03-06,MMZ6,3929.2,3896.15,3936.6,3896.15,4519534.0,429679.0,11.0,116,3896.15,0.0,3906.17,-0.62,2.0,10,MXI-12.26,MXI,MMZ6
RFUD,2025-03-07,MMZ6,3900.0,3873.55,3900.0,3873.55,4570789.0,116471.0,3.0,118,3873.55,0.0,3882.37,-0.58,1.0,3,MXI-12.26,MXI,MMZ6
RFUD,2025-03-10,MMZ6,3915.0,3915.0,3915.0,3915.0,4541400.0,39150.0,1.0,116,3915.0,0.0,3915.0,1.07,1.0,1,MXI-12.26,MXI,MMZ6
RFUD,2025-03-11,MMZ6,,,,,4556190.0,,,116,3927.75,0.0,,,,0,MXI-12.26,MXI,MMZ6
RFUD,2025-03-12,MMZ6,,,,,4539718.0,,,116,3913.55,0.0,,,,0,MXI-12.26,MXI,MMZ6
RFUD,2025-03-13,MMZ6,3850.0,3850.0,3850.0,3850.0,4466000.0,154000.0,4.0,116,3850.0,0.0,3850.0,,2.0,2,MXI-12.26,MXI,MMZ6
RFUD,2025-03-14,MMZ6,3866.85,3866.85,3921.75,3921.75,5176644.0,547037.0,14.0,132,3921.7,0.0,3907.41,1.86,1.0,13,MXI-12.26,MXI,MMZ6
RFUD,2025-03-17,MMZ6,3939.0,3924.85,3950.0,3937.0,4803140.0,275659.5,7.0,122,3937.0,0.0,3937.99,0.39,1.0,7,MXI-12.26,MXI,MMZ6
RFUD,2025-03-18,MMZ6,3949.25,3938.55,3949.75,3938.55,4647489.0,236686.0,6.0,118,3938.55,0.0,3944.77,0.04,1.0,6,MXI-12.26,MXI,MMZ6
RFUD,2025-03-19,MMZ6,3962.6,3911.6,3962.6,3944.05,4575098.0,235738.0,6.0,116,3944.05,0.0,3928.97,0.14,1.0,6,MXI-12.26,MXI,MMZ6
RFUD,2025-03-20,MMZ6,3932.65,3932.65,3967.0,3959.55,4751460.0,237207.5,6.0,120,3959.55,0.0,3953.46,0.39,1.0,6,MXI-12.26,MXI,MMZ6
RFUD,2025-03-21,MMZ6,,,,,4701900.0,,,120,3918.25,0.0,,,,0,MXI-12.26,MXI,MMZ6
RFUD,2025-03-24,MMZ6,3899.05,3899.05,3899.05,3899.05,4600879.0,77981.0,2.0,118,3899.05,0.0,3899.05,,1.0,2,MXI-12.26,MXI,MMZ6
RFUD,2025-03-25,MMZ6,3883.65,3876.55,3883.65,3879.25,4344760.0,194064.5,5.0,112,3879.25,0.0,3881.29,-0.51,1.0,4,MXI-12.26,MXI,MMZ6
RFUD,2025-03-26,MMZ6,3895.95,3895.95,3895.95,3895.95,4363464.0,38959.5,1.0,112,3895.95,0.0,3895.95,0.43,1.0,1,MXI-12.26,MXI,MMZ6
RFUD,2025-03-27,MMZ6,3852.0,3835.35,3852.0,3848.3,4617960.0,153839.5,4.0,120,3848.3,0.0,3845.99,-1.22,1.0,4,MXI-12.26,MXI,MMZ6
RFUD,2025-03-28,MMZ6,3811.75,3801.1,3811.75,3801.1,4789386.0,114139.5,3.0,126,3801.1,0.0,3804.65,-1.23,1.0,3,MXI-12.26,MXI,MMZ6
RFUD,2025-03-31,MMZ6,3809.25,3793.8,3829.95,3829.95,4978935.0,152268.0,4.0,130,3829.95,0.0,3806.7,0.76,1.0,4,MXI-12.26,MXI,MMZ6
RFUD,2025-04-01,MMZ6,3809.1,3809.1,3809.1,3809.1,5028012.0,38091.0,1.0,132,3809.1,0.0,3809.1,-0.54,1.0,1,MXI-12.26,MXI,MMZ6
RFUD,2025-04-02,MMZ6,,,,,4975146.0,,,132,3769.05,0.0,,,,0,MXI-12.26,MXI,MMZ6
RFUD,2025-04-03,MMZ6,3723.1,3690.0,3723.1,3690.0,4878720.0,148471.0,4.0,132,3696.0,0.0,3711.78,,1.0,3,MXI-12.26,MXI,MMZ6
RFUD,2025-04-04,MMZ6,3696.0,3655.0,3713.35,3680.55,4921820.0,257913.5,7.0,134,3673.0,0.0,3684.48,-0.26,1.0,6,MXI-12.26,MXI,MMZ6
RFUD,2025-04-07,MMZ6,3666.5,3511.0,3666.5,3592.0,4994427.0,463914.0,13.0,138,3619.15,0.0,3568.57,-2.41,1.0,12,MXI-12.26,MXI,MMZ6
RFUD,2025-04-08,MMZ6,3575.95,3575.95,3596.05,3596.05,4962549.0,71720.0,2.0,138,3596.05,0.0,3586.0,0.11,1.0,2,MXI-12.26,MXI,MMZ6
RFUD,2025-04-09,MMZ6,3556.25,3506.2,3556.25,3526.1,5077584.0,141202.5,4.0,144,3526.1,0.0,3530.06,-1.94,1.0,4,MXI-12.26,MXI,MMZ6
RFUD,2025-04-10,MMZ6,3556.95,3556.95,3577.1,3577.1,4793314.0,214424.5,6.0,134,3577.1,0.0,3573.74,1.45,1.0,6,MXI-12.26,MXI,MMZ6
RFUD,2025-04-11,MMZ6,,,,,4844502.0,,,134,3615.3,0.0,,,,0,MXI-12.26,MXI,MMZ6
RFUD,2025-04-14,MMZ6,3624.5,3624.5,3624.5,3624.5,4929320.0,36245.0,1.0,136,3624.5,0.0,3624.5,,1.0,1,MXI-12.26,MXI,MMZ6
RFUD,2025-04-15,MMZ6,,,,,4866284.0,,,136,3578.15,0.0,,,,0,MXI-12.26,MXI,MMZ6
RFUD,2025-04-16,MMZ6,3589.8,3580.0,3589.8,3580.0,6587200.0,2255498.0,63.0,184,3580.0,0.0,3580.16,,6.0,19,MXI-12.26,MXI,MMZ6
RFUD,2025-04-17,MMZ6,3582.9,3582.9,3582.9,3582.9,6592536.0,35829.0,1.0,184,3582.9,0.0,3582.9,0.08,1.0,1,MXI-12.26,MXI,MMZ6
RFUD,2025-04-18,MMZ6,3600.55,3571.8,3600.55,3571.8,6500676.0,107729.0,3.0,182,3571.8,0.0,3590.97,-0.31,1.0,3,MXI-12.26,MXI,MMZ6
RFUD,2025-04-21,MMZ6,3598.6,3598.6,3598.6,3598.6,6421083.0,71972.0,2.0,178,3607.35,0.0,3598.6,0.75,1.0,2,MXI-12.26,MXI,MMZ6
RFUD,2025-04-22,MMZ6,3629.55,3629.55,3629.55,3629.55,6388008.0,36295.5,1.0,176,3629.55,0.0,3629.55,0.86,1.0,1,MXI-12.26,MXI,MMZ6
RFUD,2025-04-23,MMZ6,3683.4,3629.4,3683.4,3629.4,6605508.0,146200.5,4.0,182,3629.4,0.0,3655.01,0.0,1.0,4,MXI-12.26,MXI,MMZ6
RFUD,2025-04-24,MMZ6,,,,,6616701.0,,,182,3635.55,0.0,,,,0,MXI-12.26,MXI,MMZ6
RFUD,2025-04-25,MMZ6,3674.45,3674.45,3674.45,3674.45,6687499.0,36744.5,1.0,182,3674.45,0.0,3674.45,,1.0,1,MXI-12.26,MXI,MMZ6
RFUD,2025-04-28,MMZ6,3702.15,3702.15,3735.6,3735.6,6785051.0,111452.0,3.0,182,3728.05,0.0,3715.07,1.66,1.0,3,MXI-12.26,MXI,MMZ6
RFUD,2025-04-29,MMZ6,3678.95,3678.95,3678.95,3678.95,6733388.0,36789.5,1.0,184,3659.45,0.0,3678.95,-1.52,1.0,1,MXI-12.26,MXI,MMZ6
RFUD,2025-04-30,MMZ6,3632.0,3597.6,3632.0,3597.6,6693489.0,72296.0,2.0,186,3598.65,0.0,3614.8,-2.21,1.0,2,MXI-12.26,MXI,MMZ6
RFUD,2025-05-02,MMZ6,,,,,6540969.0,,,186,3516.65,0.0,,,,0,MXI-12.26,MXI,MMZ6
RFUD,2025-05-05,MMZ6,3549.95,3481.8,3549.95,3481.8,6476148.0,315379.0,9.0,186,3481.8,0.0,3504.21,,1.0,9,MXI-12.26,MXI,MMZ6
RFUD,2025-05-06,MMZ6,3494.2,3493.95,3534.5,3534.5,6299509.0,245687.5,7.0,178,3539.05,0.0,3509.82,1.51,1.0,6,MXI-12.26,MXI,MMZ6
RFUD,2025-05-07,MMZ6,,,,,6318199.0,,,178,3549.55,0.0,,,,0,MXI-12.26,MXI,MMZ6
RFUD,2025-05-08,MMZ6,3555.7,3555.7,3555.7,3555.7,6329146.0,35557.0,1.0,178,3555.7,0.0,3555.7,,1.0,1,MXI-12.26,MXI,MMZ6
RFUD,2025-05-12,MMZ6,3590.6,3590.6,3649.0,3610.0,6425800.0,397389.0,11.0,178,3610.0,0.0,3612.63,1.53,1.0,11,MXI-12.26,MXI,MMZ6
RFUD,2025-05-13,MMZ6,3610.1,3610.1,3610.1,3610.1,6425978.0,36101.0,1.0,178,3610.1,0.0,3610.1,0.0,1.0,1,MXI-12.26,MXI,MMZ6
RFUD,2025-05-14,MMZ6,3582.2,3582.2,3582.2,3582.2,6392692.0,35822.0,1.0,178,3591.4,0.0,3582.2,-0.77,1.0,1,MXI-12.26,MXI,MMZ6
RFUD,2025-05-15,MMZ6,3565.35,3528.25,3565.35,3531.5,6215440.0,141729.5,4.0,176,3531.5,0.0,3543.24,-1.42,1.0,4,MXI-12.26,MXI,MMZ6
RFUD,2025-05-16,MMZ6,3487.8,3487.8,3487.8,3487.8,6187104.0,34878.0,1.0,176,3515.4,0.0,3487.8,-1.24,1.0,1,MXI-12.26,MXI,MMZ6
RFUD,2025-05-19,MMZ6,3546.95,3540.55,3569.4,3555.5,6257768.0,213403.5,6.0,176,3555.55,0.0,3556.73,1.94,1.0,6,MXI-12.26,MXI,MMZ6
RFUD,2025-05-20,MMZ6,3520.25,3506.25,3524.15,3506.25,6171000.0,105506.5,3.0,176,3506.25,0.0,3516.88,-1.39,1.0,3,MXI-12.26,MXI,MMZ6
RFUD,2025-05-21,MMZ6,,,,,6094176.0,,,176,3462.6,0.0,,,,0,MXI-12.26,MXI,MMZ6
RFUD,2025-05-22,MMZ6,3462.6,3462.6,3462.6,3462.6,6024924.0,34626.0,1.0,174,3462.6,0.0,3462.6,,1.0,1,MXI-12.26,MXI,MMZ6
RFUD,2025-05-23,MMZ6,,,,,5947146.0,,,174,3417.9,0.0,,,,0,MXI-12.26,MXI,MMZ6
RFUD,2025-05-26,MMZ6,3417.0,3414.05,3418.65,3414.05,5919654.0,102497.0,3.0,174,3402.1,0.0,3416.57,,1.0,3,MXI-12.26,MXI,MMZ6
RFUD,2025-05-27,MMZ6,3399.75,3399.75,3401.6,3401.6,5986816.0,68013.5,2.0,176,3401.6,0.0,3400.68,-0.36,1.0,2,MXI-12.26,MXI,MMZ6
RFUD,2025-05-28,MMZ6,,,,,5955224.0,,,176,3383.65,0.0,,,,0,MXI-12.26,MXI,MMZ6
RFUD,2025-05-29,MMZ6,,,,,6014448.0,,,176,3417.3,0.0,,,,0,MXI-12.26,MXI,MMZ6
RFUD,2025-05-30,MMZ6,,,,,6024568.0,,,176,3423.05,0.0,,,,0,MXI-12.26,MXI,MMZ6
RFUD,2025-06-02,MMZ6,3574.05,3574.05,3574.05,3574.05,6216116.0,35740.5,1.0,178,3492.2,0.0,3574.05,,1.0,1,MXI-12.26,MXI,MMZ6
RFUD,2025-06-03,MMZ6,,,,,6298975.0,,,178,3538.75,0.0,,,,0,MXI-12.26,MXI,MMZ6
RFUD,2025-06-04,MMZ6,3473.6,3473.6,3473.6,3473.6,6290520.0,34736.0,1.0,178,3534.0,0.0,3473.6,,1.0,1,MXI-12.26,MXI,MMZ6
RFUD,2025-06-05,MMZ6,3553.15,3553.15,3553.15,3553.15,6248520.0,35531.5,1.0,180,3471.4,0.0,3553.15,2.29,1.0,1,MXI-12.26,MXI,MMZ6
RFUD,2025-06-06,MMZ6,3451.55,3451.55,3500.45,3500.45,6036158.0,69520.0,2.0,178,3391.1,0.0,3476.0,-1.48,1.0,2,MXI-12.26,MXI,MMZ6
RFUD,2025-06-09,MMZ6,,,,,5978486.0,,,178,3358.7,0.0,,,,0,MXI-12.26,MXI,MMZ6
RFUD,2025-06-10,MMZ6,,,,,6016400.0,,,178,3380.0,0.0,,,,0,MXI-12.26,MXI,MMZ6
RFUD,2025-06-11,MMZ6,,,,,6109227.0,,,178,3432.15,0.0,,,,0,MXI-12.26,MXI,MMZ6
RFUD,2025-06-13,MMZ6,,,,,6132456.0,,,178,3445.2,0.0,,,,0,MXI-12.26,MXI,MMZ6
RFUD,2025-06-16,MMZ6,3433.85,3419.45,3627.7,3457.1,6718292.0,483946.0,14.0,196,3427.7,0.0,3456.76,,3.0,12,MXI-12.26,MXI,MMZ6
RFUD,2025-06-17,MMZ6,3414.55,3230.05,3590.45,3490.8,7191048.0,1126884.0,33.0,206,3490.8,0.0,3414.8,0.97,1.0,23,MXI-12.26,MXI,MMZ6
RFUD,2025-06-18,MMZ6,3511.15,3511.15,3511.15,3511.15,7303192.0,35111.5,1.0,208,3511.15,0.0,3511.15,0.58,1.0,1,MXI-12.26,MXI,MMZ6
RFUD,2025-06-19,MMZ6,3493.45,3365.9,3493.45,3482.8,7036266.0,138356.0,4.0,202,3483.3,0.0,3458.9,-0.81,1.0,4,MXI-12.26,MXI,MMZ6
RFUD,2025-06-20,MMZ6,3464.4,3464.4,3470.05,3470.05,6992432.0,69344.5,2.0,202,3461.6,0.0,3467.23,-0.37,1.0,2,MXI-12.26,MXI,MMZ6
RFUD,2025-06-23,MMZ6,3455.0,3455.0,3455.0,3455.0,6979100.0,34550.0,1.0,202,3455.0,0.0,3455.0,-0.43,1.0,1,MXI-12.26,MXI,MMZ6
RFUD,2025-06-24,MMZ6,3456.35,3392.55,3456.35,3420.25,7182525.0,340974.0,10.0,210,3420.25,0.0,3409.74,-1.01,1.0,10,MXI-12.26,MXI,MMZ6
RFUD,2025-06-25,MMZ6,3430.05,3430.05,3430.05,3430.05,7242375.0,34300.5,1.0,210,3448.75,0.0,3430.05,0.29,1.0,1,MXI-12.26,MXI,MMZ6
RFUD,2025-06-26,MMZ6,3456.2,3456.2,3456.2,3456.2,7201272.0,34562.0,1.0,208,3462.15,0.0,3456.2,0.76,1.0,1,MXI-12.26,MXI,MMZ6
RFUD,2025-06-27,MMZ6,,,,,7200544.0,,,208,3461.8,0.0,,,,0,MXI-12.26,MXI,MMZ6
RFUD,2025-06-30,MMZ6,,,,,7273344.0,,,208,3496.8,0.0,,,,0,MXI-12.26,MXI,MMZ6
RFUD,2025-07-01,MMZ6,3500.05,3447.35,3500.05,3491.9,7193314.0,279073.0,8.0,206,3491.9,0.0,3488.41,,1.0,8,MXI-12.26,MXI,MMZ6
RFUD,2025-07-02,MMZ6,3484.65,3484.65,3484.65,3484.65,7247240.0,34846.5,1.0,208,3484.25,0.0,3484.65,-0.21,1.0,1,MXI-12.26,MXI,MMZ6
RFUD,2025-07-03,MMZ6,3488.55,3486.7,3488.55,3486.7,7246096.0,69752.5,2.0,208,3483.7,0.0,3487.63,0.06,1.0,2,MXI-12.26,MXI,MMZ6
RFUD,2025-07-04,MMZ6,3480.85,3470.25,3480.85,3470.25,7218120.0,69511.0,2.0,208,3470.25,0.0,3475.55,-0.47,1.0,2,MXI-12.26,MXI,MMZ6
RFUD,2025-07-07,MMZ6,3401.65,3401.65,3401.65,3401.65,7007399.0,34016.5,1.0,206,3401.65,0.0,3401.65,-1.98,1.0,1,MXI-12.26,MXI,MMZ6
RFUD,2025-07-08,MMZ6,3384.8,3374.7,3412.55,3412.55,7029853.0,203712.5,6.0,206,3412.55,0.0,3395.21,0.32,1.0,6,MXI-12.26,MXI,MMZ6
RFUD,2025-07-09,MMZ6,,,,,6869791.0,,,206,3334.85,0.0,,,,0,MXI-12.26,MXI,MMZ6
RFUD,2025-07-10,MMZ6,,,,,6938801.0,,,206,3368.35,0.0,,,,0,MXI-12.26,MXI,MMZ6
RFUD,2025-07-11,MMZ6,,,,,6744955.0,,,206,3274.25,0.0,,,,0,MXI-12.26,MXI,MMZ6
RFUD,2025-07-14,MMZ6,3286.2,3286.2,3370.0,3354.95,7447989.0,601603.5,18.0,222,3354.95,0.0,3342.24,,1.0,14,MXI-12.26,MXI,MMZ6
RFUD,2025-07-15,MMZ6,3369.1,3344.15,3369.1,3347.25,6967792.0,335466.5,10.0,208,3349.9,0.0,3354.67,-0.23,1.0,10,MXI-12.26,MXI,MMZ6
RFUD,2025-07-16,MMZ6,,,,,7035392.0,,,208,3382.4,0.0,,,,0,MXI-12.26,MXI,MMZ6
RFUD,2025-07-17,MMZ6,,,,,7012824.0,,,208,3371.55,0.0,,,,0,MXI-12.26,MXI,MMZ6
RFUD,2025-07-18,MMZ6,,,,,7047976.0,,,208,3388.45,0.0,,,,0,MXI-12.26,MXI,MMZ6
RFUD,2025-07-21,MMZ6,3392.9,3388.0,3392.9,3388.0,6860728.0,101738.0,3.0,202,3396.4,0.0,3391.27,,1.0,3,MXI-12.26,MXI,MMZ6
RFUD,2025-07-22,MMZ6,3394.1,3394.1,3394.1,3394.1,6652436.0,101823.0,3.0,196,3394.1,0.0,3394.1,0.18,1.0,3,MXI-12.26,MXI,MMZ6
RFUD,2025-07-23,MMZ6,,,,,6709766.0,,,196,3423.35,0.0,,,,0,MXI-12.26,MXI,MMZ6
RFUD,2025-07-24,MMZ6,,,,,6652044.0,,,196,3393.9,0.0,,,,0,MXI-12.26,MXI,MMZ6
RFUD,2025-07-25,MMZ6,3385.0,3385.0,3385.0,3385.0,6702100.0,67700.0,2.0,200,3351.05,0.0,3385.0,,1.0,2,MXI-12.26,MXI,MMZ6
RFUD,2025-07-28,MMZ6,3345.05,3316.55,3345.05,3316.55,6633100.0,99981.0,3.0,200,3316.55,0.0,3332.7,-2.02,1.0,3,MXI-12.26,MXI,MMZ6
RFUD,2025-07-29,MMZ6,,,,,6686000.0,,,200,3343.0,0.0,,,,0,MXI-12.26,MXI,MMZ6
RFUD,2025-07-30,MMZ6,,,,,6617300.0,,,200,3308.65,0.0,,,,0,MXI-12.26,MXI,MMZ6
RFUD,2025-07-31,MMZ6,3313.3,3313.3,3318.55,3317.35,6634700.0,165798.5,5.0,200,3317.35,0.0,3315.97,,1.0,5,MXI-12.26,MXI,MMZ6
RFUD,2025-08-01,MMZ6,3343.15,3343.15,3343.15,3343.15,6649600.0,33431.5,1.0,200,3324.8,0.0,3343.15,0.78,1.0,1,MXI-12.26,MXI,MMZ6
RFUD,2025-08-04,MMZ6,,,,,6741400.0,,,200,3370.7,0.0,,,,0,MXI-12.26,MXI,MMZ6
RFUD,2025-08-05,MMZ6,3370.8,3370.8,3370.8,3370.8,6809016.0,33708.0,1.0,202,3370.8,0.0,3370.8,,1.0,1,MXI-12.26,MXI,MMZ6
RFUD,2025-08-06,MMZ6,,,,,6782049.0,,,202,3357.45,0.0,,,,0,MXI-12.26,MXI,MMZ6
RFUD,2025-08-07,MMZ6,,,,,7018591.0,,,202,3474.55,0.0,,,,0,MXI-12.26,MXI,MMZ6
RFUD,2025-08-08,MMZ6,3478.55,3478.55,3506.35,3496.2,6922476.0,314155.5,9.0,198,3496.2,0.0,3490.62,,1.0,9,MXI-12.26,MXI,MMZ6
RFUD,2025-08-11,MMZ6,3514.3,3514.3,3559.7,3540.85,6940066.0,141633.0,4.0,196,3540.85,0.0,3540.83,1.28,1.0,4,MXI-12.26,MXI,MMZ6
RFUD,2025-08-12,MMZ6,3534.2,3534.2,3534.2,3534.2,6927032.0,35342.0,1.0,196,3534.2,0.0,3534.2,-0.19,1.0,1,MXI-12.26,MXI,MMZ6
RFUD,2025-08-13,MMZ6,3544.9,3534.55,3544.9,3534.55,6927718.0,70794.5,2.0,196,3534.55,0.0,3539.73,0.01,1.0,2,MXI-12.26,MXI,MMZ6
RFUD,2025-08-14,MMZ6,3521.05,3521.05,3521.05,3521.05,6846260.0,35210.5,1.0,194,3529.0,0.0,3521.05,-0.38,1.0,1,MXI-12.26,MXI,MMZ6
RFUD,2025-08-15,MMZ6,3560.95,3560.95,3560.95,3560.95,6908243.0,35609.5,1.0,194,3560.95,0.0,3560.95,1.13,1.0,1,MXI-12.26,MXI,MMZ6
RFUD,2025-08-18,MMZ6,3532.2,3532.2,3532.2,3532.2,6872054.0,35322.0,1.0,196,3506.15,0.0,3532.2,-0.81,1.0,1,MXI-12.26,MXI,MMZ6
RFUD,2025-08-19,MMZ6,3530.0,3530.0,3530.0,3530.0,6897534.0,35300.0,1.0,196,3519.15,0.0,3530.0,-0.06,1.0,1,MXI-12.26,MXI,MMZ6
RFUD,2025-08-20,MMZ6,,,,,6840204.0,,,196,3489.9,0.0,,,,0,MXI-12.26,MXI,MMZ6
RFUD,2025-08-21,MMZ6,3454.25,3448.0,3473.0,3456.55,6964455.0,138318.0,4.0,202,3447.75,0.0,3457.95,,1.0,4,MXI-12.26,MXI,MMZ6
RFUD,2025-08-22,MMZ6,3448.75,3448.75,3465.3,3465.3,7138518.0,207424.5,6.0,206,3465.3,0.0,3457.08,0.25,1.0,6,MXI-12.26,MXI,MMZ6
RFUD,2025-08-25,MMZ6,,,,,7109678.0,,,206,3451.3,0.0,,,,0,MXI-12.26,MXI,MMZ6
RFUD,2025-08-26,MMZ6,3481.95,3481.95,3481.95,3481.95,7195032.0,34819.5,1.0,208,3459.15,0.0,3481.95,,1.0,1,MXI-12.26,MXI,MMZ6
RFUD,2025-08-27,MMZ6,3468.9,3468.9,3468.9,3468.9,7145934.0,34689.0,1.0,206,3468.9,0.0,3468.9,-0.38,1.0,1,MXI-12.26,MXI,MMZ6
RFUD,2025-08-28,MMZ6,3479.05,3479.05,3486.25,3486.25,7460575.0,139358.0,4.0,214,3486.25,0.0,3483.95,0.5,1.0,4,MXI-12.26,MXI,MMZ6
RFUD,2025-08-29,MMZ6,3451.8,3451.8,3451.8,3451.8,7386852.0,69036.0,2.0,214,3451.8,0.0,3451.8,-0.99,1.0,2,MXI-12.26,MXI,MMZ6
RFUD,2025-09-01,MMZ6,,,,,7407075.0,,,214,3461.25,0.0,,,,0,MXI-12.26,MXI,MMZ6
RFUD,2025-09-02,MMZ6,3433.6,3423.25,3433.6,3423.25,7112040.0,102801.0,3.0,208,3419.25,0.0,3426.7,,1.0,3,MXI-12.26,MXI,MMZ6
RFUD,2025-09-03,MMZ6,3412.15,3412.15,3431.15,3431.15,7274038.0,68433.0,2.0,212,3431.15,0.0,3421.65,0.23,1.0,2,MXI-12.26,MXI,MMZ6
RFUD,2025-09-04,MMZ6,3434.15,3415.9,3486.35,3415.9,8787072.0,1488344.0,43.0,256,3432.45,0.0,3461.27,-0.44,1.0,24,MXI-12.26,MXI,MMZ6
RFUD,2025-09-05,MMZ6,3478.8,3456.4,3486.2,3486.2,8994396.0,243125.0,7.0,258,3486.2,0.0,3473.21,2.06,1.0,7,MXI-12.26,MXI,MMZ6
RFUD,2025-09-08,MMZ6,3485.65,3485.65,3497.15,3497.15,9232476.0,139591.0,4.0,264,3497.15,0.0,3489.78,0.31,1.0,4,MXI-12.26,MXI,MMZ6
RFUD,2025-09-09,MMZ6,3498.15,3426.05,3498.15,3494.35,8176779.0,1210601.5,35.0,234,3494.35,0.0,3458.86,-0.08,1.0,22,MXI-12.26,MXI,MMZ6
RFUD,2025-09-10,MMZ6,3470.65,3429.7,3487.55,3487.55,8000780.0,414085.0,12.0,230,3478.6,0.0,3450.71,-0.19,1.0,8,MXI-12.26,MXI,MMZ6
RFUD,2025-09-11,MMZ6,3499.45,3431.3,3528.35,3485.85,9202644.0,841654.5,24.0,264,3485.85,0.0,3506.89,-0.05,1.0,15,MXI-12.26,MXI,MMZ6
RFUD,2025-09-12,MMZ6,3433.1,3369.2,3499.95,3426.0,8816763.0,1125400.5,33.0,258,3417.35,0.0,3410.3,-1.72,1.0,21,MXI-12.26,MXI,MMZ6
RFUD,2025-09-15,MMZ6,3400.0,3367.35,3400.0,3367.35,8755110.0,101463.5,3.0,260,3367.35,0.0,3382.12,-1.71,1.0,3,MXI-12.26,MXI,MMZ6
RFUD,2025-09-16,MMZ6,3365.85,3365.85,3365.85,3365.85,8818527.0,33658.5,1.0,262,3365.85,0.0,3365.85,-0.04,1.0,1,MXI-12.26,MXI,MMZ6
RFUD,2025-09-17,MMZ6,3363.05,3333.4,3365.6,3365.6,8817872.0,603262.5,18.0,262,3365.6,0.0,3351.46,-0.01,1.0,17,MXI-12.26,MXI,MMZ6
RFUD,2025-09-18,MMZ6,3365.6,3351.55,3368.7,3356.3,9468573.0,772032.0,23.0,282,3357.65,0.0,3356.66,-0.28,1.0,20,MXI-12.26,MXI,MMZ6
RFUD,2025-09-19,MMZ6,3374.15,3307.1,3385.1,3316.0,10080640.0,3210710.5,96.0,304,3316.0,0.0,3344.49,-1.2,1.0,73,MXI-12.26,MXI,MMZ6
RFUD,2025-09-22,MMZ6,3293.05,3269.95,3312.0,3311.0,10591840.0,461630.0,14.0,320,3309.95,0.0,3297.36,-0.15,1.0,14,MXI-12.26,MXI,MMZ6
RFUD,2025-09-23,MMZ6,3307.7,3307.7,3335.55,3313.4,10470344.0,199121.5,6.0,316,3313.4,0.0,3318.69,0.07,1.0,6,MXI-12.26,MXI,MMZ6
RFUD,2025-09-24,MMZ6,3243.55,3243.55,3285.35,3273.1,9491990.0,687891.0,21.0,290,3273.1,0.0,3275.67,-1.22,1.0,14,MXI-12.26,MXI,MMZ6
RFUD,2025-09-25,MMZ6,,,,,9433845.0,,,290,3253.05,0.0,,,,0,MXI-12.26,MXI,MMZ6
RFUD,2025-09-26,MMZ6,3252.3,3238.05,3266.85,3259.45,9462990.0,422787.5,13.0,290,3263.1,0.0,3252.21,,1.0,13,MXI-12.26,MXI,MMZ6
RFUD,2025-09-29,MMZ6,3264.3,3238.0,3307.85,3238.0,9374250.0,228275.0,7.0,290,3232.5,0.0,3261.07,-0.66,1.0,7,MXI-12.26,MXI,MMZ6
RFUD,2025-09-30,MMZ6,3213.75,3193.1,3236.05,3210.9,9247392.0,385865.5,12.0,288,3210.9,0.0,3215.55,-0.84,1.0,12,MXI-12.26,MXI,MMZ6
RFUD,2025-10-01,MMZ6,3227.0,3176.7,3227.0,3176.7,9148896.0,95987.0,3.0,288,3176.7,0.0,3199.57,-1.06,1.0,3,MXI-12.26,MXI,MMZ6
RFUD,2025-10-02,MMZ6,3166.45,3166.45,3180.0,3180.0,9285600.0,127034.5,4.0,292,3180.0,0.0,3175.86,0.1,1.0,4,MXI-12.26,MXI,MMZ6
RFUD,2025-10-03,MMZ6,3170.0,3165.65,3193.2,3165.65,9370324.0,222055.5,7.0,296,3165.65,0.0,3172.22,-0.45,1.0,7,MXI-12.26,MXI,MMZ6
RFUD,2025-10-06,MMZ6,3150.65,3110.0,3210.1,3210.1,9309290.0,695091.0,22.0,290,3210.1,0.0,3159.5,1.4,2.0,21,MXI-12.26,MXI,MMZ6
RFUD,2025-10-07,MMZ6,3200.15,3199.9,3210.8,3199.9,9127334.0,96108.5,3.0,284,3213.85,0.0,3203.62,-0.32,1.0,3,MXI-12.26,MXI,MMZ6
RFUD,2025-10-08,MMZ6,3212.45,3161.4,3217.35,3170.2,8227164.0,447224.0,14.0,264,3116.35,0.0,3194.46,-0.93,1.0,12,MXI-12.26,MXI,MMZ6
RFUD,2025-10-09,MMZ6,3080.0,3079.55,3151.0,3151.0,8551210.0,186849.5,6.0,268,3190.75,0.0,3114.16,-0.61,1.0,6,MXI-12.26,MXI,MMZ6
RFUD,2025-10-10,MMZ6,3187.15,3155.6,3187.15,3155.6,8353863.0,95230.5,3.0,266,3140.55,0.0,3174.35,0.15,1.0,3,MXI-12.26,MXI,MMZ6
RFUD,2025-10-13,MMZ6,3133.75,3115.15,3173.75,3149.65,8338302.0,345769.5,11.0,266,3134.7,0.0,3143.36,-0.19,1.0,11,MXI-12.26,MXI,MMZ6
RFUD,2025-10-14,MMZ6,3107.35,3086.4,3107.35,3086.4,8209824.0,61937.5,2.0,266,3086.4,0.0,3096.88,-2.01,1.0,2,MXI-12.26,MXI,MMZ6
RFUD,2025-10-15,MMZ6,3080.0,3080.0,3087.9,3087.85,8151924.0,154254.5,5.0,264,3087.85,0.0,3085.09,0.05,1.0,5,MXI-12.26,MXI,MMZ6
RFUD,2025-10-16,MMZ6,3137.85,3126.5,3138.7,3138.0,7217400.0,845522.5,27.0,230,3138.0,0.0,3131.56,1.62,2.0,20,MXI-12.26,MXI,MMZ6
RFUD,2025-10-17,MMZ6,3144.25,3144.25,3303.7,3232.05,7527240.0,1038580.5,32.0,232,3244.5,0.0,3245.56,3.0,1.0,27,MXI-12.26,MXI,MMZ6
RFUD,2025-10-20,MMZ6,3286.6,3261.35,3295.0,3272.3,7984412.0,886284.0,27.0,244,3272.3,0.0,3282.53,1.24,1.0,23,MXI-12.26,MXI,MMZ6
RFUD,2025-10-21,MMZ6,3260.0,3120.0,3267.25,3123.35,8120710.0,3328914.0,104.0,260,3123.35,0.0,3200.88,-4.55,1.0,81,MXI-12.26,MXI,MMZ6
RFUD,2025-10-22,MMZ6,3147.35,3132.35,3164.45,3164.45,8589352.0,1007726.0,32.0,272,3157.85,0.0,3149.14,1.32,1.0,27,MXI-12.26,MXI,MMZ6
RFUD,2025-10-23,MMZ6,3124.45,3042.35,3124.45,3080.35,7947303.0,2770601.0,90.0,258,3080.35,0.0,3078.45,-2.66,2.0,63,MXI-12.26,MXI,MMZ6
RFUD,2025-10-24,MMZ6,3082.3,3043.0,3092.7,3056.7,8058204.0,613184.0,20.0,264,3052.35,0.0,3065.92,-0.77,1.0,18,MXI-12.26,MXI,MMZ6
RFUD,2025-10-27,MMZ6,3037.25,2945.3,3037.25,2961.5,10779860.0,3454432.0,116.0,364,2961.5,0.0,2977.96,-3.11,1.0,99,MXI-12.26,MXI,MMZ6
RFUD,2025-10-28,MMZ6,2967.85,2951.15,2976.6,2976.45,12349584.0,1154256.0,39.0,416,2968.65,0.0,2959.63,0.51,2.0,36,MXI-12.26,MXI,MMZ6
RFUD,2025-10-29,MMZ6,2971.2,2922.15,2980.65,2974.9,12494580.0,830609.0,28.0,420,2974.9,0.0,2966.46,-0.05,2.0,23,MXI-12.26,MXI,MMZ6
RFUD,2025-10-30,MMZ6,2990.4,2990.4,3047.45,3021.75,12570480.0,755383.5,25.0,416,3021.75,0.0,3021.53,1.57,1.0,20,MXI-12.26,MXI,MMZ6
RFUD,2025-10-31,MMZ6,2992.85,2982.8,3002.9,2985.0,12655552.0,269145.5,9.0,424,2984.8,0.0,2990.51,-1.22,1.0,7,MXI-12.26,MXI,MMZ6
RFUD,2025-11-01,MMZ6,2975.4,2960.25,2998.35,2990.0,12737400.0,268396.5,9.0,426,2990.0,0.0,2982.18,0.17,1.0,9,MXI-12.26,MXI,MMZ6
RFUD,2025-11-03,MMZ6,3024.6,3011.65,3034.1,3011.65,12973530.0,120820.0,4.0,430,3017.1,0.0,3020.5,0.72,1.0,4,MXI-12.26,MXI,MMZ6
RFUD,2025-11-05,MMZ6,,,,,12924940.0,,,430,3005.8,0.0,,,,0,MXI-12.26,MXI,MMZ6
RFUD,2025-11-06,MMZ6,2983.4,2983.4,2995.3,2995.3,12879790.0,239454.0,8.0,430,2995.3,0.0,2993.18,,1.0,7,MXI-12.26,MXI,MMZ6
RFUD,2025-11-07,MMZ6,,,,,12953965.0,,,430,3012.55,0.0,,,,0,MXI-12.26,MXI,MMZ6
RFUD,2025-11-10,MMZ6,3016.45,3011.8,3033.5,3018.9,12967940.0,211543.0,7.0,430,3015.8,0.0,3022.04,,1.0,6,MXI-12.26,MXI,MMZ6
RFUD,2025-11-11,MMZ6,3003.25,3003.25,3028.8,3011.05,13007736.0,90431.0,3.0,432,3011.05,0.0,3014.37,-0.26,1.0,3,MXI-12.26,MXI,MMZ6
RFUD,2025-11-12,MMZ6,3030.1,2998.6,3030.1,2998.6,13083060.0,180895.0,6.0,438,2987.0,0.0,3014.92,-0.41,1.0,5,MXI-12.26,MXI,MMZ6
RFUD,2025-11-13,MMZ6,2980.85,2980.85,2996.05,2990.65,13099047.0,208917.5,7.0,438,2990.65,0.0,2984.54,-0.27,1.0,7,MXI-12.26,MXI,MMZ6
RFUD,2025-11-14,MMZ6,2981.0,2955.0,2981.0,2959.1,12960858.0,473912.5,16.0,438,2959.1,0.0,2961.95,-1.05,1.0,15,MXI-12.26,MXI,MMZ6
RFUD,2025-11-17,MMZ6,2974.3,2937.75,2974.3,2945.3,12723696.0,354441.0,12.0,432,2945.3,0.0,2953.68,-0.47,1.0,11,MXI-12.26,MXI,MMZ6
RFUD,2025-11-18,MMZ6,2968.8,2968.8,3000.35,2985.65,13321351.0,508627.0,17.0,446,2986.85,0.0,2991.92,1.37,1.0,15,MXI-12.26,MXI,MMZ6
RFUD,2025-11-19,MMZ6,2989.85,2963.4,3073.7,3058.85,14560126.0,1542961.5,51.0,476,3058.85,0.0,3025.41,2.45,1.0,45,MXI-12.26,MXI,MMZ6
RFUD,2025-11-20,MMZ6,3059.5,3017.25,3059.5,3025.0,14580500.0,1518744.0,50.0,482,3025.0,0.0,3037.49,-1.11,1.0,44,MXI-12.26,MXI,MMZ6
RFUD,2025-11-21,MMZ6,3035.3,3006.75,3121.65,3051.15,15602688.0,4880335.0,160.0,512,3047.4,0.0,3050.21,0.86,2.0,122,MXI-12.26,MXI,MMZ6
RFUD,2025-11-24,MMZ6,3031.85,3009.3,3060.0,3009.3,15768732.0,606559.0,20.0,524,3009.3,0.0,3032.8,-1.37,1.0,18,MXI-12.26,MXI,MMZ6
RFUD,2025-11-25,MMZ6,3007.0,3000.25,3053.8,3044.0,15463520.0,1121140.0,37.0,508,3044.0,0.0,3030.11,1.15,1.0,32,MXI-12.26,MXI,MMZ6
RFUD,2025-11-26,MMZ6,3052.5,3001.85,3054.3,3050.8,15541230.0,334732.0,11.0,510,3047.3,0.0,3043.02,0.22,1.0,10,MXI-12.26,MXI,MMZ6
RFUD,2025-11-27,MMZ6,3025.0,3000.0,3067.4,3000.0,15914448.0,1086245.5,36.0,528,3014.1,0.0,3017.35,-1.67,1.0,28,MXI-12.26,MXI,MMZ6
RFUD,2025-11-28,MMZ6,2980.85,2973.0,3080.0,3037.8,16061878.0,569339.5,19.0,532,3019.15,0.0,2996.52,1.26,1.0,16,MXI-12.26,MXI,MMZ6
RFUD,2025-12-01,MMZ6,3034.05,3017.45,3104.0,3037.95,16161894.0,608311.0,20.0,532,3037.95,0.0,3041.56,0.01,1.0,19,MXI-12.26,MXI,MMZ6
RFUD,2025-12-02,MMZ6,3035.0,3021.85,3035.0,3030.0,16059000.0,272666.5,9.0,530,3030.0,0.0,3029.63,-0.26,1.0,9,MXI-12.26,MXI,MMZ6
RFUD,2025-12-03,MMZ6,3024.0,2991.0,3037.3,3037.3,17032253.0,1177310.5,39.0,562,3030.65,0.0,3018.74,0.24,1.0,21,MXI-12.26,MXI,MMZ6
RFUD,2025-12-04,MMZ6,2981.95,2981.95,3075.4,3016.0,16949920.0,181783.0,6.0,562,3016.0,0.0,3029.72,-0.7,1.0,5,MXI-12.26,MXI,MMZ6
RFUD,2025-12-05,MMZ6,3054.65,3054.65,3072.7,3072.7,17207120.0,306556.5,10.0,560,3072.7,0.0,3065.57,1.88,1.0,10,MXI-12.26,MXI,MMZ6
RFUD,2025-12-08,MMZ6,3082.65,3039.3,3118.55,3075.0,17835000.0,735859.5,24.0,580,3075.0,0.0,3066.08,0.07,1.0,19,MXI-12.26,MXI,MMZ6
RFUD,2025-12-09,MMZ6,3051.95,3051.95,3088.7,3059.35,17139360.0,708264.5,23.0,560,3060.6,0.0,3079.41,-0.51,1.0,17,MXI-12.26,MXI,MMZ6
RFUD,2025-12-10,MMZ6,3099.0,3099.0,3108.05,3099.15,17401768.0,155054.5,5.0,562,3096.4,0.0,3101.09,1.3,1.0,5,MXI-12.26,MXI,MMZ6
RFUD,2025-12-11,MMZ6,3134.05,3090.2,3134.05,3090.2,17648406.0,124046.5,4.0,564,3129.15,0.0,3101.16,-0.29,1.0,4,MXI-12.26,MXI,MMZ6
RFUD,2025-12-12,MMZ6,3157.9,3085.15,3157.9,3085.15,17400528.0,468019.0,15.0,564,3085.2,0.0,3120.13,-0.16,1.0,12,MXI-12.26,MXI,MMZ6
RFUD,2025-12-15,MMZ6,3084.35,3065.5,3123.8,3085.8,17959356.0,1300299.0,42.0,582,3085.8,0.0,3095.95,0.02,1.0,36,MXI-12.26,MXI,MMZ6
RFUD,2025-12-16,MMZ6,3112.8,3070.3,3112.8,3104.45,18485834.0,1759868.5,57.0,596,3101.65,0.0,3087.49,0.6,1.0,44,MXI-12.26,MXI,MMZ6
RFUD,2025-12-17,MMZ6,3086.35,3026.0,3086.55,3026.9,20291502.0,1772896.0,58.0,668,3037.65,0.0,3056.72,-2.5,1.0,44,MXI-12.26,MXI,MMZ6
RFUD,2025-12-18,MMZ6,3051.0,3033.3,3061.0,3035.0,21123600.0,1674394.0,55.0,696,3035.0,0.0,3044.35,0.27,2.0,38,MXI-12.26,MXI,MMZ6
RFUD,2025-12-19,MMZ6,3076.65,3019.05,3076.65,3039.05,21077127.0,883971.0,29.0,694,3037.05,0.0,3048.18,0.13,1.0,26,MXI-12.26,MXI,MMZ6
RFUD,2025-12-22,MMZ6,3027.5,2981.15,3035.5,3000.0,21240000.0,1204539.5,40.0,708,3000.0,0.0,3011.35,-1.29,1.0,33,MXI-12.26,MXI,MMZ6
RFUD,2025-12-23,MMZ6,3007.05,2991.6,3007.3,3000.0,22380000.0,1050063.5,35.0,746,3000.0,0.0,3000.18,0.0,1.0,28,MXI-12.26,MXI,MMZ6
RFUD,2025-12-24,MMZ6,2996.6,2974.2,3002.6,2974.2,22603920.0,1255634.5,42.0,760,2974.2,0.0,2989.61,-0.86,1.0,29,MXI-12.26,MXI,MMZ6
RFUD,2025-12-25,MMZ6,2992.1,2968.55,2992.1,2968.55,23807771.0,803758.5,27.0,802,2968.55,0.0,2976.88,-0.19,1.0,17,MXI-12.26,MXI,MMZ6
RFUD,2025-12-26,MMZ6,2987.55,2980.65,3015.95,3015.95,25331460.0,1860967.0,62.0,840,3015.65,0.0,3001.56,1.6,1.0,29,MXI-12.26,MXI,MMZ6
RFUD,2025-12-29,MMZ6,2994.85,2970.3,3050.0,2972.35,24854280.0,1655100.0,55.0,836,2973.0,0.0,3009.27,-1.45,1.0,43,MXI-12.26,MXI,MMZ6
RFUD,2025-12-30,MMZ6,2978.4,2978.4,3017.4,3017.4,25142282.0,330367.5,11.0,836,3007.45,0.0,3003.34,1.52,1.0,10,MXI-12.26,MXI,MMZ6
RFUD,2026-01-05,MMZ6,3009.25,2959.35,3009.25,2999.25,25133715.0,924242.0,31.0,838,2999.25,0.0,2981.43,-0.6,1.0,26,MXI-12.26,MXI,MMZ6
RFUD,2026-01-06,MMZ6,2976.7,2976.7,3005.85,2998.4,25572603.0,510109.5,17.0,854,2994.45,0.0,3000.64,-0.03,2.0,11,MXI-12.26,MXI,MMZ6
RFUD,2026-01-08,MMZ6,2975.0,2972.0,2983.15,2983.15,25222064.0,178545.5,6.0,848,2974.3,0.0,2975.76,-0.51,1.0,5,MXI-12.26,MXI,MMZ6
RFUD,2026-01-09,MMZ6,2964.75,2959.35,2977.9,2977.9,25290900.0,326283.0,11.0,850,2975.4,0.0,2966.21,-0.18,1.0,10,MXI-12.26,MXI,MMZ6
RFUD,2026-01-12,MMZ6,2991.55,2967.85,3005.2,2985.25,25237449.0,537552.5,18.0,846,2983.15,0.0,2986.4,0.25,1.0,16,MXI-12.26,MXI,MMZ6
RFUD,2026-01-13,MMZ6,2976.5,2969.05,2983.4,2983.4,24922958.0,297546.5,10.0,838,2974.1,0.0,2975.47,-0.06,2.0,7,MXI-12.26,MXI,MMZ6
RFUD,2026-01-14,MMZ6,2976.55,2965.0,2998.9,2989.2,24929928.0,982933.0,33.0,834,2989.2,0.0,2978.58,0.19,1.0,28,MXI-12.26,MXI,MMZ6
RFUD,2026-01-15,MMZ6,2992.05,2976.75,2993.4,2976.75,26135865.0,1162570.0,39.0,878,2976.75,0.0,2980.95,-0.42,1.0,30,MXI-12.26,MXI,MMZ6
RFUD,2026-01-16,MMZ6,2971.05,2969.55,3012.8,2990.0,25833600.0,866189.0,29.0,864,2990.0,0.0,2986.86,0.45,1.0,22,MXI-12.26,MXI,MMZ6
RFUD,2026-01-19,MMZ6,2991.45,2991.0,3012.75,3000.0,25730504.0,480134.0,16.0,856,3005.9,0.0,3000.84,0.33,1.0,14,MXI-12.26,MXI,MMZ6
RFUD,2026-01-20,MMZ6,2998.8,2986.3,3016.0,3006.7,25482400.0,209978.0,7.0,848,3005.0,0.0,2999.69,0.22,1.0,7,MXI-12.26,MXI,MMZ6
RFUD,2026-01-21,MMZ6,3004.85,2963.4,3024.4,3024.4,27642102.0,1712383.5,57.0,914,3024.3,0.0,3004.18,0.59,1.0,39,MXI-12.26,MXI,MMZ6
RFUD,2026-01-22,MMZ6,3010.55,3004.15,3027.85,3006.55,27720391.0,963399.0,32.0,922,3006.55,0.0,3010.62,-0.59,7.0,23,MXI-12.26,MXI,MMZ6
RFUD,2026-01-23,MMZ6,3006.0,3006.0,3006.0,3006.0,27715320.0,30060.0,1.0,922,3006.0,0.0,3006.0,-0.02,1.0,1,MXI-12.26,MXI,MMZ6
RFUD,2026-01-26,MMZ6,3030.05,3001.35,3047.9,3004.0,27396480.0,1327819.0,44.0,912,3004.0,0.0,3017.77,-0.07,2.0,37,MXI-12.26,MXI,MMZ6
RFUD,2026-01-27,MMZ6,3001.45,3000.55,3020.0,3020.0,27542400.0,751959.0,25.0,912,3020.0,0.0,3007.84,0.53,1.0,20,MXI-12.26,MXI,MMZ6
RFUD,2026-01-28,MMZ6,3035.25,3034.15,3036.8,3036.8,27730760.0,121414.0,4.0,914,3034.0,0.0,3035.35,0.56,1.0,4,MXI-12.26,MXI,MMZ6
RFUD,2026-01-29,MMZ6,3038.0,3038.0,3090.25,3067.5,29144100.0,4202212.0,137.0,950,3067.8,0.0,3067.31,1.01,1.0,86,MXI-12.26,MXI,MMZ6
RFUD,2026-01-30,MMZ6,3067.75,3053.2,3093.8,3070.65,31251780.0,2853858.0,93.0,1020,3063.9,0.0,3068.66,0.1,19.0,61,MXI-12.26,MXI,MMZ6
RFUD,2026-02-02,MMZ6,3049.25,3020.0,3061.2,3036.1,30603888.0,2733307.0,90.0,1008,3036.1,0.0,3037.01,-1.12,10.0,38,MXI-12.26,MXI,MMZ6
RFUD,2026-02-03,MMZ6,3038.65,3038.65,3062.85,3062.85,30899435.0,244024.0,8.0,1010,3059.35,0.0,3050.3,0.88,1.0,8,MXI-12.26,MXI,MMZ6
RFUD,2026-02-04,MMZ6,3056.5,3032.15,3073.9,3032.15,31595003.0,1406956.5,46.0,1042,3032.15,0.0,3058.6,-1.0,1.0,31,MXI-12.26,MXI,MMZ6
RFUD,2026-02-05,MMZ6,3036.9,2998.45,3045.9,2998.45,33660000.0,1782344.0,59.0,1122,3000.0,0.0,3020.92,-1.11,1.0,42,MXI-12.26,MXI,MMZ6
RFUD,2026-02-06,MMZ6,3013.85,2999.0,3013.85,3004.0,34005280.0,270725.5,9.0,1132,3004.0,0.0,3008.06,0.18,2.0,7,MXI-12.26,MXI,MMZ6
RFUD,2026-02-09,MMZ6,3011.0,2986.35,3017.8,2986.35,33693924.0,1019966.0,34.0,1128,2987.05,0.0,2999.9,-0.59,1.0,32,MXI-12.26,MXI,MMZ6
RFUD,2026-02-10,MMZ6,3002.0,2987.0,3010.75,2995.0,34622200.0,1049954.0,35.0,1156,2995.0,0.0,2999.87,0.29,12.0,19,MXI-12.26,MXI,MMZ6
RFUD,2026-02-11,MMZ6,2987.0,2980.0,3031.75,3028.9,35982738.0,1417147.5,47.0,1188,3028.85,0.0,3015.21,1.13,2.0,30,MXI-12.26,MXI,MMZ6
RFUD,2026-02-12,MMZ6,3028.85,3021.25,3032.9,3032.9,36576774.0,605505.0,20.0,1206,3032.9,0.0,3027.53,0.13,1.0,17,MXI-12.26,MXI,MMZ6
RFUD,2026-02-13,MMZ6,3011.9,2992.0,3044.15,3044.15,36344166.0,754336.0,25.0,1194,3043.9,0.0,3017.34,0.37,1.0,21,MXI-12.26,MXI,MMZ6
RFUD,2026-02-16,MMZ6,3042.8,3017.05,3042.8,3017.05,36747669.0,849077.5,28.0,1218,3017.05,0.0,3032.42,-0.89,1.0,21,MXI-12.26,MXI,MMZ6
RFUD,2026-02-17,MMZ6,3026.5,3015.0,3026.5,3015.0,36662400.0,241490.0,8.0,1216,3015.0,0.0,3018.63,-0.07,3.0,5,MXI-12.26,MXI,MMZ6
RFUD,2026-02-18,MMZ6,3010.0,3003.0,3013.6,3007.7,36962800.0,391198.0,13.0,1228,3010.0,0.0,3009.22,-0.24,1.0,9,MXI-12.26,MXI,MMZ6
RFUD,2026-02-19,MMZ6,3036.75,3018.65,3037.7,3018.65,37117095.0,182033.5,6.0,1230,3017.65,0.0,3033.89,0.36,1.0,5,MXI-12.26,MXI,MMZ6
RFUD,2026-02-20,MMZ6,3015.0,3010.0,3029.5,3022.4,37659104.0,785952.5,26.0,1246,3022.4,0.0,3022.89,0.12,2.0,13,MXI-12.26,MXI,MMZ6
RFUD,2026-02-24,MMZ6,3029.75,3020.65,3043.75,3020.65,37516473.0,697862.0,23.0,1242,3020.65,0.0,3034.18,-0.06,1.0,19,MXI-12.26,MXI,MMZ6
RFUD,2026-02-25,MMZ6,3027.15,3019.95,3027.15,3019.95,37790064.0,120872.5,4.0,1248,3028.05,0.0,3021.81,-0.02,2.0,3,MXI-12.26,MXI,MMZ6
RFUD,2026-02-26,MMZ6,3028.15,3025.1,3029.9,3027.95,38067080.0,211999.0,7.0,1258,3026.0,0.0,3028.56,0.27,1.0,6,MXI-12.26,MXI,MMZ6
RFUD,2026-02-27,MMZ6,3020.1,3015.0,3021.55,3021.55,38342418.0,181067.5,6.0,1268,3023.85,0.0,3017.79,-0.21,1.0,3,MXI-12.26,MXI,MMZ6
RFUD,2026-03-02,MMZ6,3022.85,3022.85,3071.4,3071.4,39307734.0,1557122.5,51.0,1284,3061.35,0.0,3053.18,1.65,1.0,41,MXI-12.26,MXI,MMZ6
RFUD,2026-03-03,MMZ6,3044.8,3032.0,3062.0,3032.0,38627680.0,824823.0,27.0,1274,3032.0,0.0,3054.9,-1.28,1.0,21,MXI-12.26,MXI,MMZ6
RFUD,2026-03-04,MMZ6,3026.35,3012.0,3036.0,3012.0,38372880.0,272414.0,9.0,1274,3012.0,0.0,3026.82,-0.66,1.0,8,MXI-12.26,MXI,MMZ6
RFUD,2026-03-05,MMZ6,3023.4,3023.4,3049.95,3049.95,38853815.0,243239.0,8.0,1274,3049.75,0.0,3040.49,1.26,1.0,7,MXI-12.26,MXI,MMZ6
RFUD,2026-03-06,MMZ6,3031.0,3031.0,3059.95,3050.85,38745795.0,305341.5,10.0,1270,3050.85,0.0,3053.42,0.03,1.0,7,MXI-12.26,MXI,MMZ6
RFUD,2026-03-09,MMZ6,3068.35,3043.9,3104.4,3063.0,38410020.0,2330950.5,76.0,1254,3063.0,0.0,3067.04,0.4,2.0,59,MXI-12.26,MXI,MMZ6
RFUD,2026-03-10,MMZ6,3055.5,3040.0,3065.25,3040.0,38121600.0,670566.5,22.0,1254,3040.0,0.0,3048.03,-0.75,1.0,18,MXI-12.26,MXI,MMZ6
RFUD,2026-03-11,MMZ6,3059.05,3059.05,3059.05,3059.05,38280526.0,30590.5,1.0,1252,3057.55,0.0,3059.05,0.63,1.0,1,MXI-12.26,MXI,MMZ6
RFUD,2026-03-12,MMZ6,3059.6,3059.0,3059.6,3059.0,38359860.0,91782.0,3.0,1254,3059.0,0.0,3059.4,0.0,1.0,3,MXI-12.26,MXI,MMZ6
RFUD,2026-03-13,MMZ6,3072.65,3056.65,3079.9,3056.65,38452657.0,276733.0,9.0,1258,3056.65,0.0,3074.81,-0.08,1.0,7,MXI-12.26,MXI,MMZ6
RFUD,2026-03-16,MMZ6,3052.3,3050.0,3074.4,3059.3,39036668.0,886291.0,29.0,1276,3059.3,0.0,3056.18,0.09,1.0,22,MXI-12.26,MXI,MMZ6
RFUD,2026-03-17,MMZ6,3058.4,3055.05,3076.15,3055.05,39175040.0,767346.0,25.0,1280,3060.55,0.0,3069.38,-0.14,1.0,25,MXI-12.26,MXI,MMZ6
RFUD,2026-03-18,MMZ6,3062.5,3050.1,3079.35,3072.35,40078440.0,1716645.5,56.0,1304,3073.5,0.0,3065.4,0.57,1.0,44,MXI-12.26,MXI,MMZ6
RFUD,2026-03-19,MMZ6,3072.85,3060.2,3087.95,3062.0,40050960.0,1447195.0,47.0,1308,3062.0,0.0,3079.14,-0.34,1.0,41,MXI-12.26,MXI,MMZ6
RFUD,2026-03-20,MMZ6,3065.75,3053.3,3083.05,3053.3,43356860.0,4977359.5,162.0,1420,3053.3,0.0,3072.54,-0.28,1.0,145,MXI-12.26,MXI,MMZ6
RFUD,2026-03-23,MMZ6,3058.5,3005.15,3065.55,3023.55,44344301.0,3487243.0,115.0,1466,3024.85,0.0,3032.39,-0.97,1.0,99,MXI-12.26,MXI,MMZ6
RFUD,2026-03-24,MMZ6,3021.0,3020.9,3037.85,3020.9,46640619.0,2910953.5,96.0,1538,3032.55,0.0,3031.97,-0.09,1.0,84,MXI-12.26,MXI,MMZ6
RFUD,2026-03-25,MMZ6,3034.15,3030.95,3040.95,3034.25,47240160.0,637670.0,21.0,1556,3036.0,0.0,3036.52,0.44,1.0,15,MXI-12.26,MXI,MMZ6
RFUD,2026-03-26,MMZ6,3040.25,2999.55,3040.25,2999.55,47534094.0,1870069.5,62.0,1578,3012.3,0.0,3016.24,-1.14,1.0,55,MXI-12.26,MXI,MMZ6
RFUD,2026-03-27,MMZ6,3012.1,2977.2,3013.1,2982.0,47993295.0,1138440.0,38.0,1610,2980.95,0.0,2995.89,-0.59,1.0,31,MXI-12.26,MXI,MMZ6
RFUD,2026-03-30,MMZ6,2982.35,2966.85,2999.9,2995.4,47598412.0,924265.5,31.0,1592,2989.85,0.0,2981.5,0.45,1.0,29,MXI-12.26,MXI,MMZ6
RFUD,2026-03-31,MMZ6,2986.95,2955.7,2986.95,2962.9,46999242.0,534646.0,18.0,1588,2959.65,0.0,2970.26,-1.09,1.0,18,MXI-12.26,MXI,MMZ6
RFUD,2026-04-01,MMZ6,2963.75,2952.6,2972.0,2969.3,47075466.0,444656.5,15.0,1588,2964.45,0.0,2964.38,0.22,1.0,15,MXI-12.26,MXI,MMZ6
RFUD,2026-04-02,MMZ6,2971.35,2955.35,2971.4,2955.35,47203296.0,860133.5,29.0,1596,2957.6,0.0,2965.98,-0.47,1.0,26,MXI-12.26,MXI,MMZ6
RFUD,2026-04-03,MMZ6,2956.55,2942.5,2959.8,2946.0,47023000.0,2947950.0,100.0,1594,2950.0,0.0,2947.78,-0.32,20.0,47,MXI-12.26,MXI,MMZ6
RFUD,2026-04-06,MMZ6,2943.0,2938.0,2977.8,2974.35,53140644.0,4857243.5,164.0,1786,2975.4,0.0,2961.89,0.96,1.0,86,MXI-12.26,MXI,MMZ6
RFUD,2026-04-07,MMZ6,2967.65,2961.6,2983.6,2961.6,48847350.0,4460555.5,150.0,1644,2971.25,0.0,2973.96,-0.43,1.0,111,MXI-12.26,MXI,MMZ6
RFUD,2026-04-08,MMZ6,2960.0,2939.05,2960.0,2944.0,49932784.0,2326458.5,79.0,1696,2944.15,0.0,2944.59,-0.59,1.0,69,MXI-12.26,MXI,MMZ6
RFUD,2026-04-09,MMZ6,2938.7,2919.0,2942.05,2927.5,51607920.0,1521985.0,52.0,1768,2919.0,0.0,2926.89,-0.56,1.0,42,MXI-12.26,MXI,MMZ6
RFUD,2026-04-10,MMZ6,2916.7,2904.2,2922.5,2904.2,51648744.0,1398920.5,48.0,1776,2908.15,0.0,2914.42,-0.8,1.0,40,MXI-12.26,MXI,MMZ6
RFUD,2026-04-13,MMZ6,2910.0,2884.25,2926.2,2892.0,50477400.0,5763817.0,199.0,1740,2901.0,0.0,2896.39,-0.42,1.0,160,MXI-12.26,MXI,MMZ6
RFUD,2026-04-14,MMZ6,2895.9,2880.35,2905.7,2894.3,51489004.0,1099605.0,38.0,1772,2905.7,0.0,2893.24,0.08,1.0,34,MXI-12.26,MXI,MMZ6
RFUD,2026-04-15,MMZ6,2899.75,2884.0,2927.0,2910.65,51587350.0,2351063.0,81.0,1772,2911.25,0.0,2902.55,0.57,1.0,74,MXI-12.26,MXI,MMZ6
RFUD,2026-04-16,MMZ6,2916.8,2902.55,2925.95,2903.0,50739633.0,961492.0,33.0,1746,2906.05,0.0,2913.61,-0.26,3.0,27,MXI-12.26,MXI,MMZ6
RFUD,2026-04-17,MMZ6,2903.0,2881.25,2917.0,2888.0,50501468.0,1735783.5,60.0,1748,2889.1,0.0,2892.97,-0.52,1.0,54,MXI-12.26,MXI,MMZ6
RFUD,2026-04-20,MMZ6,2889.4,2888.2,2910.0,2903.9,50960716.0,1334087.5,46.0,1754,2905.4,0.0,2900.19,0.55,1.0,46,MXI-12.26,MXI,MMZ6
RFUD,2026-04-21,MMZ6,2893.35,2887.95,2908.0,2904.5,51180800.0,695470.0,24.0,1760,2908.0,0.0,2897.79,0.02,1.0,24,MXI-12.26,MXI,MMZ6
RFUD,2026-04-22,MMZ6,2912.0,2905.8,2916.9,2905.8,51451245.0,1949565.5,67.0,1770,2906.85,0.0,2909.8,0.05,15.0,35,MXI-12.26,MXI,MMZ6
RFUD,2026-04-23,MMZ6,2915.0,2903.25,2917.0,2905.4,52317305.0,2384305.5,82.0,1798,2909.75,0.0,2907.66,-0.01,1.0,39,MXI-12.26,MXI,MMZ6
RFUD,2026-04-24,MMZ6,2904.6,2862.0,2904.6,2880.0,53978560.0,4036397.0,140.0,1880,2871.2,0.0,2880.93,-0.87,1.0,125,MXI-12.26,MXI,MMZ6
RFUD,2026-04-27,MMZ6,2881.0,2876.55,2887.0,2881.0,59118120.0,3341486.5,116.0,2052,2881.0,0.0,2880.76,0.04,1.0,58,MXI-12.26,MXI,MMZ6
RFUD,2026-04-28,MMZ6,2880.4,2843.75,2880.4,2848.0,59089188.0,1255043.5,44.0,2076,2846.3,0.0,2852.37,-1.15,1.0,40,MXI-12.26,MXI,MMZ6
RFUD,2026-04-29,MMZ6,2849.1,2785.1,2849.1,2820.15,62136720.0,5966677.5,211.0,2230,2786.4,0.0,2827.81,-0.98,1.0,132,MXI-12.26,MXI,MMZ6
RFUD,2026-04-30,MMZ6,2800.0,2798.1,2818.8,2811.0,66278240.0,3477038.0,124.0,2360,2808.4,0.0,2804.06,-0.32,1.0,108,MXI-12.26,MXI,MMZ6
RFUD,2026-05-04,MMZ6,2812.0,2753.4,2856.7,2782.85,66596292.0,14771615.5,528.0,2394,2781.8,0.0,2797.52,-1.0,1.0,316,MXI-12.26,MXI,MMZ6
RFUD,2026-05-05,MMZ6,2782.2,2745.0,2807.4,2798.85,66865194.0,3269488.5,118.0,2388,2800.05,0.0,2770.45,0.58,1.0,97,MXI-12.26,MXI,MMZ6
RFUD,2026-05-06,MMZ6,2786.3,2762.3,2797.8,2783.8,67566174.0,5202712.5,187.0,2418,2794.3,0.0,2781.79,-0.54,1.0,159,MXI-12.26,MXI,MMZ6
RFUD,2026-05-07,MMZ6,2772.75,2759.0,2789.0,2759.0,67856112.0,2191200.5,79.0,2448,2771.9,0.0,2773.24,-0.89,1.0,66,MXI-12.26,MXI,MMZ6
RFUD,2026-05-08,MMZ6,2757.7,2748.9,2781.75,2781.75,70948196.0,3745292.5,136.0,2582,2747.8,0.0,2753.89,0.83,1.0,111,MXI-12.26,MXI,MMZ6
RFUD,2026-05-11,MMZ6,2787.45,2787.45,2813.55,2813.55,71471400.0,3137223.0,112.0,2548,2805.0,0.0,2801.09,1.14,1.0,81,MXI-12.26,MXI,MMZ6
RFUD,2026-05-12,MMZ6,2807.9,2803.15,2845.9,2840.25,74024820.0,2519491.5,89.0,2610,2836.2,0.0,2831.62,0.95,1.0,83,MXI-12.26,MXI,MMZ6
RFUD,2026-05-13,MMZ6,2839.05,2826.05,2839.7,2839.7,73787516.0,1840068.0,65.0,2602,2835.8,0.0,2830.87,-0.02,1.0,50,MXI-12.26,MXI,MMZ6
RFUD,2026-05-14,MMZ6,2829.55,2798.6,2832.95,2800.0,72840126.0,1945280.5,69.0,2598,2803.7,0.0,2819.25,-1.4,1.0,58,MXI-12.26,MXI,MMZ6
RFUD,2026-05-15,MMZ6,2800.0,2771.7,2806.25,2778.0,73004855.0,1925369.0,69.0,2630,2775.85,0.0,2790.02,-0.79,1.0,53,MXI-12.26,MXI,MMZ6
RFUD,2026-05-18,MMZ6,2781.0,2763.0,2814.0,2808.05,74831760.0,3183512.0,114.0,2664,2809.0,0.0,2792.55,1.08,1.0,94,MXI-12.26,MXI,MMZ6
RFUD,2026-05-19,MMZ6,2805.1,2786.0,2811.0,2795.1,74872500.0,1931137.0,69.0,2680,2793.75,0.0,2798.75,-0.46,1.0,56,MXI-12.26,MXI,MMZ6
RFUD,2026-05-20,MMZ6,2792.0,2765.0,2793.0,2766.35,74328012.0,1442496.0,52.0,2684,2769.3,0.0,2774.03,-1.03,1.0,51,MXI-12.26,MXI,MMZ6
RFUD,2026-05-21,MMZ6,2767.0,2750.0,2801.0,2784.0,73490368.0,5928470.5,214.0,2624,2800.7,0.0,2770.31,0.64,1.0,176,MXI-12.26,MXI,MMZ6
RFUD,2026-05-22,MMZ6,2790.0,2756.0,2810.0,2766.0,72732512.0,2026070.0,73.0,2636,2759.2,0.0,2775.44,-0.65,1.0,67,MXI-12.26,MXI,MMZ6
RFUD,2026-05-25,MMZ6,2759.35,2721.05,2772.0,2732.2,83652750.0,13549008.5,495.0,3060,2733.75,0.0,2736.97,-1.22,3.0,328,MXI-12.26,MXI,MMZ6
RFUD,2026-05-26,MMZ6,2732.05,2700.0,2735.55,2710.05,85096440.0,4863953.0,179.0,3132,2717.0,0.0,2717.29,-0.81,1.0,149,MXI-12.26,MXI,MMZ6
RFUD,2026-05-27,MMZ6,2713.9,2699.0,2727.0,2726.55,87160041.0,4664643.0,172.0,3202,2722.05,0.0,2712.0,0.61,1.0,122,MXI-12.26,MXI,MMZ6
RFUD,2024-01-03,MMZ7,,,,,480100.0,,,10,4801.0,0.0,,,,0,MXI-12.27,MXI,MMZ7
RFUD,2024-01-04,MMZ7,4392.65,4392.65,4439.25,4439.25,438000.0,88319.0,2.0,10,4380.0,0.0,4415.95,,1.0,2,MXI-12.27,MXI,MMZ7
RFUD,2024-01-05,MMZ7,4497.35,4497.35,4497.35,4497.35,450575.0,44973.5,1.0,10,4505.75,0.0,4497.35,1.31,1.0,1,MXI-12.27,MXI,MMZ7
RFUD,2024-01-08,MMZ7,,,,,449870.0,,,10,4498.7,0.0,,,,0,MXI-12.27,MXI,MMZ7
RFUD,2024-01-09,MMZ7,,,,,451815.0,,,10,4518.15,0.0,,,,0,MXI-12.27,MXI,MMZ7
RFUD,2024-01-10,MMZ7,,,,,450755.0,,,10,4507.55,0.0,,,,0,MXI-12.27,MXI,MMZ7
RFUD,2024-01-11,MMZ7,,,,,451130.0,,,10,4511.3,0.0,,,,0,MXI-12.27,MXI,MMZ7
RFUD,2024-01-12,MMZ7,,,,,458705.0,,,10,4587.05,0.0,,,,0,MXI-12.27,MXI,MMZ7
RFUD,2024-01-15,MMZ7,,,,,459600.0,,,10,4596.0,0.0,,,,0,MXI-12.27,MXI,MMZ7
RFUD,2024-01-16,MMZ7,,,,,459660.0,,,10,4596.6,0.0,,,,0,MXI-12.27,MXI,MMZ7
RFUD,2024-01-17,MMZ7,,,,,460125.0,,,10,4601.25,0.0,,,,0,MXI-12.27,MXI,MMZ7
RFUD,2024-01-18,MMZ7,,,,,460230.0,,,10,4602.3,0.0,,,,0,MXI-12.27,MXI,MMZ7
RFUD,2024-01-19,MMZ7,,,,,460385.0,,,10,4603.85,0.0,,,,0,MXI-12.27,MXI,MMZ7
RFUD,2024-01-22,MMZ7,,,,,458470.0,,,10,4584.7,0.0,,,,0,MXI-12.27,MXI,MMZ7
RFUD,2024-01-23,MMZ7,,,,,457775.0,,,10,4577.75,0.0,,,,0,MXI-12.27,MXI,MMZ7
RFUD,2024-01-24,MMZ7,,,,,457430.0,,,10,4574.3,0.0,,,,0,MXI-12.27,MXI,MMZ7
RFUD,2024-01-25,MMZ7,,,,,456000.0,,,10,4560.0,0.0,,,,0,MXI-12.27,MXI,MMZ7
RFUD,2024-01-26,MMZ7,4258.35,4258.35,4258.35,4258.35,428860.0,42583.5,1.0,10,4288.6,0.0,4258.35,,1.0,1,MXI-12.27,MXI,MMZ7
RFUD,2024-01-29,MMZ7,4249.35,4249.35,4249.35,4249.35,347184.0,42493.5,1.0,8,4339.8,0.0,4249.35,-0.21,1.0,1,MXI-12.27,MXI,MMZ7
RFUD,2024-01-30,MMZ7,4300.0,4284.35,4811.25,4284.35,433655.0,133956.0,3.0,10,4336.55,0.0,4465.2,0.82,1.0,3,MXI-12.27,MXI,MMZ7
RFUD,2024-01-31,MMZ7,,,,,432080.0,,,10,4320.8,0.0,,,,0,MXI-12.27,MXI,MMZ7
RFUD,2024-02-01,MMZ7,,,,,431830.0,,,10,4318.3,0.0,,,,0,MXI-12.27,MXI,MMZ7
RFUD,2024-02-02,MMZ7,,,,,441075.0,,,10,4410.75,0.0,,,,0,MXI-12.27,MXI,MMZ7
RFUD,2024-02-05,MMZ7,,,,,440415.0,,,10,4404.15,0.0,,,,0,MXI-12.27,MXI,MMZ7
RFUD,2024-02-06,MMZ7,,,,,440700.0,,,10,4407.0,0.0,,,,0,MXI-12.27,MXI,MMZ7
RFUD,2024-02-07,MMZ7,,,,,439280.0,,,10,4392.8,0.0,,,,0,MXI-12.27,MXI,MMZ7
RFUD,2024-02-08,MMZ7,,,,,438240.0,,,10,4382.4,0.0,,,,0,MXI-12.27,MXI,MMZ7
RFUD,2024-02-09,MMZ7,,,,,439065.0,,,10,4390.65,0.0,,,,0,MXI-12.27,MXI,MMZ7
RFUD,2024-02-12,MMZ7,,,,,439585.0,,,10,4395.85,0.0,,,,0,MXI-12.27,MXI,MMZ7
RFUD,2024-02-13,MMZ7,,,,,437430.0,,,10,4374.3,0.0,,,,0,MXI-12.27,MXI,MMZ7
RFUD,2024-02-14,MMZ7,,,,,439010.0,,,10,4390.1,0.0,,,,0,MXI-12.27,MXI,MMZ7
RFUD,2024-02-15,MMZ7,,,,,439200.0,,,10,4392.0,0.0,,,,0,MXI-12.27,MXI,MMZ7
RFUD,2024-02-16,MMZ7,,,,,437945.0,,,10,4379.45,0.0,,,,0,MXI-12.27,MXI,MMZ7
RFUD,2024-02-19,MMZ7,,,,,438300.0,,,10,4383.0,0.0,,,,0,MXI-12.27,MXI,MMZ7
RFUD,2024-02-20,MMZ7,,,,,438325.0,,,10,4383.25,0.0,,,,0,MXI-12.27,MXI,MMZ7
RFUD,2024-02-21,MMZ7,,,,,442260.0,,,10,4422.6,0.0,,,,0,MXI-12.27,MXI,MMZ7
RFUD,2024-02-22,MMZ7,,,,,440120.0,,,10,4401.2,0.0,,,,0,MXI-12.27,MXI,MMZ7
RFUD,2024-02-26,MMZ7,,,,,445850.0,,,10,4458.5,0.0,,,,0,MXI-12.27,MXI,MMZ7
RFUD,2024-02-27,MMZ7,,,,,416600.0,,,10,4166.0,0.0,,,,0,MXI-12.27,MXI,MMZ7
RFUD,2024-02-28,MMZ7,,,,,417600.0,,,10,4176.0,0.0,,,,0,MXI-12.27,MXI,MMZ7
RFUD,2024-02-29,MMZ7,,,,,419600.0,,,10,4196.0,0.0,,,,0,MXI-12.27,MXI,MMZ7
RFUD,2024-03-01,MMZ7,,,,,420500.0,,,10,4205.0,0.0,,,,0,MXI-12.27,MXI,MMZ7
RFUD,2024-03-04,MMZ7,,,,,422700.0,,,10,4227.0,0.0,,,,0,MXI-12.27,MXI,MMZ7
RFUD,2024-03-05,MMZ7,,,,,424000.0,,,10,4240.0,0.0,,,,0,MXI-12.27,MXI,MMZ7
RFUD,2024-03-06,MMZ7,,,,,424200.0,,,10,4242.0,0.0,,,,0,MXI-12.27,MXI,MMZ7
RFUD,2024-03-07,MMZ7,,,,,423100.0,,,10,4231.0,0.0,,,,0,MXI-12.27,MXI,MMZ7
RFUD,2024-03-11,MMZ7,,,,,424500.0,,,10,4245.0,0.0,,,,0,MXI-12.27,MXI,MMZ7
RFUD,2024-03-12,MMZ7,,,,,425400.0,,,10,4254.0,0.0,,,,0,MXI-12.27,MXI,MMZ7
RFUD,2024-03-13,MMZ7,,,,,425300.0,,,10,4253.0,0.0,,,,0,MXI-12.27,MXI,MMZ7
RFUD,2024-03-14,MMZ7,,,,,445360.0,,,10,4453.6,0.0,,,,0,MXI-12.27,MXI,MMZ7
RFUD,2024-03-15,MMZ7,,,,,443795.0,,,10,4437.95,0.0,,,,0,MXI-12.27,MXI,MMZ7
RFUD,2024-03-18,MMZ7,,,,,442395.0,,,10,4423.95,0.0,,,,0,MXI-12.27,MXI,MMZ7
RFUD,2024-03-19,MMZ7,,,,,440365.0,,,10,4403.65,0.0,,,,0,MXI-12.27,MXI,MMZ7
RFUD,2024-03-20,MMZ7,,,,,445920.0,,,10,4459.2,0.0,,,,0,MXI-12.27,MXI,MMZ7
RFUD,2024-03-21,MMZ7,,,,,444280.0,,,10,4442.8,0.0,,,,0,MXI-12.27,MXI,MMZ7
RFUD,2024-03-22,MMZ7,4444.85,4249.0,4478.3,4478.3,445370.0,261330.5,6.0,10,4453.7,0.0,4355.51,,1.0,6,MXI-12.27,MXI,MMZ7
RFUD,2024-03-25,MMZ7,,,,,445220.0,,,10,4452.2,0.0,,,,0,MXI-12.27,MXI,MMZ7
RFUD,2024-03-26,MMZ7,,,,,443245.0,,,10,4432.45,0.0,,,,0,MXI-12.27,MXI,MMZ7
RFUD,2024-03-27,MMZ7,,,,,444015.0,,,10,4440.15,0.0,,,,0,MXI-12.27,MXI,MMZ7
RFUD,2024-03-28,MMZ7,,,,,443990.0,,,10,4439.9,0.0,,,,0,MXI-12.27,MXI,MMZ7
RFUD,2024-03-29,MMZ7,,,,,443155.0,,,10,4431.55,0.0,,,,0,MXI-12.27,MXI,MMZ7
RFUD,2024-04-01,MMZ7,,,,,441515.0,,,10,4415.15,0.0,,,,0,MXI-12.27,MXI,MMZ7
RFUD,2024-04-02,MMZ7,,,,,441230.0,,,10,4412.3,0.0,,,,0,MXI-12.27,MXI,MMZ7
RFUD,2024-04-03,MMZ7,,,,,440525.0,,,10,4405.25,0.0,,,,0,MXI-12.27,MXI,MMZ7
RFUD,2024-04-04,MMZ7,,,,,433495.0,,,10,4334.95,0.0,,,,0,MXI-12.27,MXI,MMZ7
RFUD,2024-04-05,MMZ7,,,,,433835.0,,,10,4338.35,0.0,,,,0,MXI-12.27,MXI,MMZ7
RFUD,2024-04-08,MMZ7,,,,,436910.0,,,10,4369.1,0.0,,,,0,MXI-12.27,MXI,MMZ7
RFUD,2024-04-09,MMZ7,,,,,421540.0,,,10,4215.4,0.0,,,,0,MXI-12.27,MXI,MMZ7
RFUD,2024-04-10,MMZ7,,,,,448960.0,,,10,4489.6,0.0,,,,0,MXI-12.27,MXI,MMZ7
RFUD,2024-04-11,MMZ7,,,,,449095.0,,,10,4490.95,0.0,,,,0,MXI-12.27,MXI,MMZ7
RFUD,2024-04-12,MMZ7,,,,,448170.0,,,10,4481.7,0.0,,,,0,MXI-12.27,MXI,MMZ7
RFUD,2024-04-15,MMZ7,,,,,430640.0,,,10,4306.4,0.0,,,,0,MXI-12.27,MXI,MMZ7
RFUD,2024-04-16,MMZ7,4250.0,4250.0,4250.0,4250.0,510000.0,85000.0,2.0,12,4250.0,0.0,4250.0,,1.0,2,MXI-12.27,MXI,MMZ7
RFUD,2024-04-17,MMZ7,4476.0,4225.0,4476.0,4225.0,591500.0,87010.0,2.0,14,4225.0,0.0,4350.5,-0.59,1.0,2,MXI-12.27,MXI,MMZ7
RFUD,2024-04-18,MMZ7,,,,,595896.0,,,14,4256.4,0.0,,,,0,MXI-12.27,MXI,MMZ7
RFUD,2024-04-19,MMZ7,,,,,594062.0,,,14,4243.3,0.0,,,,0,MXI-12.27,MXI,MMZ7
RFUD,2024-04-22,MMZ7,,,,,592599.0,,,14,4232.85,0.0,,,,0,MXI-12.27,MXI,MMZ7
RFUD,2024-04-23,MMZ7,,,,,589365.0,,,14,4209.75,0.0,,,,0,MXI-12.27,MXI,MMZ7
RFUD,2024-04-24,MMZ7,,,,,591500.0,,,14,4225.0,0.0,,,,0,MXI-12.27,MXI,MMZ7
RFUD,2024-04-25,MMZ7,4180.0,4180.0,4180.0,4180.0,585200.0,41800.0,1.0,14,4180.0,0.0,4180.0,,1.0,1,MXI-12.27,MXI,MMZ7
RFUD,2024-04-26,MMZ7,,,,,591332.0,,,14,4223.8,0.0,,,,0,MXI-12.27,MXI,MMZ7
RFUD,2024-04-27,MMZ7,4180.0,4180.0,4180.0,4180.0,590723.0,41800.0,1.0,14,4219.45,0.0,4180.0,,1.0,1,MXI-12.27,MXI,MMZ7
RFUD,2024-04-29,MMZ7,,,,,586600.0,,,14,4190.0,0.0,,,,0,MXI-12.27,MXI,MMZ7
RFUD,2024-04-30,MMZ7,,,,,590177.0,,,14,4215.55,0.0,,,,0,MXI-12.27,MXI,MMZ7
RFUD,2024-05-02,MMZ7,,,,,586803.0,,,14,4191.45,0.0,,,,0,MXI-12.27,MXI,MMZ7
RFUD,2024-05-03,MMZ7,,,,,586894.0,,,14,4192.1,0.0,,,,0,MXI-12.27,MXI,MMZ7
RFUD,2024-05-06,MMZ7,,,,,585200.0,,,14,4180.0,0.0,,,,0,MXI-12.27,MXI,MMZ7
RFUD,2024-05-07,MMZ7,,,,,592774.0,,,14,4234.1,0.0,,,,0,MXI-12.27,MXI,MMZ7
RFUD,2024-05-08,MMZ7,,,,,593551.0,,,14,4239.65,0.0,,,,0,MXI-12.27,MXI,MMZ7
RFUD,2024-05-10,MMZ7,,,,,594132.0,,,14,4243.8,0.0,,,,0,MXI-12.27,MXI,MMZ7
RFUD,2024-05-13,MMZ7,,,,,604968.0,,,14,4321.2,0.0,,,,0,MXI-12.27,MXI,MMZ7
RFUD,2024-05-14,MMZ7,,,,,595000.0,,,14,4250.0,0.0,,,,0,MXI-12.27,MXI,MMZ7
RFUD,2024-05-15,MMZ7,,,,,623945.0,,,14,4456.75,0.0,,,,0,MXI-12.27,MXI,MMZ7
RFUD,2024-05-16,MMZ7,,,,,620207.0,,,14,4430.05,0.0,,,,0,MXI-12.27,MXI,MMZ7
RFUD,2024-05-17,MMZ7,,,,,595000.0,,,14,4250.0,0.0,,,,0,MXI-12.27,MXI,MMZ7
RFUD,2024-05-20,MMZ7,,,,,619661.0,,,14,4426.15,0.0,,,,0,MXI-12.27,MXI,MMZ7
RFUD,2024-05-21,MMZ7,,,,,623224.0,,,14,4451.6,0.0,,,,0,MXI-12.27,MXI,MMZ7
RFUD,2024-05-22,MMZ7,,,,,618954.0,,,14,4421.1,0.0,,,,0,MXI-12.27,MXI,MMZ7
RFUD,2024-05-23,MMZ7,,,,,614866.0,,,14,4391.9,0.0,,,,0,MXI-12.27,MXI,MMZ7
RFUD,2024-05-24,MMZ7,,,,,627998.0,,,14,4485.7,0.0,,,,0,MXI-12.27,MXI,MMZ7
RFUD,2024-05-27,MMZ7,,,,,623287.0,,,14,4452.05,0.0,,,,0,MXI-12.27,MXI,MMZ7
RFUD,2024-05-28,MMZ7,,,,,609028.0,,,14,4350.2,0.0,,,,0,MXI-12.27,MXI,MMZ7
RFUD,2024-05-29,MMZ7,,,,,614943.0,,,14,4392.45,0.0,,,,0,MXI-12.27,MXI,MMZ7
RFUD,2024-05-30,MMZ7,,,,,574231.0,,,14,4101.65,0.0,,,,0,MXI-12.27,MXI,MMZ7
RFUD,2024-05-31,MMZ7,,,,,583107.0,,,14,4165.05,0.0,,,,0,MXI-12.27,MXI,MMZ7
RFUD,2024-06-03,MMZ7,,,,,550375.0,,,14,3931.25,0.0,,,,0,MXI-12.27,MXI,MMZ7
RFUD,2024-06-04,MMZ7,,,,,542836.0,,,14,3877.4,0.0,,,,0,MXI-12.27,MXI,MMZ7
RFUD,2024-06-05,MMZ7,,,,,541793.0,,,14,3869.95,0.0,,,,0,MXI-12.27,MXI,MMZ7
RFUD,2024-06-06,MMZ7,,,,,542773.0,,,14,3876.95,0.0,,,,0,MXI-12.27,MXI,MMZ7
RFUD,2024-06-07,MMZ7,,,,,542423.0,,,14,3874.45,0.0,,,,0,MXI-12.27,MXI,MMZ7
RFUD,2024-06-10,MMZ7,,,,,604716.0,,,14,4319.4,0.0,,,,0,MXI-12.27,MXI,MMZ7
RFUD,2024-06-11,MMZ7,,,,,595021.0,,,14,4250.15,0.0,,,,0,MXI-12.27,MXI,MMZ7
RFUD,2024-06-13,MMZ7,,,,,610918.0,,,14,4363.7,0.0,,,,0,MXI-12.27,MXI,MMZ7
RFUD,2024-06-14,MMZ7,,,,,565523.0,,,14,4039.45,0.0,,,,0,MXI-12.27,MXI,MMZ7
RFUD,2024-06-17,MMZ7,,,,,600446.0,,,14,4288.9,0.0,,,,0,MXI-12.27,MXI,MMZ7
RFUD,2024-06-18,MMZ7,,,,,632786.0,,,14,4519.9,0.0,,,,0,MXI-12.27,MXI,MMZ7
RFUD,2024-06-19,MMZ7,,,,,585389.0,,,14,4181.35,0.0,,,,0,MXI-12.27,MXI,MMZ7
RFUD,2024-06-20,MMZ7,,,,,577591.0,,,14,4125.65,0.0,,,,0,MXI-12.27,MXI,MMZ7
RFUD,2024-06-21,MMZ7,,,,,580762.0,,,14,4148.3,0.0,,,,0,MXI-12.27,MXI,MMZ7
RFUD,2024-06-24,MMZ7,,,,,578326.0,,,14,4130.9,0.0,,,,0,MXI-12.27,MXI,MMZ7
RFUD,2024-06-25,MMZ7,,,,,583919.0,,,14,4170.85,0.0,,,,0,MXI-12.27,MXI,MMZ7
RFUD,2024-06-26,MMZ7,,,,,579201.0,,,14,4137.15,0.0,,,,0,MXI-12.27,MXI,MMZ7
RFUD,2024-06-27,MMZ7,,,,,576485.0,,,14,4117.75,0.0,,,,0,MXI-12.27,MXI,MMZ7
RFUD,2024-06-28,MMZ7,,,,,578333.0,,,14,4130.95,0.0,,,,0,MXI-12.27,MXI,MMZ7
RFUD,2024-07-01,MMZ7,,,,,582533.0,,,14,4160.95,0.0,,,,0,MXI-12.27,MXI,MMZ7
RFUD,2024-07-02,MMZ7,,,,,574049.0,,,14,4100.35,0.0,,,,0,MXI-12.27,MXI,MMZ7
RFUD,2024-07-03,MMZ7,,,,,575834.0,,,14,4113.1,0.0,,,,0,MXI-12.27,MXI,MMZ7
RFUD,2024-07-04,MMZ7,,,,,573111.0,,,14,4093.65,0.0,,,,0,MXI-12.27,MXI,MMZ7
RFUD,2024-07-05,MMZ7,,,,,600257.0,,,14,4287.55,0.0,,,,0,MXI-12.27,MXI,MMZ7
RFUD,2024-07-08,MMZ7,,,,,574000.0,,,14,4100.0,0.0,,,,0,MXI-12.27,MXI,MMZ7
RFUD,2024-07-09,MMZ7,,,,,582232.0,,,14,4158.8,0.0,,,,0,MXI-12.27,MXI,MMZ7
RFUD,2024-07-10,MMZ7,4349.5,4197.2,4349.5,4236.9,1067170.0,296259.0,7.0,26,4104.5,0.0,4232.27,,1.0,7,MXI-12.27,MXI,MMZ7
RFUD,2024-07-11,MMZ7,4006.0,4006.0,4314.3,4314.3,1209000.0,126198.0,3.0,30,4030.0,0.0,4206.6,1.83,1.0,3,MXI-12.27,MXI,MMZ7
RFUD,2024-07-12,MMZ7,,,,,1206600.0,,,30,4022.0,0.0,,,,0,MXI-12.27,MXI,MMZ7
RFUD,2024-07-15,MMZ7,4199.0,4199.0,4199.0,4199.0,1206600.0,41990.0,1.0,30,4022.0,0.0,4199.0,,1.0,1,MXI-12.27,MXI,MMZ7
RFUD,2024-07-16,MMZ7,,,,,1196280.0,,,30,3987.6,0.0,,,,0,MXI-12.27,MXI,MMZ7
RFUD,2024-07-17,MMZ7,3742.65,3690.75,4314.55,3960.2,1176330.0,4250308.0,106.0,30,3921.1,0.0,4009.72,,1.0,10,MXI-12.27,MXI,MMZ7
RFUD,2024-07-18,MMZ7,,,,,1125300.0,,,30,3751.0,0.0,,,,0,MXI-12.27,MXI,MMZ7
RFUD,2024-07-19,MMZ7,,,,,1101690.0,,,30,3672.3,0.0,,,,0,MXI-12.27,MXI,MMZ7
RFUD,2024-07-22,MMZ7,3919.75,3609.25,4216.95,4216.95,1504591.0,4785205.0,122.0,38,3959.45,0.0,3922.3,,57.0,9,MXI-12.27,MXI,MMZ7
RFUD,2024-07-23,MMZ7,4204.85,3951.5,4216.0,4188.35,1687161.0,658034.5,16.0,42,4017.05,0.0,4112.72,-0.68,1.0,15,MXI-12.27,MXI,MMZ7
RFUD,2024-07-24,MMZ7,4188.0,4188.0,4188.0,4188.0,1926480.0,83760.0,2.0,46,4188.0,0.0,4188.0,-0.01,1.0,2,MXI-12.27,MXI,MMZ7
RFUD,2024-07-25,MMZ7,4039.2,4027.0,4203.4,4203.4,1615260.0,163086.0,4.0,40,4038.15,0.0,4077.15,0.37,1.0,4,MXI-12.27,MXI,MMZ7
RFUD,2024-07-26,MMZ7,,,,,1571060.0,,,40,3927.65,0.0,,,,0,MXI-12.27,MXI,MMZ7
RFUD,2024-07-29,MMZ7,,,,,1550800.0,,,40,3877.0,0.0,,,,0,MXI-12.27,MXI,MMZ7
RFUD,2024-07-30,MMZ7,4150.0,4150.0,4150.0,4150.0,1582620.0,41500.0,1.0,40,3956.55,0.0,4150.0,,1.0,1,MXI-12.27,MXI,MMZ7
RFUD,2024-07-31,MMZ7,,,,,1558780.0,,,40,3896.95,0.0,,,,0,MXI-12.27,MXI,MMZ7
RFUD,2024-08-01,MMZ7,,,,,1583460.0,,,40,3958.65,0.0,,,,0,MXI-12.27,MXI,MMZ7
RFUD,2024-08-02,MMZ7,3982.25,3916.5,3982.25,3916.5,1723260.0,157779.5,4.0,44,3916.5,0.0,3944.49,,1.0,4,MXI-12.27,MXI,MMZ7
RFUD,2024-08-05,MMZ7,3950.0,3857.05,4050.0,4049.0,2215920.0,639359.5,16.0,56,3957.0,0.0,3996.0,3.38,2.0,13,MXI-12.27,MXI,MMZ7
RFUD,2024-08-06,MMZ7,,,,,2238320.0,,,56,3997.0,0.0,,,,0,MXI-12.27,MXI,MMZ7
RFUD,2024-08-07,MMZ7,4006.6,4006.6,4207.0,4207.0,2179980.0,246928.5,6.0,54,4037.0,0.0,4115.48,,1.0,5,MXI-12.27,MXI,MMZ7
RFUD,2024-08-08,MMZ7,,,,,2195991.0,,,54,4066.65,0.0,,,,0,MXI-12.27,MXI,MMZ7
RFUD,2024-08-09,MMZ7,4046.7,3973.55,4070.0,4070.0,2093580.0,120902.5,3.0,54,3877.0,0.0,4030.08,,1.0,3,MXI-12.27,MXI,MMZ7
RFUD,2024-08-12,MMZ7,,,,,2138751.0,,,54,3960.65,0.0,,,,0,MXI-12.27,MXI,MMZ7
RFUD,2024-08-13,MMZ7,4079.4,4079.4,4079.4,4079.4,2158812.0,40794.0,1.0,54,3997.8,0.0,4079.4,,1.0,1,MXI-12.27,MXI,MMZ7
RFUD,2024-08-14,MMZ7,4207.15,4089.15,4209.6,4089.15,2153520.0,167131.0,4.0,54,3988.0,0.0,4178.28,0.24,1.0,4,MXI-12.27,MXI,MMZ7
RFUD,2024-08-15,MMZ7,4173.2,4097.6,4190.2,4124.9,2309944.0,207591.0,5.0,56,4124.9,0.0,4151.82,0.87,1.0,5,MXI-12.27,MXI,MMZ7
RFUD,2024-08-16,MMZ7,,,,,2264444.0,,,56,4043.65,0.0,,,,0,MXI-12.27,MXI,MMZ7
RFUD,2024-08-19,MMZ7,3711.75,3711.75,4137.3,4137.3,2279200.0,78490.5,2.0,56,4070.0,0.0,3924.53,,1.0,2,MXI-12.27,MXI,MMZ7
RFUD,2024-08-20,MMZ7,3996.95,3781.65,4539.25,4012.75,2525415.0,1153369.5,28.0,62,4073.25,0.0,4119.18,-3.01,1.0,28,MXI-12.27,MXI,MMZ7
RFUD,2024-08-21,MMZ7,3982.95,3941.95,4033.5,3941.95,2286331.0,119584.0,3.0,58,3941.95,0.0,3986.13,-1.76,1.0,3,MXI-12.27,MXI,MMZ7
RFUD,2024-08-22,MMZ7,3920.2,3920.2,3920.2,3920.2,2195312.0,39202.0,1.0,56,3920.2,0.0,3920.2,-0.55,1.0,1,MXI-12.27,MXI,MMZ7
RFUD,2024-08-23,MMZ7,,,,,2184728.0,,,56,3901.3,0.0,,,,0,MXI-12.27,MXI,MMZ7
RFUD,2024-08-26,MMZ7,,,,,2205812.0,,,56,3938.95,0.0,,,,0,MXI-12.27,MXI,MMZ7
RFUD,2024-08-27,MMZ7,,,,,2116324.0,,,56,3779.15,0.0,,,,0,MXI-12.27,MXI,MMZ7
RFUD,2024-08-28,MMZ7,,,,,2213260.0,,,56,3952.25,0.0,,,,0,MXI-12.27,MXI,MMZ7
RFUD,2024-08-29,MMZ7,3860.65,3860.65,3860.65,3860.65,2055186.0,38606.5,1.0,54,3805.9,0.0,3860.65,,1.0,1,MXI-12.27,MXI,MMZ7
RFUD,2024-08-30,MMZ7,3653.8,3644.25,3653.8,3644.25,1917850.0,72980.5,2.0,50,3835.7,0.0,3649.03,-5.61,1.0,2,MXI-12.27,MXI,MMZ7
RFUD,2024-09-02,MMZ7,3468.25,3468.25,3986.95,3875.45,2019108.0,187382.5,5.0,52,3882.9,0.0,3747.65,6.34,1.0,5,MXI-12.27,MXI,MMZ7
RFUD,2024-09-03,MMZ7,3851.7,3851.7,3851.7,3851.7,2085723.0,38517.0,1.0,54,3862.45,0.0,3851.7,-0.61,1.0,1,MXI-12.27,MXI,MMZ7
RFUD,2024-09-04,MMZ7,3660.8,3610.0,3684.1,3684.1,1694484.0,254500.5,7.0,44,3851.1,0.0,3635.72,-4.35,1.0,7,MXI-12.27,MXI,MMZ7
RFUD,2024-09-05,MMZ7,3684.45,3684.45,3684.45,3684.45,1547469.0,73689.0,2.0,42,3684.45,0.0,3684.45,0.01,1.0,2,MXI-12.27,MXI,MMZ7
RFUD,2024-09-06,MMZ7,3648.0,3648.0,3697.1,3697.1,1478840.0,109931.0,3.0,40,3697.1,0.0,3664.37,0.34,1.0,3,MXI-12.27,MXI,MMZ7
RFUD,2024-09-09,MMZ7,3665.75,3665.75,3665.75,3665.75,1513780.0,36657.5,1.0,40,3784.45,0.0,3665.75,-0.85,1.0,1,MXI-12.27,MXI,MMZ7
RFUD,2024-09-10,MMZ7,3740.0,3655.3,3924.75,3655.3,1420991.0,336970.5,9.0,38,3739.45,0.0,3744.12,-0.29,1.0,7,MXI-12.27,MXI,MMZ7
RFUD,2024-09-11,MMZ7,,,,,1448123.0,,,38,3810.85,0.0,,,,0,MXI-12.27,MXI,MMZ7
RFUD,2024-09-12,MMZ7,3670.0,3670.0,3670.0,3670.0,1455191.0,36700.0,1.0,38,3829.45,0.0,3670.0,,1.0,1,MXI-12.27,MXI,MMZ7
RFUD,2024-09-13,MMZ7,3712.05,3712.05,3712.05,3712.05,1427584.0,37120.5,1.0,38,3756.8,0.0,3712.05,1.15,1.0,1,MXI-12.27,MXI,MMZ7
RFUD,2024-09-16,MMZ7,3529.25,3446.3,4094.75,3831.65,1385708.0,706062.0,19.0,38,3646.6,0.0,3716.12,3.22,1.0,19,MXI-12.27,MXI,MMZ7
RFUD,2024-09-17,MMZ7,3563.1,3517.6,3563.1,3517.6,1335906.0,70807.0,2.0,36,3710.85,0.0,3540.35,-8.2,1.0,2,MXI-12.27,MXI,MMZ7
RFUD,2024-09-18,MMZ7,3890.25,3890.25,3890.25,3890.25,1397286.0,38902.5,1.0,36,3881.35,0.0,3890.25,10.59,1.0,1,MXI-12.27,MXI,MMZ7
RFUD,2024-09-19,MMZ7,,,,,1395774.0,,,36,3877.15,0.0,,,,0,MXI-12.27,MXI,MMZ7
RFUD,2024-09-20,MMZ7,,,,,1394856.0,,,36,3874.6,0.0,,,,0,MXI-12.27,MXI,MMZ7
RFUD,2024-09-23,MMZ7,,,,,1373130.0,,,36,3814.25,0.0,,,,0,MXI-12.27,MXI,MMZ7
RFUD,2024-09-24,MMZ7,3531.5,3531.5,3531.5,3531.5,1293876.0,35315.0,1.0,36,3594.1,0.0,3531.5,,1.0,1,MXI-12.27,MXI,MMZ7
RFUD,2024-09-25,MMZ7,,,,,1408842.0,,,36,3913.45,0.0,,,,0,MXI-12.27,MXI,MMZ7
RFUD,2024-09-26,MMZ7,,,,,1407762.0,,,36,3910.45,0.0,,,,0,MXI-12.27,MXI,MMZ7
RFUD,2024-09-27,MMZ7,,,,,1403568.0,,,36,3898.8,0.0,,,,0,MXI-12.27,MXI,MMZ7
RFUD,2024-09-30,MMZ7,,,,,1392120.0,,,36,3867.0,0.0,,,,0,MXI-12.27,MXI,MMZ7
RFUD,2024-10-01,MMZ7,,,,,1337184.0,,,36,3714.4,0.0,,,,0,MXI-12.27,MXI,MMZ7
RFUD,2024-10-02,MMZ7,,,,,1375164.0,,,36,3819.9,0.0,,,,0,MXI-12.27,MXI,MMZ7
RFUD,2024-10-03,MMZ7,,,,,1381032.0,,,36,3836.2,0.0,,,,0,MXI-12.27,MXI,MMZ7
RFUD,2024-10-04,MMZ7,,,,,1378944.0,,,36,3830.4,0.0,,,,0,MXI-12.27,MXI,MMZ7
RFUD,2024-10-07,MMZ7,,,,,1387278.0,,,36,3853.55,0.0,,,,0,MXI-12.27,MXI,MMZ7
RFUD,2024-10-08,MMZ7,,,,,1388358.0,,,36,3856.55,0.0,,,,0,MXI-12.27,MXI,MMZ7
RFUD,2024-10-09,MMZ7,,,,,1389330.0,,,36,3859.25,0.0,,,,0,MXI-12.27,MXI,MMZ7
RFUD,2024-10-10,MMZ7,,,,,1388448.0,,,36,3856.8,0.0,,,,0,MXI-12.27,MXI,MMZ7
RFUD,2024-10-11,MMZ7,,,,,1380510.0,,,36,3834.75,0.0,,,,0,MXI-12.27,MXI,MMZ7
RFUD,2024-10-14,MMZ7,3510.1,3510.1,3896.9,3896.9,1709136.0,266578.0,7.0,44,3884.4,0.0,3808.26,,1.0,6,MXI-12.27,MXI,MMZ7
RFUD,2024-10-15,MMZ7,3626.4,3626.4,3844.4,3844.4,1843200.0,111769.5,3.0,48,3840.0,0.0,3725.65,-1.35,1.0,3,MXI-12.27,MXI,MMZ7
RFUD,2024-10-16,MMZ7,3830.0,3830.0,3865.05,3865.05,1900000.0,76950.5,2.0,50,3800.0,0.0,3847.53,0.54,1.0,2,MXI-12.27,MXI,MMZ7
RFUD,2024-10-17,MMZ7,3682.8,3666.8,3790.0,3680.0,1909425.0,369979.5,10.0,50,3818.85,0.0,3699.8,-4.79,1.0,9,MXI-12.27,MXI,MMZ7
RFUD,2024-10-18,MMZ7,,,,,1905400.0,,,50,3810.8,0.0,,,,0,MXI-12.27,MXI,MMZ7
RFUD,2024-10-21,MMZ7,3659.45,3624.45,3872.0,3837.2,1685288.0,414601.0,11.0,44,3830.2,0.0,3769.1,,1.0,10,MXI-12.27,MXI,MMZ7
RFUD,2024-10-22,MMZ7,3846.6,3846.6,3849.55,3849.55,1619016.0,76961.5,2.0,42,3854.8,0.0,3848.08,0.32,1.0,2,MXI-12.27,MXI,MMZ7
RFUD,2024-10-23,MMZ7,3688.8,3688.8,3853.1,3853.1,1612485.0,75419.0,2.0,42,3839.25,0.0,3770.95,0.09,1.0,2,MXI-12.27,MXI,MMZ7
RFUD,2024-10-24,MMZ7,3675.5,3547.35,3677.85,3613.85,1401117.0,217376.5,6.0,38,3687.15,0.0,3622.94,-6.21,1.0,6,MXI-12.27,MXI,MMZ7
RFUD,2024-10-25,MMZ7,,,,,1397013.0,,,38,3676.35,0.0,,,,0,MXI-12.27,MXI,MMZ7
RFUD,2024-10-28,MMZ7,3600.0,3600.0,3600.0,3600.0,1307034.0,36000.0,1.0,36,3630.65,0.0,3600.0,,1.0,1,MXI-12.27,MXI,MMZ7
RFUD,2024-10-29,MMZ7,3580.0,3580.0,3580.0,3580.0,1232126.0,35800.0,1.0,34,3623.9,0.0,3580.0,-0.56,1.0,1,MXI-12.27,MXI,MMZ7
RFUD,2024-10-30,MMZ7,,,,,1232789.0,,,34,3625.85,0.0,,,,0,MXI-12.27,MXI,MMZ7
RFUD,2024-10-31,MMZ7,,,,,1217200.0,,,34,3580.0,0.0,,,,0,MXI-12.27,MXI,MMZ7
RFUD,2024-11-01,MMZ7,,,,,1238807.0,,,34,3643.55,0.0,,,,0,MXI-12.27,MXI,MMZ7
RFUD,2024-11-02,MMZ7,,,,,1232279.0,,,34,3624.35,0.0,,,,0,MXI-12.27,MXI,MMZ7
RFUD,2024-11-05,MMZ7,,,,,1226363.0,,,34,3606.95,0.0,,,,0,MXI-12.27,MXI,MMZ7
RFUD,2024-11-06,MMZ7,,,,,1179154.0,,,34,3468.1,0.0,,,,0,MXI-12.27,MXI,MMZ7
RFUD,2024-11-07,MMZ7,3839.05,3431.4,3839.05,3750.0,1346922.0,255451.0,7.0,36,3741.45,0.0,3649.3,,1.0,7,MXI-12.27,MXI,MMZ7
RFUD,2024-11-08,MMZ7,,,,,1351872.0,,,36,3755.2,0.0,,,,0,MXI-12.27,MXI,MMZ7
RFUD,2024-11-11,MMZ7,,,,,1363878.0,,,36,3788.55,0.0,,,,0,MXI-12.27,MXI,MMZ7
RFUD,2024-11-12,MMZ7,,,,,1358424.0,,,36,3773.4,0.0,,,,0,MXI-12.27,MXI,MMZ7
RFUD,2024-11-13,MMZ7,,,,,1364166.0,,,36,3789.35,0.0,,,,0,MXI-12.27,MXI,MMZ7
RFUD,2024-11-14,MMZ7,,,,,1356786.0,,,36,3768.85,0.0,,,,0,MXI-12.27,MXI,MMZ7
RFUD,2024-11-15,MMZ7,,,,,1369908.0,,,36,3805.3,0.0,,,,0,MXI-12.27,MXI,MMZ7
RFUD,2024-11-18,MMZ7,,,,,1353960.0,,,36,3761.0,0.0,,,,0,MXI-12.27,MXI,MMZ7
RFUD,2024-11-19,MMZ7,,,,,1355868.0,,,36,3766.3,0.0,,,,0,MXI-12.27,MXI,MMZ7
RFUD,2024-11-20,MMZ7,,,,,1348488.0,,,36,3745.8,0.0,,,,0,MXI-12.27,MXI,MMZ7
RFUD,2024-11-21,MMZ7,3857.85,3857.85,3857.85,3857.85,1452550.0,38578.5,1.0,38,3822.5,0.0,3857.85,,1.0,1,MXI-12.27,MXI,MMZ7
RFUD,2024-11-22,MMZ7,,,,,1368646.0,,,38,3601.7,0.0,,,,0,MXI-12.27,MXI,MMZ7
RFUD,2024-11-25,MMZ7,,,,,1408014.0,,,38,3705.3,0.0,,,,0,MXI-12.27,MXI,MMZ7
RFUD,2024-11-26,MMZ7,,,,,1439174.0,,,38,3787.3,0.0,,,,0,MXI-12.27,MXI,MMZ7
RFUD,2024-11-27,MMZ7,,,,,1458972.0,,,38,3839.4,0.0,,,,0,MXI-12.27,MXI,MMZ7
RFUD,2024-11-28,MMZ7,3742.9,3742.9,3742.9,3742.9,1487540.0,37429.0,1.0,40,3718.85,0.0,3742.9,,1.0,1,MXI-12.27,MXI,MMZ7
RFUD,2024-11-29,MMZ7,,,,,1492220.0,,,40,3730.55,0.0,,,,0,MXI-12.27,MXI,MMZ7
RFUD,2024-12-02,MMZ7,,,,,1492300.0,,,40,3730.75,0.0,,,,0,MXI-12.27,MXI,MMZ7
RFUD,2024-12-03,MMZ7,,,,,1416020.0,,,40,3540.05,0.0,,,,0,MXI-12.27,MXI,MMZ7
RFUD,2024-12-04,MMZ7,,,,,1447080.0,,,40,3617.7,0.0,,,,0,MXI-12.27,MXI,MMZ7
RFUD,2024-12-05,MMZ7,,,,,1437560.0,,,40,3593.9,0.0,,,,0,MXI-12.27,MXI,MMZ7
RFUD,2024-12-06,MMZ7,,,,,1404720.0,,,40,3511.8,0.0,,,,0,MXI-12.27,MXI,MMZ7
RFUD,2024-12-09,MMZ7,3518.25,3518.25,3702.55,3702.55,1615262.0,218414.0,6.0,44,3671.05,0.0,3640.23,,1.0,6,MXI-12.27,MXI,MMZ7
RFUD,2024-12-10,MMZ7,,,,,1612468.0,,,44,3664.7,0.0,,,,0,MXI-12.27,MXI,MMZ7
RFUD,2024-12-11,MMZ7,3587.0,3583.0,3587.0,3583.0,1411920.0,71700.0,2.0,40,3529.8,0.0,3585.0,,1.0,2,MXI-12.27,MXI,MMZ7
RFUD,2024-12-12,MMZ7,,,,,1413180.0,,,40,3532.95,0.0,,,,0,MXI-12.27,MXI,MMZ7
RFUD,2024-12-13,MMZ7,3440.45,3440.45,3440.45,3440.45,1312919.0,34404.5,1.0,38,3455.05,0.0,3440.45,,1.0,1,MXI-12.27,MXI,MMZ7
RFUD,2024-12-16,MMZ7,3460.0,3386.1,3707.0,3673.95,2023532.0,758765.5,21.0,56,3613.45,0.0,3613.17,6.79,5.0,17,MXI-12.27,MXI,MMZ7
RFUD,2024-12-17,MMZ7,,,,,2059652.0,,,56,3677.95,0.0,,,,0,MXI-12.27,MXI,MMZ7
RFUD,2024-12-18,MMZ7,,,,,2062816.0,,,56,3683.6,0.0,,,,0,MXI-12.27,MXI,MMZ7
RFUD,2024-12-19,MMZ7,,,,,2092776.0,,,56,3737.1,0.0,,,,0,MXI-12.27,MXI,MMZ7
RFUD,2024-12-20,MMZ7,3754.15,3654.9,3968.25,3654.9,2137436.0,421512.0,11.0,56,3816.85,0.0,3831.93,,1.0,10,MXI-12.27,MXI,MMZ7
RFUD,2024-12-23,MMZ7,3794.65,3669.4,3890.0,3669.4,2140796.0,265344.0,7.0,56,3822.85,0.0,3790.63,0.4,1.0,7,MXI-12.27,MXI,MMZ7
RFUD,2024-12-24,MMZ7,3751.05,3751.05,3751.05,3751.05,2088126.0,37510.5,1.0,54,3866.9,0.0,3751.05,2.23,1.0,1,MXI-12.27,MXI,MMZ7
RFUD,2024-12-25,MMZ7,,,,,2045358.0,,,54,3787.7,0.0,,,,0,MXI-12.27,MXI,MMZ7
RFUD,2024-12-26,MMZ7,3806.5,3806.5,3806.5,3806.5,1979380.0,38065.0,1.0,52,3806.5,0.0,3806.5,,1.0,1,MXI-12.27,MXI,MMZ7
RFUD,2024-12-27,MMZ7,,,,,1996800.0,,,52,3840.0,0.0,,,,0,MXI-12.27,MXI,MMZ7
RFUD,2024-12-28,MMZ7,3801.05,3801.05,3801.05,3801.05,1976546.0,38010.5,1.0,52,3801.05,0.0,3801.05,,1.0,1,MXI-12.27,MXI,MMZ7
RFUD,2024-12-30,MMZ7,3848.15,3783.1,3858.95,3783.1,1774036.0,266995.5,7.0,46,3856.6,0.0,3814.22,-0.47,1.0,7,MXI-12.27,MXI,MMZ7
RFUD,2025-01-03,MMZ7,,,,,1753359.0,,,46,3811.65,0.0,,,,0,MXI-12.27,MXI,MMZ7
RFUD,2025-01-06,MMZ7,,,,,1782569.0,,,46,3875.15,0.0,,,,0,MXI-12.27,MXI,MMZ7
RFUD,2025-01-08,MMZ7,,,,,1789676.0,,,46,3890.6,0.0,,,,0,MXI-12.27,MXI,MMZ7
RFUD,2025-01-09,MMZ7,3819.5,3819.5,3819.5,3819.5,1745976.0,38195.0,1.0,46,3795.6,0.0,3819.5,,1.0,1,MXI-12.27,MXI,MMZ7
RFUD,2025-01-10,MMZ7,3819.5,3819.5,3819.5,3819.5,1802809.0,38195.0,1.0,46,3919.15,0.0,3819.5,0.0,1.0,1,MXI-12.27,MXI,MMZ7
RFUD,2025-01-13,MMZ7,,,,,1802694.0,,,46,3918.9,0.0,,,,0,MXI-12.27,MXI,MMZ7
RFUD,2025-01-14,MMZ7,,,,,1810836.0,,,46,3936.6,0.0,,,,0,MXI-12.27,MXI,MMZ7
RFUD,2025-01-15,MMZ7,,,,,1800647.0,,,46,3914.45,0.0,,,,0,MXI-12.27,MXI,MMZ7
RFUD,2025-01-16,MMZ7,,,,,1810836.0,,,46,3936.6,0.0,,,,0,MXI-12.27,MXI,MMZ7
RFUD,2025-01-17,MMZ7,3914.45,3895.7,3997.8,3915.05,1817345.0,236889.5,6.0,46,3950.75,0.0,3948.16,,1.0,6,MXI-12.27,MXI,MMZ7
RFUD,2025-01-20,MMZ7,4019.95,4010.5,4030.4,4030.4,2000325.0,160808.5,4.0,50,4000.65,0.0,4020.21,2.95,1.0,4,MXI-12.27,MXI,MMZ7
RFUD,2025-01-21,MMZ7,3925.8,3925.8,3971.7,3971.7,1985850.0,197435.0,5.0,50,3971.7,0.0,3948.7,-1.46,1.0,5,MXI-12.27,MXI,MMZ7
RFUD,2025-01-22,MMZ7,3963.15,3963.15,3963.15,3963.15,1983600.0,39631.5,1.0,50,3967.2,0.0,3963.15,-0.21,1.0,1,MXI-12.27,MXI,MMZ7
RFUD,2025-01-23,MMZ7,,,,,2011500.0,,,50,4023.0,0.0,,,,0,MXI-12.27,MXI,MMZ7
RFUD,2025-01-24,MMZ7,,,,,2016500.0,,,50,4033.0,0.0,,,,0,MXI-12.27,MXI,MMZ7
RFUD,2025-01-27,MMZ7,,,,,1993625.0,,,50,3987.25,0.0,,,,0,MXI-12.27,MXI,MMZ7
RFUD,2025-01-28,MMZ7,3944.05,3944.05,3969.25,3969.25,2222780.0,198025.5,5.0,56,3969.25,0.0,3960.51,,1.0,5,MXI-12.27,MXI,MMZ7
RFUD,2025-01-29,MMZ7,,,,,2252236.0,,,56,4021.85,0.0,,,,0,MXI-12.27,MXI,MMZ7
RFUD,2025-01-30,MMZ7,3974.3,3974.3,3974.3,3974.3,2225608.0,39743.0,1.0,56,3974.3,0.0,3974.3,,1.0,1,MXI-12.27,MXI,MMZ7
RFUD,2025-01-31,MMZ7,,,,,2261952.0,,,56,4039.2,0.0,,,,0,MXI-12.27,MXI,MMZ7
RFUD,2025-02-03,MMZ7,,,,,2240000.0,,,56,4000.0,0.0,,,,0,MXI-12.27,MXI,MMZ7
RFUD,2025-02-04,MMZ7,4010.8,4010.8,4010.8,4010.8,2315998.0,40108.0,1.0,58,3993.1,0.0,4010.8,,1.0,1,MXI-12.27,MXI,MMZ7
RFUD,2025-02-05,MMZ7,3979.6,3979.6,3979.6,3979.6,2308168.0,39796.0,1.0,58,3979.6,0.0,3979.6,-0.78,1.0,1,MXI-12.27,MXI,MMZ7
RFUD,2025-02-06,MMZ7,4025.0,3988.0,4026.0,4025.0,2334500.0,2564960.0,64.0,58,4025.0,0.0,4007.75,1.14,3.0,28,MXI-12.27,MXI,MMZ7
RFUD,2025-02-07,MMZ7,4002.1,4002.1,4002.1,4002.1,2321218.0,40021.0,1.0,58,4002.1,0.0,4002.1,-0.57,1.0,1,MXI-12.27,MXI,MMZ7
RFUD,2025-02-10,MMZ7,3981.0,3955.0,4028.0,4027.0,2335660.0,559550.0,14.0,58,4027.0,0.0,3996.79,0.62,4.0,4,MXI-12.27,MXI,MMZ7
RFUD,2025-02-11,MMZ7,3979.0,3979.0,4025.0,4025.0,2334500.0,480240.0,12.0,58,4025.0,0.0,4002.0,-0.05,1.0,4,MXI-12.27,MXI,MMZ7
RFUD,2025-02-12,MMZ7,4010.0,4010.0,4094.0,4034.25,2370692.0,526590.5,13.0,58,4087.4,0.0,4050.7,0.23,1.0,5,MXI-12.27,MXI,MMZ7
RFUD,2025-02-13,MMZ7,4055.4,4006.6,4524.9,4065.0,2547921.0,642453.0,15.0,62,4109.55,0.0,4283.02,0.76,1.0,13,MXI-12.27,MXI,MMZ7
RFUD,2025-02-14,MMZ7,4350.0,4095.0,4414.55,4300.0,2830740.0,846928.0,20.0,66,4289.0,0.0,4234.64,5.78,1.0,13,MXI-12.27,MXI,MMZ7
RFUD,2025-02-17,MMZ7,4150.0,4120.0,4270.0,4270.0,2831400.0,209300.0,5.0,66,4290.0,0.0,4186.0,-0.7,2.0,3,MXI-12.27,MXI,MMZ7
RFUD,2025-02-18,MMZ7,4250.0,4173.45,4250.0,4222.0,2479500.0,295755.0,7.0,58,4275.0,0.0,4225.07,-1.12,1.0,5,MXI-12.27,MXI,MMZ7
RFUD,2025-02-19,MMZ7,4113.9,4113.9,4285.15,4285.15,2534880.0,83990.5,2.0,60,4224.8,0.0,4199.53,1.5,1.0,2,MXI-12.27,MXI,MMZ7
RFUD,2025-02-20,MMZ7,,,,,2515950.0,,,60,4193.25,0.0,,,,0,MXI-12.27,MXI,MMZ7
RFUD,2025-02-21,MMZ7,4136.65,4095.0,4192.2,4120.0,2389600.0,536257.5,13.0,58,4120.0,0.0,4125.06,,1.0,10,MXI-12.27,MXI,MMZ7
RFUD,2025-02-24,MMZ7,4005.95,4005.95,4005.95,4005.95,2389600.0,40059.5,1.0,58,4120.0,0.0,4005.95,-2.77,1.0,1,MXI-12.27,MXI,MMZ7
RFUD,2025-02-25,MMZ7,4120.0,4120.0,4120.0,4120.0,2373532.0,206000.0,5.0,56,4238.45,0.0,4120.0,2.85,1.0,4,MXI-12.27,MXI,MMZ7
RFUD,2025-02-26,MMZ7,,,,,2324448.0,,,56,4150.8,0.0,,,,0,MXI-12.27,MXI,MMZ7
RFUD,2025-02-27,MMZ7,4155.0,4135.0,4155.0,4135.0,2398300.0,82900.0,2.0,58,4135.0,0.0,4145.0,,1.0,2,MXI-12.27,MXI,MMZ7
RFUD,2025-02-28,MMZ7,4108.6,4108.55,4145.65,4145.65,2341640.0,123628.0,3.0,56,4181.5,0.0,4120.93,0.26,1.0,3,MXI-12.27,MXI,MMZ7
RFUD,2025-03-03,MMZ7,,,,,2312996.0,,,56,4130.35,0.0,,,,0,MXI-12.27,MXI,MMZ7
RFUD,2025-03-04,MMZ7,,,,,2363788.0,,,56,4221.05,0.0,,,,0,MXI-12.27,MXI,MMZ7
RFUD,2025-03-05,MMZ7,,,,,2371656.0,,,56,4235.1,0.0,,,,0,MXI-12.27,MXI,MMZ7
RFUD,2025-03-06,MMZ7,4245.95,4170.15,4245.95,4170.15,2418687.0,252301.0,6.0,58,4170.15,0.0,4205.02,,1.0,6,MXI-12.27,MXI,MMZ7
RFUD,2025-03-07,MMZ7,4154.5,4154.5,4154.5,4154.5,2392500.0,41545.0,1.0,58,4125.0,0.0,4154.5,-0.38,1.0,1,MXI-12.27,MXI,MMZ7
RFUD,2025-03-10,MMZ7,,,,,2465493.0,,,58,4250.85,0.0,,,,0,MXI-12.27,MXI,MMZ7
RFUD,2025-03-11,MMZ7,3850.0,3850.0,3850.0,3850.0,2239440.0,38500.0,1.0,56,3999.0,0.0,3850.0,,1.0,1,MXI-12.27,MXI,MMZ7
RFUD,2025-03-12,MMZ7,,,,,2235968.0,,,56,3992.8,0.0,,,,0,MXI-12.27,MXI,MMZ7
RFUD,2025-03-13,MMZ7,4112.6,4112.6,4112.6,4112.6,2321200.0,41126.0,1.0,56,4145.0,0.0,4112.6,,1.0,1,MXI-12.27,MXI,MMZ7
RFUD,2025-03-14,MMZ7,,,,,2356452.0,,,56,4207.95,0.0,,,,0,MXI-12.27,MXI,MMZ7
RFUD,2025-03-17,MMZ7,4097.55,4040.9,4097.55,4055.0,2334388.0,121934.5,3.0,56,4168.55,0.0,4064.48,,1.0,3,MXI-12.27,MXI,MMZ7
RFUD,2025-03-18,MMZ7,,,,,2325540.0,,,56,4152.75,0.0,,,,0,MXI-12.27,MXI,MMZ7
RFUD,2025-03-19,MMZ7,4123.6,4123.6,4123.6,4123.6,2374876.0,41236.0,1.0,56,4240.85,0.0,4123.6,,1.0,1,MXI-12.27,MXI,MMZ7
RFUD,2025-03-20,MMZ7,4121.25,4120.0,4121.25,4120.0,2430635.0,82412.5,2.0,58,4190.75,0.0,4120.63,-0.09,1.0,2,MXI-12.27,MXI,MMZ7
RFUD,2025-03-21,MMZ7,,,,,2421877.0,,,58,4175.65,0.0,,,,0,MXI-12.27,MXI,MMZ7
RFUD,2025-03-24,MMZ7,4161.6,4161.6,4161.6,4161.6,2413728.0,41616.0,1.0,58,4161.6,0.0,4161.6,,1.0,1,MXI-12.27,MXI,MMZ7
RFUD,2025-03-25,MMZ7,4192.45,4147.25,4192.45,4147.25,2322460.0,83397.0,2.0,56,4147.25,0.0,4169.85,-0.34,1.0,2,MXI-12.27,MXI,MMZ7
RFUD,2025-03-26,MMZ7,,,,,2325372.0,,,56,4152.45,0.0,,,,0,MXI-12.27,MXI,MMZ7
RFUD,2025-03-27,MMZ7,4089.55,4051.1,4106.8,4051.1,2187594.0,163450.5,4.0,54,4051.1,0.0,4086.26,,1.0,4,MXI-12.27,MXI,MMZ7
RFUD,2025-03-28,MMZ7,4033.75,4015.3,4033.75,4015.3,2168262.0,80490.5,2.0,54,4015.3,0.0,4024.53,-0.88,1.0,2,MXI-12.27,MXI,MMZ7
RFUD,2025-03-31,MMZ7,4008.0,4008.0,4008.0,4008.0,2174256.0,40080.0,1.0,54,4026.4,0.0,4008.0,-0.18,1.0,1,MXI-12.27,MXI,MMZ7
RFUD,2025-04-01,MMZ7,4034.95,4005.9,4076.25,4005.9,2163186.0,161710.0,4.0,54,4005.9,0.0,4042.75,-0.05,1.0,4,MXI-12.27,MXI,MMZ7
RFUD,2025-04-02,MMZ7,3991.55,3991.55,3991.55,3991.55,2155437.0,39915.5,1.0,54,3991.55,0.0,3991.55,-0.36,1.0,1,MXI-12.27,MXI,MMZ7
RFUD,2025-04-03,MMZ7,3981.0,3974.0,4051.0,3974.0,2304920.0,160570.0,4.0,58,3974.0,0.0,4014.25,-0.44,1.0,4,MXI-12.27,MXI,MMZ7
RFUD,2025-04-04,MMZ7,3979.75,3945.0,4025.9,3945.0,2761500.0,237916.5,6.0,70,3945.0,0.0,3965.28,-0.73,1.0,6,MXI-12.27,MXI,MMZ7
RFUD,2025-04-07,MMZ7,3861.0,3810.0,4339.25,3941.45,3943765.0,1678153.5,42.0,98,4024.25,0.0,3995.6,-0.09,1.0,24,MXI-12.27,MXI,MMZ7
RFUD,2025-04-08,MMZ7,3954.35,3931.15,3954.35,3931.15,3937885.0,157941.5,4.0,98,4018.25,0.0,3948.54,-0.26,1.0,4,MXI-12.27,MXI,MMZ7
RFUD,2025-04-09,MMZ7,3888.4,3888.4,3888.4,3888.4,3880653.0,38884.0,1.0,98,3959.85,0.0,3888.4,-1.09,1.0,1,MXI-12.27,MXI,MMZ7
RFUD,2025-04-10,MMZ7,3949.4,3949.4,3956.2,3956.2,3877076.0,79056.0,2.0,98,3956.2,0.0,3952.8,1.74,1.0,2,MXI-12.27,MXI,MMZ7
RFUD,2025-04-11,MMZ7,3981.85,3981.8,3981.85,3981.8,3902164.0,79636.5,2.0,98,3981.8,0.0,3981.83,0.65,1.0,2,MXI-12.27,MXI,MMZ7
RFUD,2025-04-14,MMZ7,,,,,3923283.0,,,98,4003.35,0.0,,,,0,MXI-12.27,MXI,MMZ7
RFUD,2025-04-15,MMZ7,,,,,3908240.0,,,98,3988.0,0.0,,,,0,MXI-12.27,MXI,MMZ7
RFUD,2025-04-16,MMZ7,3941.95,3930.0,3941.95,3930.0,3930000.0,746819.5,19.0,100,3930.0,0.0,3930.63,,3.0,11,MXI-12.27,MXI,MMZ7
RFUD,2025-04-17,MMZ7,3942.0,3942.0,3942.0,3942.0,4020840.0,39420.0,1.0,102,3942.0,0.0,3942.0,0.3,1.0,1,MXI-12.27,MXI,MMZ7
RFUD,2025-04-18,MMZ7,3990.0,3930.65,3990.0,3930.65,4017933.0,158342.0,4.0,102,3939.15,0.0,3958.55,-0.29,1.0,4,MXI-12.27,MXI,MMZ7
RFUD,2025-04-21,MMZ7,3987.85,3987.85,3987.85,3987.85,4067607.0,79757.0,2.0,102,3987.85,0.0,3987.85,1.46,1.0,2,MXI-12.27,MXI,MMZ7
RFUD,2025-04-22,MMZ7,3991.25,3991.25,3991.25,3991.25,4150900.0,39912.5,1.0,104,3991.25,0.0,3991.25,0.08,1.0,1,MXI-12.27,MXI,MMZ7
RFUD,2025-04-23,MMZ7,4010.85,4010.85,4026.5,4011.25,4251925.0,200769.0,5.0,106,4011.25,0.0,4015.38,0.5,1.0,5,MXI-12.27,MXI,MMZ7
RFUD,2025-04-24,MMZ7,3993.35,3993.35,3993.35,3993.35,4392685.0,79867.0,2.0,110,3993.35,0.0,3993.35,-0.45,1.0,2,MXI-12.27,MXI,MMZ7
RFUD,2025-04-25,MMZ7,4019.85,4019.85,4022.45,4022.45,4505144.0,80423.0,2.0,112,4022.45,0.0,4021.15,0.73,1.0,2,MXI-12.27,MXI,MMZ7
RFUD,2025-04-28,MMZ7,4061.0,4061.0,4074.4,4074.4,4880220.0,162772.5,4.0,120,4066.85,0.0,4069.31,1.29,1.0,4,MXI-12.27,MXI,MMZ7
RFUD,2025-04-29,MMZ7,4008.0,4008.0,4008.0,4008.0,4717640.0,40080.0,1.0,118,3998.0,0.0,4008.0,-1.63,1.0,1,MXI-12.27,MXI,MMZ7
RFUD,2025-04-30,MMZ7,3980.0,3963.5,3980.45,3980.45,4531728.0,159044.0,4.0,114,3975.2,0.0,3976.1,-0.69,2.0,3,MXI-12.27,MXI,MMZ7
RFUD,2025-05-02,MMZ7,3970.95,3970.95,3970.95,3970.95,4309525.0,79419.0,2.0,110,3917.75,0.0,3970.95,-0.24,1.0,2,MXI-12.27,MXI,MMZ7
RFUD,2025-05-05,MMZ7,3889.25,3857.95,3889.25,3857.95,4243745.0,194047.5,5.0,110,3857.95,0.0,3880.95,-2.85,1.0,5,MXI-12.27,MXI,MMZ7
RFUD,2025-05-06,MMZ7,3864.35,3864.35,3864.35,3864.35,4262390.0,77287.0,2.0,110,3874.9,0.0,3864.35,0.17,1.0,2,MXI-12.27,MXI,MMZ7
RFUD,2025-05-07,MMZ7,3879.5,3872.85,3879.5,3872.85,4183164.0,155047.0,4.0,108,3873.3,0.0,3876.18,0.22,2.0,3,MXI-12.27,MXI,MMZ7
RFUD,2025-05-08,MMZ7,3879.5,3879.5,3904.2,3904.2,4294620.0,77837.0,2.0,110,3904.2,0.0,3891.85,0.81,1.0,2,MXI-12.27,MXI,MMZ7
RFUD,2025-05-12,MMZ7,3960.55,3956.75,3960.55,3956.75,4510695.0,158316.5,4.0,114,3956.75,0.0,3957.91,1.35,2.0,3,MXI-12.27,MXI,MMZ7
RFUD,2025-05-13,MMZ7,,,,,4528365.0,,,114,3972.25,0.0,,,,0,MXI-12.27,MXI,MMZ7
RFUD,2025-05-14,MMZ7,,,,,4531557.0,,,114,3975.05,0.0,,,,0,MXI-12.27,MXI,MMZ7
RFUD,2025-05-15,MMZ7,3871.2,3871.2,3896.6,3896.6,4286260.0,77678.0,2.0,110,3896.6,0.0,3883.9,,1.0,2,MXI-12.27,MXI,MMZ7
RFUD,2025-05-16,MMZ7,3869.3,3849.3,3869.3,3849.3,4177062.0,115763.0,3.0,108,3867.65,0.0,3858.77,-1.21,1.0,3,MXI-12.27,MXI,MMZ7
RFUD,2025-05-19,MMZ7,3868.2,3868.2,3926.85,3911.75,4224690.0,155925.5,4.0,108,3911.75,0.0,3898.14,1.62,1.0,4,MXI-12.27,MXI,MMZ7
RFUD,2025-05-20,MMZ7,3846.85,3846.85,3846.85,3846.85,4077661.0,38468.5,1.0,106,3846.85,0.0,3846.85,-1.66,1.0,1,MXI-12.27,MXI,MMZ7
RFUD,2025-05-21,MMZ7,,,,,4066160.0,,,106,3836.0,0.0,,,,0,MXI-12.27,MXI,MMZ7
RFUD,2025-05-22,MMZ7,3839.7,3839.7,3839.7,3839.7,3998228.0,38397.0,1.0,104,3844.45,0.0,3839.7,,1.0,1,MXI-12.27,MXI,MMZ7
RFUD,2025-05-23,MMZ7,,,,,3993288.0,,,104,3839.7,0.0,,,,0,MXI-12.27,MXI,MMZ7
RFUD,2025-05-26,MMZ7,3788.3,3782.75,3788.3,3782.75,3934060.0,113538.0,3.0,104,3782.75,0.0,3784.6,,1.0,3,MXI-12.27,MXI,MMZ7
RFUD,2025-05-27,MMZ7,3780.3,3780.3,3797.65,3797.65,3949556.0,75779.5,2.0,104,3797.65,0.0,3788.98,0.39,1.0,2,MXI-12.27,MXI,MMZ7
RFUD,2025-05-28,MMZ7,,,,,3936816.0,,,104,3785.4,0.0,,,,0,MXI-12.27,MXI,MMZ7
RFUD,2025-05-29,MMZ7,3801.15,3801.15,3817.05,3811.55,3964272.0,152427.5,4.0,104,3811.8,0.0,3810.69,,1.0,4,MXI-12.27,MXI,MMZ7
RFUD,2025-05-30,MMZ7,,,,,3962348.0,,,104,3809.95,0.0,,,,0,MXI-12.27,MXI,MMZ7
RFUD,2025-06-02,MMZ7,,,,,4034108.0,,,104,3878.95,0.0,,,,0,MXI-12.27,MXI,MMZ7
RFUD,2025-06-03,MMZ7,,,,,4050488.0,,,104,3894.7,0.0,,,,0,MXI-12.27,MXI,MMZ7
RFUD,2025-06-04,MMZ7,3837.9,3837.9,3837.9,3837.9,4037592.0,38379.0,1.0,104,3882.3,0.0,3837.9,,1.0,1,MXI-12.27,MXI,MMZ7
RFUD,2025-06-05,MMZ7,,,,,4033172.0,,,104,3878.05,0.0,,,,0,MXI-12.27,MXI,MMZ7
RFUD,2025-06-06,MMZ7,3851.8,3851.8,3851.8,3851.8,4010298.0,38518.0,1.0,106,3783.3,0.0,3851.8,,1.0,1,MXI-12.27,MXI,MMZ7
RFUD,2025-06-09,MMZ7,,,,,4030014.0,,,106,3801.9,0.0,,,,0,MXI-12.27,MXI,MMZ7
RFUD,2025-06-10,MMZ7,,,,,3999486.0,,,106,3773.1,0.0,,,,0,MXI-12.27,MXI,MMZ7
RFUD,2025-06-11,MMZ7,,,,,3993126.0,,,106,3767.1,0.0,,,,0,MXI-12.27,MXI,MMZ7
RFUD,2025-06-13,MMZ7,3793.0,3793.0,3883.0,3812.85,4727934.0,459831.0,12.0,124,3812.85,0.0,3831.93,,1.0,12,MXI-12.27,MXI,MMZ7
RFUD,2025-06-16,MMZ7,,,,,4709086.0,,,124,3797.65,0.0,,,,0,MXI-12.27,MXI,MMZ7
RFUD,2025-06-17,MMZ7,3841.7,3841.7,3885.55,3885.55,5036005.0,116128.0,3.0,130,3873.85,0.0,3870.93,,1.0,3,MXI-12.27,MXI,MMZ7
RFUD,2025-06-18,MMZ7,3846.0,3823.75,3846.0,3823.75,4970875.0,76697.5,2.0,130,3823.75,0.0,3834.88,-1.59,1.0,2,MXI-12.27,MXI,MMZ7
RFUD,2025-06-19,MMZ7,3855.05,3821.45,3855.05,3823.45,5123423.0,153214.0,4.0,134,3823.45,0.0,3830.35,-0.01,1.0,4,MXI-12.27,MXI,MMZ7
RFUD,2025-06-20,MMZ7,3822.45,3707.2,3822.45,3763.85,4893005.0,301780.0,8.0,130,3763.85,0.0,3772.25,-1.56,1.0,8,MXI-12.27,MXI,MMZ7
RFUD,2025-06-23,MMZ7,3786.65,3786.65,3786.65,3786.65,4922645.0,37866.5,1.0,130,3786.65,0.0,3786.65,0.61,1.0,1,MXI-12.27,MXI,MMZ7
RFUD,2025-06-24,MMZ7,,,,,4889625.0,,,130,3761.25,0.0,,,,0,MXI-12.27,MXI,MMZ7
RFUD,2025-06-25,MMZ7,3772.3,3772.3,3788.85,3788.85,5001282.0,113426.0,3.0,132,3788.85,0.0,3780.87,,1.0,3,MXI-12.27,MXI,MMZ7
RFUD,2025-06-26,MMZ7,3823.6,3799.3,3828.3,3799.3,5172080.0,114512.0,3.0,136,3803.0,0.0,3817.07,0.28,1.0,3,MXI-12.27,MXI,MMZ7
RFUD,2025-06-27,MMZ7,3795.95,3794.9,3795.95,3794.9,5173236.0,75908.5,2.0,136,3803.85,0.0,3795.43,-0.12,1.0,2,MXI-12.27,MXI,MMZ7
RFUD,2025-06-30,MMZ7,,,,,5223828.0,,,136,3841.05,0.0,,,,0,MXI-12.27,MXI,MMZ7
RFUD,2025-07-01,MMZ7,,,,,5230424.0,,,136,3845.9,0.0,,,,0,MXI-12.27,MXI,MMZ7
RFUD,2025-07-02,MMZ7,3837.85,3837.85,3837.85,3837.85,5216892.0,38378.5,1.0,136,3835.95,0.0,3837.85,,1.0,1,MXI-12.27,MXI,MMZ7
RFUD,2025-07-03,MMZ7,3827.5,3827.5,3827.5,3827.5,5205400.0,38275.0,1.0,136,3827.5,0.0,3827.5,-0.27,1.0,1,MXI-12.27,MXI,MMZ7
RFUD,2025-07-04,MMZ7,,,,,5204788.0,,,136,3827.05,0.0,,,,0,MXI-12.27,MXI,MMZ7
RFUD,2025-07-07,MMZ7,,,,,5129920.0,,,136,3772.0,0.0,,,,0,MXI-12.27,MXI,MMZ7
RFUD,2025-07-08,MMZ7,3762.0,3762.0,3762.0,3762.0,5116320.0,37620.0,1.0,136,3762.0,0.0,3762.0,,1.0,1,MXI-12.27,MXI,MMZ7
RFUD,2025-07-09,MMZ7,3746.05,3746.05,3746.05,3746.05,5071236.0,37460.5,1.0,136,3728.85,0.0,3746.05,-0.42,1.0,1,MXI-12.27,MXI,MMZ7
RFUD,2025-07-10,MMZ7,,,,,5107888.0,,,136,3755.8,0.0,,,,0,MXI-12.27,MXI,MMZ7
RFUD,2025-07-11,MMZ7,,,,,4982972.0,,,136,3663.95,0.0,,,,0,MXI-12.27,MXI,MMZ7
RFUD,2025-07-14,MMZ7,3666.5,3607.05,3679.35,3660.4,5194770.0,584299.0,16.0,140,3710.55,0.0,3651.87,,1.0,14,MXI-12.27,MXI,MMZ7
RFUD,2025-07-15,MMZ7,3737.6,3737.6,3755.6,3755.6,5408064.0,149838.5,4.0,144,3755.6,0.0,3745.96,2.6,1.0,4,MXI-12.27,MXI,MMZ7
RFUD,2025-07-16,MMZ7,,,,,5454576.0,,,144,3787.9,0.0,,,,0,MXI-12.27,MXI,MMZ7
RFUD,2025-07-17,MMZ7,3768.95,3768.95,3768.95,3768.95,5424840.0,75379.0,2.0,144,3767.25,0.0,3768.95,,1.0,2,MXI-12.27,MXI,MMZ7
RFUD,2025-07-18,MMZ7,,,,,5456736.0,,,144,3789.4,0.0,,,,0,MXI-12.27,MXI,MMZ7
RFUD,2025-07-21,MMZ7,3758.15,3758.15,3758.15,3758.15,5441832.0,75163.0,2.0,144,3779.05,0.0,3758.15,,1.0,2,MXI-12.27,MXI,MMZ7
RFUD,2025-07-22,MMZ7,,,,,5489280.0,,,144,3812.0,0.0,,,,0,MXI-12.27,MXI,MMZ7
RFUD,2025-07-23,MMZ7,3800.2,3800.2,3800.2,3800.2,5472288.0,38002.0,1.0,144,3800.2,0.0,3800.2,,1.0,1,MXI-12.27,MXI,MMZ7
RFUD,2025-07-24,MMZ7,,,,,5461056.0,,,144,3792.4,0.0,,,,0,MXI-12.27,MXI,MMZ7
RFUD,2025-07-25,MMZ7,3792.6,3792.6,3792.6,3792.6,5484417.0,37926.0,1.0,146,3756.45,0.0,3792.6,,1.0,1,MXI-12.27,MXI,MMZ7
RFUD,2025-07-28,MMZ7,3720.65,3717.0,3724.5,3717.0,5352480.0,111621.5,3.0,144,3717.0,0.0,3720.72,-1.99,1.0,3,MXI-12.27,MXI,MMZ7
RFUD,2025-07-29,MMZ7,3731.55,3731.55,3749.8,3749.8,5699696.0,149556.5,4.0,152,3749.8,0.0,3738.91,0.88,1.0,4,MXI-12.27,MXI,MMZ7
RFUD,2025-07-30,MMZ7,,,,,5678264.0,,,152,3735.7,0.0,,,,0,MXI-12.27,MXI,MMZ7
RFUD,2025-07-31,MMZ7,,,,,5687916.0,,,152,3742.05,0.0,,,,0,MXI-12.27,MXI,MMZ7
RFUD,2025-08-01,MMZ7,3727.9,3724.05,3727.9,3724.05,5511594.0,74519.5,2.0,148,3724.05,0.0,3725.98,,1.0,2,MXI-12.27,MXI,MMZ7
RFUD,2025-08-04,MMZ7,,,,,5583448.0,,,148,3772.6,0.0,,,,0,MXI-12.27,MXI,MMZ7
RFUD,2025-08-05,MMZ7,,,,,5598692.0,,,148,3782.9,0.0,,,,0,MXI-12.27,MXI,MMZ7
RFUD,2025-08-06,MMZ7,,,,,5569388.0,,,148,3763.1,0.0,,,,0,MXI-12.27,MXI,MMZ7
RFUD,2025-08-07,MMZ7,3777.2,3777.2,3844.75,3844.75,5690230.0,152543.5,4.0,148,3844.75,0.0,3813.59,,1.0,4,MXI-12.27,MXI,MMZ7
RFUD,2025-08-08,MMZ7,3836.0,3836.0,3836.0,3836.0,6493788.0,383600.0,10.0,168,3865.35,0.0,3836.0,-0.23,5.0,2,MXI-12.27,MXI,MMZ7
RFUD,2025-08-11,MMZ7,3930.1,3915.8,3948.65,3915.8,6578544.0,117945.5,3.0,168,3915.8,0.0,3931.52,2.08,1.0,3,MXI-12.27,MXI,MMZ7
RFUD,2025-08-12,MMZ7,,,,,6621804.0,,,168,3941.55,0.0,,,,0,MXI-12.27,MXI,MMZ7
RFUD,2025-08-13,MMZ7,3900.15,3900.15,3932.4,3932.4,6606432.0,78325.5,2.0,168,3932.4,0.0,3916.28,,1.0,2,MXI-12.27,MXI,MMZ7
RFUD,2025-08-14,MMZ7,,,,,6621300.0,,,168,3941.25,0.0,,,,0,MXI-12.27,MXI,MMZ7
RFUD,2025-08-15,MMZ7,3949.6,3949.6,3949.95,3949.95,6793914.0,157991.0,4.0,172,3949.95,0.0,3949.78,,1.0,4,MXI-12.27,MXI,MMZ7
RFUD,2025-08-18,MMZ7,3906.35,3906.35,3924.4,3924.4,6906944.0,117426.5,3.0,176,3924.4,0.0,3914.22,-0.65,1.0,3,MXI-12.27,MXI,MMZ7
RFUD,2025-08-19,MMZ7,3961.15,3940.6,3961.15,3940.6,6935456.0,118629.0,3.0,176,3940.6,0.0,3954.3,0.41,1.0,3,MXI-12.27,MXI,MMZ7
RFUD,2025-08-20,MMZ7,3905.0,3905.0,3905.0,3905.0,6872800.0,39050.0,1.0,176,3905.0,0.0,3905.0,-0.9,1.0,1,MXI-12.27,MXI,MMZ7
RFUD,2025-08-21,MMZ7,3890.0,3890.0,3890.0,3890.0,6804512.0,77800.0,2.0,176,3866.2,0.0,3890.0,-0.38,1.0,2,MXI-12.27,MXI,MMZ7
RFUD,2025-08-22,MMZ7,3873.8,3850.7,3877.25,3877.25,6823960.0,193403.0,5.0,176,3877.25,0.0,3868.06,-0.33,1.0,5,MXI-12.27,MXI,MMZ7
RFUD,2025-08-25,MMZ7,,,,,6807328.0,,,176,3867.8,0.0,,,,0,MXI-12.27,MXI,MMZ7
RFUD,2025-08-26,MMZ7,,,,,6813664.0,,,176,3871.4,0.0,,,,0,MXI-12.27,MXI,MMZ7
RFUD,2025-08-27,MMZ7,,,,,6860392.0,,,176,3897.95,0.0,,,,0,MXI-12.27,MXI,MMZ7
RFUD,2025-08-28,MMZ7,3883.75,3883.75,3883.75,3883.75,6835400.0,38837.5,1.0,176,3883.75,0.0,3883.75,,1.0,1,MXI-12.27,MXI,MMZ7
RFUD,2025-08-29,MMZ7,3883.75,3859.6,3883.75,3868.5,7118040.0,193553.0,5.0,184,3868.5,0.0,3871.06,-0.39,1.0,5,MXI-12.27,MXI,MMZ7
RFUD,2025-09-01,MMZ7,,,,,7110312.0,,,184,3864.3,0.0,,,,0,MXI-12.27,MXI,MMZ7
RFUD,2025-09-02,MMZ7,,,,,7074616.0,,,184,3844.9,0.0,,,,0,MXI-12.27,MXI,MMZ7
RFUD,2025-09-03,MMZ7,3838.0,3838.0,3855.15,3855.15,7170579.0,76931.5,2.0,186,3855.15,0.0,3846.58,,1.0,2,MXI-12.27,MXI,MMZ7
RFUD,2025-09-04,MMZ7,3873.05,3873.05,3873.05,3873.05,7276634.0,38730.5,1.0,188,3870.55,0.0,3873.05,0.46,1.0,1,MXI-12.27,MXI,MMZ7
RFUD,2025-09-05,MMZ7,,,,,7331624.0,,,188,3899.8,0.0,,,,0,MXI-12.27,MXI,MMZ7
RFUD,2025-09-08,MMZ7,3876.75,3876.75,3876.75,3876.75,7297126.0,38767.5,1.0,188,3881.45,0.0,3876.75,,1.0,1,MXI-12.27,MXI,MMZ7
RFUD,2025-09-09,MMZ7,3885.55,3885.55,3885.55,3885.55,7227123.0,38855.5,1.0,186,3885.55,0.0,3885.55,0.23,1.0,1,MXI-12.27,MXI,MMZ7
RFUD,2025-09-10,MMZ7,3883.8,3883.8,3883.8,3883.8,7146192.0,38838.0,1.0,184,3883.8,0.0,3883.8,-0.04,1.0,1,MXI-12.27,MXI,MMZ7
RFUD,2025-09-11,MMZ7,3883.95,3866.75,3883.95,3866.75,6960150.0,154842.0,4.0,180,3866.75,0.0,3871.05,-0.44,1.0,4,MXI-12.27,MXI,MMZ7
RFUD,2025-09-12,MMZ7,3897.05,3727.5,3946.3,3805.0,6849000.0,346028.5,9.0,180,3805.0,0.0,3844.76,-1.6,1.0,9,MXI-12.27,MXI,MMZ7
RFUD,2025-09-15,MMZ7,3807.9,3751.0,3814.25,3751.0,7169460.0,303869.0,8.0,190,3773.4,0.0,3798.36,-1.42,1.0,8,MXI-12.27,MXI,MMZ7
RFUD,2025-09-16,MMZ7,3819.2,3819.2,3827.05,3827.05,7380536.0,114654.5,3.0,194,3804.4,0.0,3821.82,2.03,1.0,3,MXI-12.27,MXI,MMZ7
RFUD,2025-09-17,MMZ7,3775.85,3758.75,3777.0,3758.75,7216800.0,188572.5,5.0,192,3758.75,0.0,3771.45,-1.79,1.0,5,MXI-12.27,MXI,MMZ7
RFUD,2025-09-18,MMZ7,3755.0,3755.0,3777.3,3777.3,7327962.0,75323.0,2.0,194,3777.3,0.0,3766.15,0.49,1.0,2,MXI-12.27,MXI,MMZ7
RFUD,2025-09-19,MMZ7,3750.0,3740.9,3776.35,3776.35,7275582.0,150127.0,4.0,194,3750.3,0.0,3753.18,-0.03,1.0,4,MXI-12.27,MXI,MMZ7
RFUD,2025-09-22,MMZ7,3725.15,3701.0,3740.0,3718.0,7238237.0,260361.5,7.0,194,3731.05,0.0,3719.45,-1.54,1.0,7,MXI-12.27,MXI,MMZ7
RFUD,2025-09-23,MMZ7,,,,,7235230.0,,,194,3729.5,0.0,,,,0,MXI-12.27,MXI,MMZ7
RFUD,2025-09-24,MMZ7,3704.0,3671.0,3716.5,3716.5,6764030.0,441947.5,12.0,182,3716.5,0.0,3682.9,,1.0,6,MXI-12.27,MXI,MMZ7
RFUD,2025-09-25,MMZ7,3725.0,3707.8,3730.0,3730.0,6455400.0,335092.5,9.0,174,3710.0,0.0,3723.25,0.36,1.0,9,MXI-12.27,MXI,MMZ7
RFUD,2025-09-26,MMZ7,3700.0,3681.85,3720.0,3720.0,6398400.0,296268.5,8.0,172,3720.0,0.0,3703.36,-0.27,1.0,8,MXI-12.27,MXI,MMZ7
RFUD,2025-09-29,MMZ7,3741.85,3741.85,3742.1,3742.1,6370450.0,74839.5,2.0,172,3703.75,0.0,3741.98,0.59,1.0,2,MXI-12.27,MXI,MMZ7
RFUD,2025-09-30,MMZ7,,,,,6352562.0,,,172,3693.35,0.0,,,,0,MXI-12.27,MXI,MMZ7
RFUD,2025-10-01,MMZ7,3659.4,3615.0,3669.9,3669.9,6361788.0,109443.0,3.0,174,3656.2,0.0,3648.1,,1.0,3,MXI-12.27,MXI,MMZ7
RFUD,2025-10-02,MMZ7,3643.3,3643.3,3673.0,3673.0,6684860.0,256153.5,7.0,182,3673.0,0.0,3659.34,0.08,1.0,7,MXI-12.27,MXI,MMZ7
RFUD,2025-10-03,MMZ7,3666.0,3664.7,3684.1,3684.1,6556185.0,294142.0,8.0,178,3683.25,0.0,3676.78,0.3,1.0,8,MXI-12.27,MXI,MMZ7
RFUD,2025-10-06,MMZ7,3649.75,3620.55,3732.35,3732.35,6568936.0,368439.5,10.0,176,3732.35,0.0,3684.4,1.31,2.0,9,MXI-12.27,MXI,MMZ7
RFUD,2025-10-07,MMZ7,3727.65,3727.65,3727.65,3727.65,6486111.0,37276.5,1.0,174,3727.65,0.0,3727.65,-0.13,1.0,1,MXI-12.27,MXI,MMZ7
RFUD,2025-10-08,MMZ7,3733.5,3601.1,3733.5,3601.1,6122040.0,625084.0,17.0,170,3601.2,0.0,3676.96,-3.4,1.0,14,MXI-12.27,MXI,MMZ7
RFUD,2025-10-09,MMZ7,3568.5,3568.5,3568.5,3568.5,6166860.0,35685.0,1.0,168,3670.75,0.0,3568.5,-0.91,1.0,1,MXI-12.27,MXI,MMZ7
RFUD,2025-10-10,MMZ7,3677.0,3677.0,3677.0,3677.0,6184430.0,73540.0,2.0,170,3637.9,0.0,3677.0,3.04,1.0,2,MXI-12.27,MXI,MMZ7
RFUD,2025-10-13,MMZ7,,,,,6167175.0,,,170,3627.75,0.0,,,,0,MXI-12.27,MXI,MMZ7
RFUD,2025-10-14,MMZ7,3591.4,3591.4,3591.4,3591.4,6177208.0,35914.0,1.0,172,3591.4,0.0,3591.4,,1.0,1,MXI-12.27,MXI,MMZ7
RFUD,2025-10-15,MMZ7,3563.35,3561.0,3605.0,3590.0,6174800.0,143193.5,4.0,172,3590.0,0.0,3579.84,-0.04,1.0,4,MXI-12.27,MXI,MMZ7
RFUD,2025-10-16,MMZ7,3590.0,3517.0,3751.8,3666.25,6302166.0,1206090.5,33.0,172,3664.05,0.0,3654.82,2.12,1.0,25,MXI-12.27,MXI,MMZ7
RFUD,2025-10-17,MMZ7,3665.0,3665.0,3755.0,3755.0,6383500.0,148915.5,4.0,170,3755.0,0.0,3722.89,2.42,1.0,4,MXI-12.27,MXI,MMZ7
RFUD,2025-10-20,MMZ7,3786.0,3786.0,3798.0,3798.0,6456600.0,113733.0,3.0,170,3798.0,0.0,3791.1,1.15,1.0,3,MXI-12.27,MXI,MMZ7
RFUD,2025-10-21,MMZ7,3728.5,3728.5,3728.5,3728.5,6258890.0,37285.0,1.0,170,3681.7,0.0,3728.5,-1.83,1.0,1,MXI-12.27,MXI,MMZ7
RFUD,2025-10-22,MMZ7,3679.35,3679.35,3684.7,3684.7,6263990.0,73640.5,2.0,170,3684.7,0.0,3682.03,-1.18,1.0,2,MXI-12.27,MXI,MMZ7
RFUD,2025-10-23,MMZ7,3618.0,3602.2,3618.0,3605.45,6129265.0,180320.5,5.0,170,3605.45,0.0,3606.41,-2.15,1.0,5,MXI-12.27,MXI,MMZ7
RFUD,2025-10-24,MMZ7,3601.0,3580.0,3601.0,3580.0,6086000.0,107810.0,3.0,170,3580.0,0.0,3593.67,-0.71,1.0,3,MXI-12.27,MXI,MMZ7
RFUD,2025-10-27,MMZ7,3520.3,3509.85,3520.3,3509.85,6315750.0,492606.0,14.0,180,3508.75,0.0,3518.61,-1.96,1.0,10,MXI-12.27,MXI,MMZ7
RFUD,2025-10-28,MMZ7,3502.55,3502.55,3529.55,3529.55,6632358.0,245845.5,7.0,188,3527.85,0.0,3512.08,0.56,1.0,6,MXI-12.27,MXI,MMZ7
RFUD,2025-10-29,MMZ7,3529.35,3529.35,3530.4,3530.4,6566544.0,70597.5,2.0,186,3530.4,0.0,3529.88,0.02,1.0,2,MXI-12.27,MXI,MMZ7
RFUD,2025-10-30,MMZ7,3540.4,3536.65,3560.4,3560.4,6693552.0,141778.5,4.0,188,3560.4,0.0,3544.46,0.85,1.0,4,MXI-12.27,MXI,MMZ7
RFUD,2025-10-31,MMZ7,3555.55,3527.05,3555.55,3527.05,6630854.0,106381.5,3.0,188,3527.05,0.0,3546.05,-0.94,1.0,3,MXI-12.27,MXI,MMZ7
RFUD,2025-11-01,MMZ7,,,,,6616378.0,,,188,3519.35,0.0,,,,0,MXI-12.27,MXI,MMZ7
RFUD,2025-11-03,MMZ7,,,,,6708216.0,,,188,3568.2,0.0,,,,0,MXI-12.27,MXI,MMZ7
RFUD,2025-11-05,MMZ7,,,,,6633110.0,,,188,3528.25,0.0,,,,0,MXI-12.27,MXI,MMZ7
RFUD,2025-11-06,MMZ7,3554.7,3554.7,3554.7,3554.7,6816000.0,71094.0,2.0,192,3550.0,0.0,3554.7,,2.0,1,MXI-12.27,MXI,MMZ7
RFUD,2025-11-07,MMZ7,,,,,6823488.0,,,192,3553.9,0.0,,,,0,MXI-12.27,MXI,MMZ7
RFUD,2025-11-10,MMZ7,3580.4,3580.4,3580.4,3580.4,6900192.0,71608.0,2.0,194,3556.8,0.0,3580.4,,1.0,2,MXI-12.27,MXI,MMZ7
RFUD,2025-11-11,MMZ7,,,,,6919883.0,,,194,3566.95,0.0,,,,0,MXI-12.27,MXI,MMZ7
RFUD,2025-11-12,MMZ7,3531.15,3413.4,3531.15,3413.4,10035396.0,2856537.0,82.0,294,3413.4,0.0,3483.58,,2.0,54,MXI-12.27,MXI,MMZ7
RFUD,2025-11-13,MMZ7,3414.0,3406.0,3433.5,3433.5,10081995.0,136870.0,4.0,294,3429.25,0.0,3421.75,0.59,1.0,4,MXI-12.27,MXI,MMZ7
RFUD,2025-11-14,MMZ7,3434.25,3382.5,3434.25,3386.0,10090280.0,238730.0,7.0,298,3386.0,0.0,3410.43,-1.38,1.0,5,MXI-12.27,MXI,MMZ7
RFUD,2025-11-17,MMZ7,3404.8,3367.65,3404.8,3367.65,10507068.0,372299.5,11.0,312,3367.65,0.0,3384.54,-0.54,1.0,10,MXI-12.27,MXI,MMZ7
RFUD,2025-11-18,MMZ7,3391.15,3390.6,3437.95,3425.0,10609984.0,205076.0,6.0,308,3444.8,0.0,3417.93,1.7,1.0,6,MXI-12.27,MXI,MMZ7
RFUD,2025-11-19,MMZ7,3368.9,3368.9,3497.75,3497.75,10843025.0,206823.5,6.0,310,3497.75,0.0,3447.06,2.12,1.0,5,MXI-12.27,MXI,MMZ7
RFUD,2025-11-20,MMZ7,3510.8,3465.2,3510.8,3485.75,10851516.0,104617.5,3.0,312,3478.05,0.0,3487.25,-0.34,1.0,3,MXI-12.27,MXI,MMZ7
RFUD,2025-11-21,MMZ7,3456.2,3456.2,3542.35,3498.55,10949400.0,383473.0,11.0,316,3465.0,0.0,3486.12,0.37,1.0,11,MXI-12.27,MXI,MMZ7
RFUD,2025-11-24,MMZ7,3499.15,3499.15,3499.15,3499.15,10956510.0,34991.5,1.0,316,3467.25,0.0,3499.15,0.02,1.0,1,MXI-12.27,MXI,MMZ7
RFUD,2025-11-25,MMZ7,,,,,10996168.0,,,316,3479.8,0.0,,,,0,MXI-12.27,MXI,MMZ7
RFUD,2025-11-26,MMZ7,,,,,11005648.0,,,316,3482.8,0.0,,,,0,MXI-12.27,MXI,MMZ7
RFUD,2025-11-27,MMZ7,3370.7,3370.7,3479.15,3479.15,10774494.0,68498.5,2.0,316,3409.65,0.0,3424.93,,1.0,2,MXI-12.27,MXI,MMZ7
RFUD,2025-11-28,MMZ7,3477.0,3417.05,3477.0,3421.15,10500798.0,137363.5,4.0,308,3409.35,0.0,3434.09,-1.67,1.0,4,MXI-12.27,MXI,MMZ7
RFUD,2025-12-01,MMZ7,3430.7,3429.2,3430.7,3429.2,10576412.0,240134.0,7.0,308,3433.9,0.0,3430.49,0.24,1.0,7,MXI-12.27,MXI,MMZ7
RFUD,2025-12-02,MMZ7,3402.2,3402.2,3410.35,3410.1,10496178.0,136248.5,4.0,308,3407.85,0.0,3406.21,-0.56,1.0,4,MXI-12.27,MXI,MMZ7
RFUD,2025-12-03,MMZ7,3467.5,3467.5,3467.5,3467.5,10807042.0,138700.0,4.0,316,3419.95,0.0,3467.5,1.68,4.0,1,MXI-12.27,MXI,MMZ7
RFUD,2025-12-04,MMZ7,3350.75,3350.75,3425.9,3425.9,10375814.0,407808.5,12.0,302,3435.7,0.0,3398.4,-1.2,1.0,7,MXI-12.27,MXI,MMZ7
RFUD,2025-12-05,MMZ7,3420.0,3420.0,3420.0,3420.0,10584647.0,34200.0,1.0,302,3504.85,0.0,3420.0,-0.17,1.0,1,MXI-12.27,MXI,MMZ7
RFUD,2025-12-08,MMZ7,3513.9,3437.7,3513.9,3437.7,10520892.0,313809.5,9.0,306,3438.2,0.0,3486.77,0.52,1.0,8,MXI-12.27,MXI,MMZ7
RFUD,2025-12-09,MMZ7,3550.0,3416.35,3550.0,3416.35,10664808.0,69663.5,2.0,308,3462.6,0.0,3483.18,-0.62,1.0,2,MXI-12.27,MXI,MMZ7
RFUD,2025-12-10,MMZ7,3550.0,3461.55,3550.0,3468.1,10600024.0,139412.0,4.0,304,3486.85,0.0,3485.3,1.52,1.0,4,MXI-12.27,MXI,MMZ7
RFUD,2025-12-11,MMZ7,3536.55,3536.55,3536.55,3536.55,10638705.0,35365.5,1.0,302,3522.75,0.0,3536.55,1.97,1.0,1,MXI-12.27,MXI,MMZ7
RFUD,2025-12-12,MMZ7,3537.65,3455.95,3537.65,3475.4,10148168.0,665893.5,19.0,292,3475.4,0.0,3504.7,-1.73,1.0,11,MXI-12.27,MXI,MMZ7
RFUD,2025-12-15,MMZ7,3480.0,3479.9,3500.0,3500.0,10010000.0,209510.5,6.0,286,3500.0,0.0,3491.84,0.71,1.0,6,MXI-12.27,MXI,MMZ7
RFUD,2025-12-16,MMZ7,3518.1,3490.0,3525.0,3500.0,11130000.0,840189.0,24.0,318,3500.0,0.0,3500.79,0.0,1.0,15,MXI-12.27,MXI,MMZ7
RFUD,2025-12-17,MMZ7,3461.7,3390.35,3472.35,3423.45,12343240.0,1031237.0,30.0,364,3391.0,0.0,3437.46,-2.19,1.0,22,MXI-12.27,MXI,MMZ7
RFUD,2025-12-18,MMZ7,3392.7,3390.0,3393.0,3390.0,12339600.0,203501.0,6.0,364,3390.0,0.0,3391.68,-0.98,2.0,5,MXI-12.27,MXI,MMZ7
RFUD,2025-12-19,MMZ7,3476.55,3360.0,3476.55,3360.0,12388904.0,374743.0,11.0,368,3366.55,0.0,3406.75,-0.89,1.0,10,MXI-12.27,MXI,MMZ7
RFUD,2025-12-22,MMZ7,3374.45,3360.0,3414.25,3360.0,13507200.0,2069385.5,61.0,402,3360.0,0.0,3392.44,0.0,2.0,28,MXI-12.27,MXI,MMZ7
RFUD,2025-12-23,MMZ7,3355.0,3305.7,3355.0,3305.7,15338448.0,1133355.0,34.0,464,3305.7,0.0,3333.4,-1.62,1.0,24,MXI-12.27,MXI,MMZ7
RFUD,2025-12-24,MMZ7,3302.7,3269.1,3302.7,3269.1,16280118.0,853377.0,26.0,498,3269.1,0.0,3282.22,-1.11,1.0,13,MXI-12.27,MXI,MMZ7
RFUD,2025-12-25,MMZ7,3318.65,3142.55,3320.0,3245.3,17650624.0,1850221.5,57.0,544,3244.6,0.0,3246.0,-0.73,1.0,41,MXI-12.27,MXI,MMZ7
RFUD,2025-12-26,MMZ7,3260.05,3254.0,3260.05,3254.0,17897000.0,130220.5,4.0,550,3254.0,0.0,3255.51,0.27,1.0,3,MXI-12.27,MXI,MMZ7
RFUD,2025-12-29,MMZ7,3250.95,3250.95,3347.7,3260.0,17550000.0,1148502.5,35.0,540,3250.0,0.0,3281.44,0.18,1.0,22,MXI-12.27,MXI,MMZ7
RFUD,2025-12-30,MMZ7,3228.0,3226.3,3286.0,3264.0,17967495.0,717173.0,22.0,546,3290.75,0.0,3259.88,0.12,1.0,15,MXI-12.27,MXI,MMZ7
RFUD,2026-01-05,MMZ7,,,,,17851743.0,,,546,3269.55,0.0,,,,0,MXI-12.27,MXI,MMZ7
RFUD,2026-01-06,MMZ7,,,,,17825535.0,,,546,3264.75,0.0,,,,0,MXI-12.27,MXI,MMZ7
RFUD,2026-01-08,MMZ7,3256.0,3235.95,3269.15,3258.0,17353268.0,358412.5,11.0,536,3237.55,0.0,3258.3,,1.0,8,MXI-12.27,MXI,MMZ7
RFUD,2026-01-09,MMZ7,3216.5,3216.45,3216.8,3216.45,17381166.0,96497.5,3.0,534,3254.9,0.0,3216.58,-1.27,1.0,3,MXI-12.27,MXI,MMZ7
RFUD,2026-01-12,MMZ7,3281.3,3240.0,3281.3,3240.0,17431200.0,97646.5,3.0,538,3240.0,0.0,3254.88,0.73,1.0,3,MXI-12.27,MXI,MMZ7
RFUD,2026-01-13,MMZ7,,,,,17418019.0,,,538,3237.55,0.0,,,,0,MXI-12.27,MXI,MMZ7
RFUD,2026-01-14,MMZ7,3237.55,3192.45,3239.0,3192.45,17034640.0,193816.5,6.0,532,3202.0,0.0,3230.28,,1.0,6,MXI-12.27,MXI,MMZ7
RFUD,2026-01-15,MMZ7,3237.65,3231.3,3237.65,3233.05,17005843.0,291061.0,9.0,526,3233.05,0.0,3234.01,1.27,1.0,6,MXI-12.27,MXI,MMZ7
RFUD,2026-01-16,MMZ7,3235.6,3235.6,3253.05,3238.0,17355680.0,323847.0,10.0,536,3238.0,0.0,3238.47,0.15,1.0,10,MXI-12.27,MXI,MMZ7
RFUD,2026-01-19,MMZ7,3238.0,3238.0,3283.55,3270.15,17528004.0,326628.5,10.0,536,3270.15,0.0,3266.29,0.99,1.0,7,MXI-12.27,MXI,MMZ7
RFUD,2026-01-20,MMZ7,3267.9,3267.05,3267.95,3267.95,17254776.0,130699.5,4.0,528,3267.95,0.0,3267.49,-0.07,1.0,3,MXI-12.27,MXI,MMZ7
RFUD,2026-01-21,MMZ7,3256.0,3256.0,3285.3,3268.0,17189680.0,196479.0,6.0,526,3268.0,0.0,3274.65,0.0,1.0,5,MXI-12.27,MXI,MMZ7
RFUD,2026-01-22,MMZ7,3286.0,3286.0,3325.05,3297.8,16950692.0,662678.5,20.0,514,3297.8,0.0,3313.39,0.91,1.0,16,MXI-12.27,MXI,MMZ7
RFUD,2026-01-23,MMZ7,3323.95,3316.0,3323.95,3320.2,16667404.0,398689.5,12.0,502,3320.2,0.0,3322.41,0.68,1.0,7,MXI-12.27,MXI,MMZ7
RFUD,2026-01-26,MMZ7,3311.65,3275.4,3317.95,3275.4,16311492.0,165345.5,5.0,498,3275.4,0.0,3306.91,-1.35,1.0,4,MXI-12.27,MXI,MMZ7
RFUD,2026-01-27,MMZ7,3408.9,3275.05,3408.9,3295.05,16612284.0,263749.0,8.0,498,3335.8,0.0,3296.86,0.6,1.0,8,MXI-12.27,MXI,MMZ7
RFUD,2026-01-28,MMZ7,3394.7,3365.65,3394.7,3365.65,16760937.0,134916.5,4.0,498,3365.65,0.0,3372.91,2.14,1.0,3,MXI-12.27,MXI,MMZ7
RFUD,2026-01-29,MMZ7,3303.7,3303.7,3386.4,3386.4,16662620.0,662020.0,20.0,494,3373.0,0.0,3310.1,0.62,1.0,14,MXI-12.27,MXI,MMZ7
RFUD,2026-01-30,MMZ7,,,,,16545542.0,,,494,3349.3,0.0,,,,0,MXI-12.27,MXI,MMZ7
RFUD,2026-02-02,MMZ7,3249.85,3225.0,3276.65,3271.7,16393440.0,453435.5,14.0,492,3332.0,0.0,3238.83,,1.0,11,MXI-12.27,MXI,MMZ7
RFUD,2026-02-03,MMZ7,3229.35,3208.45,3490.3,3208.45,16506354.0,196118.0,6.0,492,3354.95,0.0,3268.63,-1.93,1.0,5,MXI-12.27,MXI,MMZ7
RFUD,2026-02-04,MMZ7,3307.95,3296.55,3307.95,3296.55,16549404.0,66045.0,2.0,492,3363.7,0.0,3302.25,2.75,1.0,2,MXI-12.27,MXI,MMZ7
RFUD,2026-02-05,MMZ7,3300.0,3242.2,3300.0,3244.85,15964662.0,162772.5,5.0,492,3244.85,0.0,3255.45,-1.57,1.0,5,MXI-12.27,MXI,MMZ7
RFUD,2026-02-06,MMZ7,3229.0,3229.0,3229.0,3229.0,16225176.0,581220.0,18.0,492,3297.8,0.0,3229.0,-0.49,14.0,3,MXI-12.27,MXI,MMZ7
RFUD,2026-02-09,MMZ7,3217.3,3167.7,3224.85,3167.7,15917958.0,415851.5,13.0,486,3275.3,0.0,3198.86,-1.9,1.0,12,MXI-12.27,MXI,MMZ7
RFUD,2026-02-10,MMZ7,3240.0,3217.65,3240.0,3217.65,15637779.0,96976.5,3.0,486,3217.65,0.0,3232.55,1.58,1.0,3,MXI-12.27,MXI,MMZ7
RFUD,2026-02-11,MMZ7,3201.0,3201.0,3222.7,3222.7,16116003.0,64237.0,2.0,486,3316.05,0.0,3211.85,0.16,1.0,2,MXI-12.27,MXI,MMZ7
RFUD,2026-02-12,MMZ7,,,,,16071291.0,,,486,3306.85,0.0,,,,0,MXI-12.27,MXI,MMZ7
RFUD,2026-02-13,MMZ7,3387.05,3167.0,3387.05,3357.4,16163874.0,394162.5,12.0,486,3325.9,0.0,3284.69,,2.0,9,MXI-12.27,MXI,MMZ7
RFUD,2026-02-16,MMZ7,3189.85,3189.85,3324.8,3324.8,16142733.0,65146.5,2.0,486,3321.55,0.0,3257.33,-0.97,1.0,2,MXI-12.27,MXI,MMZ7
RFUD,2026-02-17,MMZ7,3262.0,3186.85,3262.0,3186.85,15845434.0,97066.5,3.0,484,3273.85,0.0,3235.55,-4.15,1.0,3,MXI-12.27,MXI,MMZ7
RFUD,2026-02-18,MMZ7,,,,,15827526.0,,,484,3270.15,0.0,,,,0,MXI-12.27,MXI,MMZ7
RFUD,2026-02-19,MMZ7,,,,,15765816.0,,,484,3257.4,0.0,,,,0,MXI-12.27,MXI,MMZ7
RFUD,2026-02-20,MMZ7,,,,,15835996.0,,,484,3271.9,0.0,,,,0,MXI-12.27,MXI,MMZ7
RFUD,2026-02-24,MMZ7,3202.7,3202.7,3289.55,3289.55,15897464.0,162819.5,5.0,484,3284.6,0.0,3256.39,,2.0,4,MXI-12.27,MXI,MMZ7
RFUD,2026-02-25,MMZ7,3288.45,3182.35,3288.45,3182.35,15681600.0,130477.0,4.0,484,3240.0,0.0,3261.93,-3.26,1.0,3,MXI-12.27,MXI,MMZ7
RFUD,2026-02-26,MMZ7,3186.85,3186.85,3186.85,3186.85,15747666.0,95605.5,3.0,484,3253.65,0.0,3186.85,0.14,2.0,2,MXI-12.27,MXI,MMZ7
RFUD,2026-02-27,MMZ7,,,,,15840352.0,,,484,3272.8,0.0,,,,0,MXI-12.27,MXI,MMZ7
RFUD,2026-03-02,MMZ7,3271.55,3271.55,3350.0,3350.0,16226350.0,634080.5,19.0,490,3311.5,0.0,3337.27,,2.0,12,MXI-12.27,MXI,MMZ7
RFUD,2026-03-03,MMZ7,3347.15,3347.15,3347.15,3347.15,16156280.0,33471.5,1.0,490,3297.2,0.0,3347.15,-0.08,1.0,1,MXI-12.27,MXI,MMZ7
RFUD,2026-03-04,MMZ7,,,,,16085965.0,,,490,3282.85,0.0,,,,0,MXI-12.27,MXI,MMZ7
RFUD,2026-03-05,MMZ7,3300.0,3300.0,3300.0,3300.0,16129620.0,33000.0,1.0,488,3305.25,0.0,3300.0,,1.0,1,MXI-12.27,MXI,MMZ7
RFUD,2026-03-06,MMZ7,,,,,16211116.0,,,488,3321.95,0.0,,,,0,MXI-12.27,MXI,MMZ7
RFUD,2026-03-09,MMZ7,3294.5,3247.15,3294.5,3277.0,15991272.0,1016789.0,31.0,488,3276.9,0.0,3279.96,,1.0,24,MXI-12.27,MXI,MMZ7
RFUD,2026-03-10,MMZ7,3265.0,3250.0,3265.0,3250.0,15860000.0,130350.5,4.0,488,3250.0,0.0,3258.76,-0.82,1.0,4,MXI-12.27,MXI,MMZ7
RFUD,2026-03-11,MMZ7,3289.15,3239.7,3289.15,3242.9,15965100.0,227370.0,7.0,486,3285.0,0.0,3248.14,-0.22,1.0,6,MXI-12.27,MXI,MMZ7
RFUD,2026-03-12,MMZ7,3299.8,3299.8,3299.8,3299.8,16013943.0,32998.0,1.0,486,3295.05,0.0,3299.8,1.75,1.0,1,MXI-12.27,MXI,MMZ7
RFUD,2026-03-13,MMZ7,3254.95,3254.7,3254.95,3254.7,15817842.0,65096.5,2.0,486,3254.7,0.0,3254.83,-1.37,1.0,2,MXI-12.27,MXI,MMZ7
RFUD,2026-03-16,MMZ7,3255.0,3255.0,3293.65,3293.65,16004223.0,65486.5,2.0,486,3293.05,0.0,3274.33,1.2,1.0,2,MXI-12.27,MXI,MMZ7
RFUD,2026-03-17,MMZ7,3294.05,3228.05,3294.05,3290.65,15992559.0,291820.0,9.0,486,3290.65,0.0,3242.44,-0.09,1.0,5,MXI-12.27,MXI,MMZ7
RFUD,2026-03-18,MMZ7,3214.0,3213.7,3289.15,3289.15,15930108.0,195088.5,6.0,486,3277.8,0.0,3251.48,-0.05,1.0,5,MXI-12.27,MXI,MMZ7
RFUD,2026-03-19,MMZ7,3260.0,3260.0,3260.0,3260.0,15820758.0,32600.0,1.0,486,3255.3,0.0,3260.0,-0.89,1.0,1,MXI-12.27,MXI,MMZ7
RFUD,2026-03-20,MMZ7,3284.0,3284.0,3284.0,3284.0,15721857.0,32840.0,1.0,486,3234.95,0.0,3284.0,0.74,1.0,1,MXI-12.27,MXI,MMZ7
RFUD,2026-03-23,MMZ7,3211.95,3174.45,3211.95,3179.35,15642402.0,159848.5,5.0,492,3179.35,0.0,3196.97,-3.19,1.0,5,MXI-12.27,MXI,MMZ7
RFUD,2026-03-24,MMZ7,3183.35,3173.75,3183.35,3183.35,15725749.0,95404.5,3.0,494,3183.35,0.0,3180.15,0.13,1.0,3,MXI-12.27,MXI,MMZ7
RFUD,2026-03-25,MMZ7,3180.0,3166.75,3180.0,3166.75,15643745.0,221937.5,7.0,494,3166.75,0.0,3170.54,-0.52,1.0,6,MXI-12.27,MXI,MMZ7
RFUD,2026-03-26,MMZ7,3138.7,3101.85,3140.0,3113.5,15637200.0,250024.0,8.0,498,3140.0,0.0,3125.3,-1.68,1.0,8,MXI-12.27,MXI,MMZ7
RFUD,2026-03-27,MMZ7,3112.0,3112.0,3112.0,3112.0,15497760.0,62240.0,2.0,498,3112.0,0.0,3112.0,-0.05,1.0,2,MXI-12.27,MXI,MMZ7
RFUD,2026-03-30,MMZ7,3096.9,3019.05,3269.8,3130.45,16258794.0,1179060.5,37.0,508,3200.55,0.0,3186.65,0.59,6.0,23,MXI-12.27,MXI,MMZ7
RFUD,2026-03-31,MMZ7,3172.4,3039.1,3172.4,3134.55,15735441.0,651538.5,21.0,502,3134.55,0.0,3102.56,0.13,1.0,11,MXI-12.27,MXI,MMZ7
RFUD,2026-04-01,MMZ7,3091.95,3091.95,3091.95,3091.95,15362165.0,309195.0,10.0,494,3109.75,0.0,3091.95,-1.36,4.0,3,MXI-12.27,MXI,MMZ7
RFUD,2026-04-02,MMZ7,3138.85,3138.85,3151.85,3151.85,15523456.0,315055.0,10.0,494,3142.4,0.0,3150.55,1.94,9.0,2,MXI-12.27,MXI,MMZ7
RFUD,2026-04-03,MMZ7,0.0,0.0,0.0,0.0,15557542.0,0.0,0.0,494,3149.3,0.0,0.0,0.0,0.0,0,MXI-12.27,MXI,MMZ7
RFUD,2026-04-06,MMZ7,3143.25,3143.25,3143.25,3143.25,15653385.0,220027.5,7.0,498,3143.25,0.0,3143.25,0.0,4.0,3,MXI-12.27,MXI,MMZ7
RFUD,2026-04-07,MMZ7,3112.45,3112.45,3166.0,3144.0,15694380.0,691289.5,22.0,494,3177.0,0.0,3142.23,0.02,1.0,8,MXI-12.27,MXI,MMZ7
RFUD,2026-04-08,MMZ7,3102.95,3102.95,3102.95,3102.95,15390632.0,31029.5,1.0,496,3102.95,0.0,3102.95,-1.31,1.0,1,MXI-12.27,MXI,MMZ7
RFUD,2026-04-09,MMZ7,3118.4,3118.4,3118.4,3118.4,15353184.0,31184.0,1.0,496,3095.4,0.0,3118.4,0.5,1.0,1,MXI-12.27,MXI,MMZ7
RFUD,2026-04-10,MMZ7,3101.9,3085.0,3101.9,3085.0,15323386.0,61869.0,2.0,494,3101.9,0.0,3093.45,-1.07,1.0,2,MXI-12.27,MXI,MMZ7
RFUD,2026-04-13,MMZ7,3094.4,3084.4,3100.0,3084.4,15298624.0,92788.0,3.0,496,3084.4,0.0,3092.93,-0.02,1.0,3,MXI-12.27,MXI,MMZ7
RFUD,2026-04-14,MMZ7,3111.7,3111.7,3160.85,3160.85,15434032.0,94009.0,3.0,496,3111.7,0.0,3133.63,2.48,1.0,3,MXI-12.27,MXI,MMZ7
RFUD,2026-04-15,MMZ7,0.0,0.0,0.0,0.0,15610608.0,0.0,0.0,496,3147.3,0.0,0.0,0.0,0.0,0,MXI-12.27,MXI,MMZ7
RFUD,2026-04-16,MMZ7,0.0,0.0,0.0,0.0,15598456.0,0.0,0.0,496,3144.85,0.0,0.0,0.0,0.0,0,MXI-12.27,MXI,MMZ7
RFUD,2026-04-17,MMZ7,3127.0,3112.6,3147.05,3112.6,15500496.0,125117.5,4.0,496,3125.1,0.0,3127.94,0.0,1.0,4,MXI-12.27,MXI,MMZ7
RFUD,2026-04-20,MMZ7,3116.3,3105.7,3147.5,3147.5,15611848.0,125170.0,4.0,496,3147.55,0.0,3129.25,1.12,1.0,4,MXI-12.27,MXI,MMZ7
RFUD,2026-04-21,MMZ7,3147.55,3147.55,3147.55,3147.55,15674799.0,31475.5,1.0,498,3147.55,0.0,3147.55,0.0,1.0,1,MXI-12.27,MXI,MMZ7
RFUD,2026-04-22,MMZ7,0.0,0.0,0.0,0.0,15789339.0,0.0,0.0,498,3170.55,0.0,0.0,0.0,0.0,0,MXI-12.27,MXI,MMZ7
RFUD,2026-04-23,MMZ7,3134.75,3134.75,3134.75,3134.75,15611055.0,31347.5,1.0,498,3134.75,0.0,3134.75,0.0,1.0,1,MXI-12.27,MXI,MMZ7
RFUD,2026-04-24,MMZ7,3105.5,3081.5,3106.25,3106.25,15469125.0,434428.5,14.0,498,3106.25,0.0,3103.06,-0.91,10.0,5,MXI-12.27,MXI,MMZ7
RFUD,2026-04-27,MMZ7,0.0,0.0,0.0,0.0,15537600.0,0.0,0.0,498,3120.0,0.0,0.0,0.0,0.0,0,MXI-12.27,MXI,MMZ7
RFUD,2026-04-28,MMZ7,3096.2,3093.2,3096.2,3093.2,15404136.0,123788.0,4.0,498,3093.2,0.0,3094.7,0.0,1.0,4,MXI-12.27,MXI,MMZ7
RFUD,2026-04-29,MMZ7,3092.2,3085.2,3099.85,3099.85,15919632.0,339916.5,11.0,516,3085.2,0.0,3090.15,0.22,1.0,11,MXI-12.27,MXI,MMZ7
RFUD,2026-04-30,MMZ7,3113.6,3113.6,3113.6,3113.6,16128448.0,31136.0,1.0,518,3113.6,0.0,3113.6,0.44,1.0,1,MXI-12.27,MXI,MMZ7
RFUD,2026-05-04,MMZ7,3119.7,3101.2,3119.9,3101.2,16002192.0,155518.5,5.0,516,3101.2,0.0,3110.37,-0.4,1.0,5,MXI-12.27,MXI,MMZ7
RFUD,2026-05-05,MMZ7,3096.0,3095.65,3107.4,3107.4,16122420.0,92990.5,3.0,516,3124.5,0.0,3099.68,0.2,1.0,3,MXI-12.27,MXI,MMZ7
RFUD,2026-05-06,MMZ7,3134.0,3093.45,3157.45,3093.45,17424666.0,1534921.0,49.0,558,3122.7,0.0,3132.49,-0.45,1.0,22,MXI-12.27,MXI,MMZ7
RFUD,2026-05-07,MMZ7,3092.45,3085.4,3112.25,3085.75,17586780.0,278316.5,9.0,570,3085.4,0.0,3092.41,-0.25,1.0,9,MXI-12.27,MXI,MMZ7
RFUD,2026-05-08,MMZ7,3058.9,3022.35,3076.8,3076.8,17467365.0,304317.0,10.0,570,3064.45,0.0,3043.17,-0.29,1.0,7,MXI-12.27,MXI,MMZ7
RFUD,2026-05-11,MMZ7,3118.25,3118.25,3120.5,3118.25,17911670.0,93570.0,3.0,574,3120.5,0.0,3119.0,1.35,1.0,3,MXI-12.27,MXI,MMZ7
RFUD,2026-05-12,MMZ7,3122.2,3122.2,3139.8,3139.8,17959656.0,62620.0,2.0,572,3139.8,0.0,3131.0,0.69,1.0,2,MXI-12.27,MXI,MMZ7
RFUD,2026-05-13,MMZ7,0.0,0.0,0.0,0.0,18017142.0,0.0,0.0,572,3149.85,0.0,0.0,0.0,0.0,0,MXI-12.27,MXI,MMZ7
RFUD,2026-05-14,MMZ7,0.0,0.0,0.0,0.0,17821232.0,0.0,0.0,572,3115.6,0.0,0.0,0.0,0.0,0,MXI-12.27,MXI,MMZ7
RFUD,2026-05-15,MMZ7,3084.2,3074.3,3084.3,3074.3,17965592.0,184777.0,6.0,584,3076.3,0.0,3079.62,0.0,1.0,6,MXI-12.27,MXI,MMZ7
RFUD,2026-05-18,MMZ7,3090.0,3080.95,3110.0,3110.0,17996544.0,123709.5,4.0,584,3081.6,0.0,3092.74,1.16,1.0,4,MXI-12.27,MXI,MMZ7
RFUD,2026-05-19,MMZ7,3079.7,3066.05,3079.7,3066.05,17910759.0,61457.5,2.0,582,3077.45,0.0,3072.88,-1.41,1.0,2,MXI-12.27,MXI,MMZ7
RFUD,2026-05-20,MMZ7,3063.95,3063.95,3063.95,3063.95,17893468.0,30639.5,1.0,584,3063.95,0.0,3063.95,-0.07,1.0,1,MXI-12.27,MXI,MMZ7
RFUD,2026-05-21,MMZ7,0.0,0.0,0.0,0.0,18146632.0,0.0,0.0,584,3107.3,0.0,0.0,0.0,0.0,0,MXI-12.27,MXI,MMZ7
RFUD,2026-05-22,MMZ7,3084.1,3080.85,3084.1,3080.85,17895561.0,61649.5,2.0,586,3053.85,0.0,3082.48,0.0,1.0,2,MXI-12.27,MXI,MMZ7
RFUD,2026-05-25,MMZ7,3043.2,3022.25,3043.65,3022.25,18085912.0,273029.0,9.0,598,3024.4,0.0,3033.66,-1.9,1.0,9,MXI-12.27,MXI,MMZ7
RFUD,2026-05-26,MMZ7,3037.65,3017.3,3037.65,3017.3,18051826.0,90736.5,3.0,598,3018.7,0.0,3024.55,-0.16,1.0,3,MXI-12.27,MXI,MMZ7
RFUD,2026-05-27,MMZ7,0.0,0.0,0.0,0.0,18272189.0,0.0,0.0,598,3055.55,0.0,0.0,0.0,0.0,0,MXI-12.27,MXI,MMZ7
