"Data Source","World Development Indicators",

"Last Updated Date","2026-02-24",

"Country Name","Country Code","Indicator Name","Indicator Code","1960","1961","1962","1963","1964","1965","1966","1967","1968","1969","1970","1971","1972","1973","1974","1975","1976","1977","1978","1979","1980","1981","1982","1983","1984","1985","1986","1987","1988","1989","1990","1991","1992","1993","1994","1995","1996","1997","1998","1999","2000","2001","2002","2003","2004","2005","2006","2007","2008","2009","2010","2011","2012","2013","2014","2015","2016","2017","2018","2019","2020","2021","2022","2023","2024","2025",
"Aruba","ABW","Employment in services (% of total employment) (modeled ILO estimate)","SL.SRV.EMPL.ZS","","","","","","","","","","","","","","","","","","","","","","","","","","","","","","","","","","","","","","","","","","","","","","","","","","","","","","","","","","","","","","","","","","",
"Africa Eastern and Southern","AFE","Employment in services (% of total employment) (modeled ILO estimate)","SL.SRV.EMPL.ZS","","","","","","","","","","","","","","","","","","","","","","","","","","","","","","","","28.5227952292587","27.9747649345212","27.9446001713259","27.8307798062897","27.8694504893631","28.1753647152426","28.1194501324878","28.0979935022039","28.1356925027961","28.0808808878066","27.9343451391243","27.6883224524139","27.686228472117","27.8124407883343","27.9728340220678","28.2971521723929","28.6043096345486","28.859947033116","29.0800077037936","29.8023909576755","30.1521447448849","30.6136936599094","30.3886859838973","31.0444810877045","31.5469036017198","32.0982958374921","32.6873169327904","33.5381424689252","34.5483996115138","33.0261568695551","32.7940798485352","33.6081619000381","33.6967049509918","34.2977111919012","34.6968130103833",
"Afghanistan","AFG","Employment in services (% of total employment) (modeled ILO estimate)","SL.SRV.EMPL.ZS","","","","","","","","","","","","","","","","","","","","","","","","","","","","","","","","22.0819616309708","21.8193802016592","21.7002845014774","21.3999190220336","21.7868152683815","22.239114091045","22.6949201635027","23.02633415777","23.3501314406195","23.6729906704526","22.8384237602807","24.4531246057782","24.7818489406037","24.833148478038","25.7077189524347","25.9420504795722","27.2248878765164","27.6621985463541","29.3948425879471","31.1592526833235","31.1177963939839","32.3133084481045","32.0763627884824","32.2391686364613","33.7321152250418","35.23983684805","36.802134491624","37.0166785521044","37.5135391226906","35.535277276328","30.151585831638","29.4272142369757","29.4984918421715","29.5021677680015","29.4719178364586",
"Africa Western and Central","AFW","Employment in services (% of total employment) (modeled ILO estimate)","SL.SRV.EMPL.ZS","","","","","","","","","","","","","","","","","","","","","","","","","","","","","","","","30.0522453299796","30.2284977989137","30.332858843029","30.5137555271522","30.6606810446974","30.920689881069","31.2823532724503","31.6842812126418","32.0360827431712","32.398915520935","32.7053910569426","32.8994364243993","33.3141490490046","33.8593957873021","34.3740978986254","34.8887133278551","35.5194799295522","36.1756096194748","36.8707889152576","37.7443976580416","38.3985434212623","38.9596545495083","39.4955974910526","40.1059420844488","40.6960983900992","40.9691889210339","41.4778475795376","42.1082822211187","42.9057256242192","41.3285540722728","41.5459857451246","41.8024485293288","42.32235686483","42.845976909497","43.2531195385582",
"Angola","AGO","Employment in services (% of total employment) (modeled ILO estimate)","SL.SRV.EMPL.ZS","","","","","","","","","","","","","","","","","","","","","","","","","","","","","","","","63.3737380910113","62.8373268892273","62.3114262749015","61.6570691199889","61.7442086363688","61.6803076560233","61.7223666478858","61.6836141347103","61.0559861836578","60.8845307226596","60.9408642565735","60.9019606623629","60.705961052874","60.4315375805673","58.4651355521218","56.6875803163974","54.8911137864211","53.1496704920599","51.3263213533981","48.8556342624711","46.5491998883029","44.4213021713595","42.4380131365122","40.3316392087452","40.3215498679159","40.1139584289984","40.0178727618802","39.7773354887959","39.666195800835","38.2191311444807","37.5749267305878","40.4877627343102","40.5263400343568","40.687555299181","40.8514654803696",
"Albania","ALB","Employment in services (% of total employment) (modeled ILO estimate)","SL.SRV.EMPL.ZS","","","","","","","","","","","","","","","","","","","","","","","","","","","","","","","","41.0187144905434","41.6309624235966","41.2788171841721","41.2001150627881","40.6086499947008","38.9954978045861","40.035178199463","39.2752445717642","37.2373791896363","37.3323137307488","37.3149842845206","37.5147371760435","37.636312678353","36.4694828120954","36.3587685307636","37.0819396819245","37.3181538543968","37.54099828889","36.5546191483091","38.0056894662126","35.7883362998639","36.8368428681955","38.715793649559","39.6694222941355","39.8607872719792","40.2112427236091","42.2423402549993","42.7083957984542","43.2158670276158","43.241481433791","44.4269847878612","43.9962497505868","46.3125447479353","46.7791156790644","47.2443938528146",
"Andorra","AND","Employment in services (% of total employment) (modeled ILO estimate)","SL.SRV.EMPL.ZS","","","","","","","","","","","","","","","","","","","","","","","","","","","","","","","","","","","","","","","","","","","","","","","","","","","","","","","","","","","","","","","","","","",
"Arab World","ARB","Employment in services (% of total employment) (modeled ILO estimate)","SL.SRV.EMPL.ZS","","","","","","","","","","","","","","","","","","","","","","","","","","","","","","","","44.8050505234355","45.0378148184808","46.0674028791492","46.4328938992458","46.5229755576258","46.6774569668105","47.5835239960691","48.3123539173821","48.6454794336618","49.1435140997432","50.0527636133236","51.0902468570911","51.2756071647319","50.8473643975968","51.1210845321556","51.3648037059518","51.5363947745536","52.0317762642692","52.6864244862693","53.0156897412547","53.8959448971217","54.6481941036209","55.170165912626","55.5721120555936","56.2550526994313","56.6270316718039","56.5374267452176","57.487301358851","57.6937138109799","58.1157836170687","58.4202146160784","59.1439779185341","59.7692426941492","59.8753931860817","60.0880075341387",
"United Arab Emirates","ARE","Employment in services (% of total employment) (modeled ILO estimate)","SL.SRV.EMPL.ZS","","","","","","","","","","","","","","","","","","","","","","","","","","","","","","","","50.7620017662419","50.8923549421018","51.0463998071662","51.1488969141303","51.1619680971368","51.2367547192183","50.9924172298797","51.1648781603802","51.4372628809368","51.4808095972865","53.4513910663171","55.4941646368669","56.9358868936572","58.5160822659664","60.2126175697903","61.4827573779734","62.948707228317","64.4634223662442","64.7602353202824","65.1301084267921","65.5006038895123","65.9573189904418","66.1774963395383","66.2715274808927","66.1063601094399","66.32728191108","66.8274728416238","67.1539594518014","67.4208924215394","68.9988862248103","67.4731738749809","67.6880425093453","67.7011452667683","67.9435420294033","67.9677172675509",
"Argentina","ARG","Employment in services (% of total employment) (modeled ILO estimate)","SL.SRV.EMPL.ZS","","","","","","","","","","","","","","","","","","","","","","","","","","","","","","","","58.3080264891955","59.210828210969","61.9148486816922","63.0574697683987","64.4083406567998","64.8763570504032","64.6557120283403","65.499210868457","66.6816628400893","67.6184539683676","68.2952407948288","69.7288704449471","68.4998493229813","68.6984274895615","68.5868647859111","68.599741686598","68.6557123530693","68.7482525435358","69.6003422430472","69.7072619276578","69.0724495417462","69.4875551206921","69.2982197252933","69.0304543657975","69.6529549127388","70.4876907051936","71.0991913444513","71.4909177447964","71.7720330089912","71.3067334216532","71.7661939196741","71.3171525473111","71.2232606251736","71.6393298183816","71.8147392248427",
"Armenia","ARM","Employment in services (% of total employment) (modeled ILO estimate)","SL.SRV.EMPL.ZS","","","","","","","","","","","","","","","","","","","","","","","","","","","","","","","","37.5790914490845","36.9747247879555","36.5731698165428","36.5331994331494","36.6708390136007","36.8170909386026","36.9189873317278","37.0491726378253","37.2174876798543","37.3383236002184","37.5683946299639","38.02367381903","39.5194109866552","40.9774280744513","42.4698331672726","43.7506626578286","44.9831959436148","45.1174546759737","45.0269245086298","45.0884211383162","45.8726679463546","46.2879779353927","48.2956986839071","48.4456433755783","48.7606171356523","50.6167926443804","51.9477761630882","48.307898790338","50.3592783648986","52.2190976997733","52.9376715822725","49.5448558242117","51.464636561186","51.6221413408052","51.7297438371184",
"American Samoa","ASM","Employment in services (% of total employment) (modeled ILO estimate)","SL.SRV.EMPL.ZS","","","","","","","","","","","","","","","","","","","","","","","","","","","","","","","","","","","","","","","","","","","","","","","","","","","","","","","","","","","","","","","","","","",
"Antigua and Barbuda","ATG","Employment in services (% of total employment) (modeled ILO estimate)","SL.SRV.EMPL.ZS","","","","","","","","","","","","","","","","","","","","","","","","","","","","","","","","","","","","","","","","","","","","","","","","","","","","","","","","","","","","","","","","","","",
"Australia","AUS","Employment in services (% of total employment) (modeled ILO estimate)","SL.SRV.EMPL.ZS","","","","","","","","","","","","","","","","","","","","","","","","","","","","","","","","70.1321570332719","70.6434144852354","70.5534786926272","70.9072579003956","71.5500821367296","71.9745218369167","72.1342786070299","72.5486252748549","72.7559439631078","72.5035173006705","73.4995127710252","73.7490095198187","74.2958514247877","74.1660788856522","74.5100348841569","74.4937733136985","74.6830226329965","74.3024667592351","74.5701086200883","74.7664029539042","75.3840330275644","75.5497269797666","76.0131963183861","76.2214635366506","77.2978546767242","77.3912811084173","77.9738375060236","77.4955134119303","78.3832443026644","78.0429082421948","78.0006057330855","78.5533115520414","78.170023265328","78.4103732027917","78.5307299266158",
"Austria","AUT","Employment in services (% of total employment) (modeled ILO estimate)","SL.SRV.EMPL.ZS","","","","","","","","","","","","","","","","","","","","","","","","","","","","","","","","59.2912707018984","60.7975716853135","61.3560899782956","61.7442861003064","61.9846943724228","63.6746738861007","64.8496350179431","65.3172841257327","65.3596247060063","65.2529573982837","66.1376654781871","66.7006436585036","66.8834506295534","67.3322929050045","67.1522434843168","66.5940783803328","67.1489446991614","68.537152585893","69.6953389821025","69.8497793264219","69.0368826223907","69.2446899797033","69.5168069455145","69.4117562170567","69.7047640668257","70.0892354860486","71.1478477781726","70.8704419022623","70.9879750350163","71.2713342578913","70.6387120416155","70.0972792146589","71.1617792722691","72.3416687261318","72.5860340795189",
"Azerbaijan","AZE","Employment in services (% of total employment) (modeled ILO estimate)","SL.SRV.EMPL.ZS","","","","","","","","","","","","","","","","","","","","","","","","","","","","","","","","38.2601716496802","36.7459042168032","40.276166040307","41.8447803073095","42.8271345833211","44.3915065948817","44.9800102432184","45.9232843854679","46.513437518407","48.1117623352844","49.2247590735441","48.286602047955","48.901639502721","48.5573966294768","48.6052617068306","48.0995480562203","48.8253876337599","48.2766273881707","49.206106042527","48.0532593089863","48.042689263385","48.0596829037314","48.5244431349249","48.9423100194364","49.5804455785965","49.3350831297579","49.276016100813","49.0193195209717","48.9199519064652","48.9942961491657","48.8282152761729","48.7899579240212","49.4568024717014","49.8776478507312","50.2379526950328",
"Burundi","BDI","Employment in services (% of total employment) (modeled ILO estimate)","SL.SRV.EMPL.ZS","","","","","","","","","","","","","","","","","","","","","","","","","","","","","","","","6.4959699354572","6.44109290294841","6.365839758055","6.22577438601008","5.74920419815533","5.41610148455156","5.38185562237857","5.59374708667166","5.6778124944083","5.78029807798503","6.03598028654863","6.36759954848001","6.44836787117674","6.64303347062412","6.80888072027702","7.22412912389116","7.60142590794398","7.96018394492752","8.1917776774012","8.57724078722435","9.00760385467366","9.45930242445199","9.91501358075243","10.3182774141645","10.1046758165545","10.2045392934042","10.2181261572166","10.9452231908443","11.7288004575192","11.5972521220322","11.2800365399661","11.2488405893982","11.3346329919803","11.5127687848366","11.555679288196",
"Belgium","BEL","Employment in services (% of total employment) (modeled ILO estimate)","SL.SRV.EMPL.ZS","","","","","","","","","","","","","","","","","","","","","","","","","","","","","","","","66.9123856129033","67.3543787409877","67.9250584385475","68.2338330217648","69.0708630771193","69.6241503913409","69.797026527095","70.5171822528777","71.8358431946064","72.2786671609002","73.1320573594466","72.4257877198517","73.3596539128001","72.8426885134364","73.2749847776115","73.3527130192424","73.7134141206963","73.7747189063997","75.0385215318654","75.2729333494976","75.4657785287695","77.0718753340351","76.9365903031326","77.3887650837691","77.3893771818411","77.4842567842084","77.647329015663","78.2148315465941","77.7955318791623","78.295927666863","79.1522132042397","78.467809392514","78.7661117864497","79.4676830825322","79.7685825220163",
"Benin","BEN","Employment in services (% of total employment) (modeled ILO estimate)","SL.SRV.EMPL.ZS","","","","","","","","","","","","","","","","","","","","","","","","","","","","","","","","32.5612847308968","32.672860604758","32.8749979590477","32.8087275328624","33.3351279970885","33.4852218203082","33.8301830377112","33.9950166746797","34.2461439406204","34.6702647953261","34.9994248245715","35.2210645620129","35.4488218800063","35.6639495807221","35.6755836423712","35.9437384748438","36.5199188864345","37.0752438948798","37.3103950010002","37.5046271484103","37.9133571825979","39.3766539694419","40.9861914579717","41.0568064161057","40.4905279874369","40.0441701308582","40.0637303642676","40.3000747297787","40.2452411061624","38.7655592695647","38.5233559858054","39.0160692262279","39.8398666470266","40.6672321336634","41.442370995676",
"Burkina Faso","BFA","Employment in services (% of total employment) (modeled ILO estimate)","SL.SRV.EMPL.ZS","","","","","","","","","","","","","","","","","","","","","","","","","","","","","","","","11.8939569766001","11.8149847799184","11.9300604769505","11.9113433953933","12.5250010590805","13.5295449400045","14.308626550334","15.050857470172","15.9778685578622","16.4455948941613","17.2095479734985","17.8747106028197","18.8276203518682","19.6311850530109","20.6832556002212","21.668624477294","22.2957174672465","22.7714061589215","23.2732681524489","24.1341128663153","24.9342454148463","25.7504156379259","26.6211791013326","27.2527939907872","27.8861036956258","28.7449132991202","29.6802742681287","30.6327246191108","31.4286234443131","30.3902504374231","30.1740154768281","30.4030795798118","30.7417979494269","31.1555829082131","31.558141814278",
"Bangladesh","BGD","Employment in services (% of total employment) (modeled ILO estimate)","SL.SRV.EMPL.ZS","","","","","","","","","","","","","","","","","","","","","","","","","","","","","","","","12.896217741552","14.0994480736563","15.5181686356221","17.017539435703","18.6594470757012","20.4844521899725","20.0707525673887","19.7743823063916","19.4858570770878","19.3150811251213","21.9310884356931","24.8420110083177","28.0444120847605","29.2028328870851","30.4395142362302","30.877011938852","31.3752643173313","31.8272281233023","32.2859108313342","32.7415073670905","33.1927100053692","33.6489046386861","34.1119221655313","35.0586926571988","35.9780592358065","36.8757190279881","38.9833714183869","39.180939785584","39.355073841414","38.482235139488","38.2385272243361","38.3624693337989","37.0078031657165","37.3715657723132","37.7062779422273",
"Bulgaria","BGR","Employment in services (% of total employment) (modeled ILO estimate)","SL.SRV.EMPL.ZS","","","","","","","","","","","","","","","","","","","","","","","","","","","","","","","","45.404751584843","46.242760752868","47.3911092688161","48.4103538218233","49.6058370643551","50.6021980693866","50.484857131211","51.2945210460678","53.5517903109039","53.9730218298915","57.5390323972055","56.6318692479123","56.7308633198748","56.3376360771197","56.8193021031483","57.4194436407278","56.9553473478946","56.1055933877593","57.5097936147253","59.9086943604236","62.0116274069216","62.002428693972","62.9813335995548","63.095148897052","62.8967613770407","62.9277595504621","63.4922505111163","62.9891363575308","63.7254654087624","62.476625791912","63.5827724879782","63.2162693784399","64.1643182242296","67.0251149129062","67.4343775753033",
"Bahrain","BHR","Employment in services (% of total employment) (modeled ILO estimate)","SL.SRV.EMPL.ZS","","","","","","","","","","","","","","","","","","","","","","","","","","","","","","","","69.0442717542241","69.1139430848464","68.804331063367","69.0721568070001","69.2694663167104","69.5508635804081","69.8047581170005","70.0335485859166","70.1230013968185","69.8934362224978","69.8645566674424","69.7742027334852","69.3543106584212","68.3944022413867","67.3783296355403","66.2349672577557","65.2310309224479","64.1274183317475","64.3087447567656","63.1930285946127","63.6565170742536","63.9105412584633","63.8451831807411","63.710128935467","63.7681669010783","63.6403021318337","63.6675665887466","63.7994483449178","63.9398372333248","64.501191970353","63.9100093233803","63.8685245593234","63.9777911177961","64.104099493321","64.2593849930069",
"Bahamas, The","BHS","Employment in services (% of total employment) (modeled ILO estimate)","SL.SRV.EMPL.ZS","","","","","","","","","","","","","","","","","","","","","","","","","","","","","","","","79.4296102179097","79.4483303694922","82.2919958466886","81.6565316740229","81.4156484216909","80.2060835760168","81.5146186270035","81.1787525534698","79.2496253817313","78.8785521393355","78.7516253296229","79.5929613166306","81.1513759777977","79.496624798596","78.6804271803506","79.1907384637842","79.7395039643102","80.8082562880363","81.0555568236288","82.1225191225528","83.1302003337053","83.4160691303549","83.9316071125979","84.152541484533","84.5565772475112","84.6758944104077","84.5698173229865","84.6430668047594","84.6218735501286","84.7222367718078","84.1842542688762","84.195391722031","84.2827333668283","84.3569572748268","84.4354393074231",
"Bosnia and Herzegovina","BIH","Employment in services (% of total employment) (modeled ILO estimate)","SL.SRV.EMPL.ZS","","","","","","","","","","","","","","","","","","","","","","","","","","","","","","","","42.8591448484694","43.4130787069375","43.8567542951253","44.0741073329076","44.236251243846","44.1308853678868","44.1752587713924","44.3479792738177","44.8884873755628","45.2459431082747","45.7722427928007","46.1808988392321","46.5402833997052","46.8439037182432","47.0906216367156","47.4561984965749","46.4686438067465","45.8534515060909","46.1636889841831","48.2833783822185","50.3160478253716","47.9531402194638","50.1740616156762","51.8282717250207","51.511888384548","49.669090708183","50.484617170996","51.0790118878029","49.2186375463072","53.6660084343876","50.8578260453864","51.305113715052","51.7978219491351","52.2463210016924","52.6908459507566",
"Belarus","BLR","Employment in services (% of total employment) (modeled ILO estimate)","SL.SRV.EMPL.ZS","","","","","","","","","","","","","","","","","","","","","","","","","","","","","","","","38.746540189317","38.41279239703","39.8530995925365","41.7922824188468","42.4897795144704","43.3188095109397","44.0700935762127","44.9151843833266","45.7728916153369","46.5768363548926","47.5839632149448","48.4334982707389","49.2821417240964","50.0306995389715","50.8168926603464","51.5201737628808","52.2490486304584","52.7923319844509","53.6767470455474","54.4045918446498","55.2481544799847","55.9534485412778","56.5939404205095","57.373589387499","58.0722558990166","58.7157155369539","58.5312028924271","58.0564023144736","58.5557774664484","58.5259318106754","58.6417627910081","58.9618880205372","58.907725554821","59.2133534681989","59.4634450411494",
"Belize","BLZ","Employment in services (% of total employment) (modeled ILO estimate)","SL.SRV.EMPL.ZS","","","","","","","","","","","","","","","","","","","","","","","","","","","","","","","","52.2746715841904","52.7743503802877","53.1264573991031","54.6094262367726","55.0344189869516","54.3570852998734","51.8466430231136","57.0011058310171","55.540391872885","56.5533759421007","57.8795369441249","59.0989000546409","60.4071491544442","61.4722721706803","62.5631911112057","62.8385993157577","63.2138508882093","63.3729268561762","63.8457446808511","64.3314713268078","64.5842585738959","64.9364952341713","65.186996218054","65.4405437335006","66.4967219974892","65.7324399568408","66.8864365092651","65.0920539656381","67.4348848251821","66.6012758582544","66.6442904905596","67.1741958753591","67.7810419608634","68.1965459750228","68.5182208409985",
"Bermuda","BMU","Employment in services (% of total employment) (modeled ILO estimate)","SL.SRV.EMPL.ZS","","","","","","","","","","","","","","","","","","","","","","","","","","","","","","","","","","","","","","","","","","","","","","","","","","","","","","","","","","","","","","","","","","",
"Bolivia","BOL","Employment in services (% of total employment) (modeled ILO estimate)","SL.SRV.EMPL.ZS","","","","","","","","","","","","","","","","","","","","","","","","","","","","","","","","41.2872706969938","38.2284503008194","41.8500774819442","42.6200782919299","39.8735717589374","40.4272030217366","38.5867377953073","39.2860457782469","39.8631652606768","41.4014412394374","39.1618443806828","38.6181254203107","43.1185363621808","43.1186990152962","40.8156257443951","41.8213109628708","42.9747796572637","47.3315571226322","47.7718934263867","48.4243475289778","48.6540655064659","50.8255638751554","50.0396042122938","47.529979359748","48.7215690311953","49.1261691680575","49.2010397628996","49.0912589777537","51.4065992469317","51.9314869678021","51.9209885918095","54.6787270415604","54.807564526608","55.1239312239933","55.4920644482231",
"Brazil","BRA","Employment in services (% of total employment) (modeled ILO estimate)","SL.SRV.EMPL.ZS","","","","","","","","","","","","","","","","","","","","","","","","","","","","","","","","58.9210854024748","58.9167988060953","59.1518559119731","59.2795993634739","59.9313890393085","60.8612167696033","60.9757094679219","61.7071191377432","62.0088648786369","62.2933971329527","62.6389155265882","62.0837159787211","62.5068430332681","61.9524397646298","62.0771418496592","63.0885307990768","63.4103270792605","63.4621127884553","64.4202600185269","65.3018033710638","66.1773107789778","66.3315395090719","66.3183950467743","67.1198625659528","67.8477936325247","68.8324502760797","69.8641049402985","70.4130119931623","70.7201052429598","70.4294550707763","69.7709244507317","70.7768561313763","71.6256113357859","71.9821226349216","72.1590982894571",
"Barbados","BRB","Employment in services (% of total employment) (modeled ILO estimate)","SL.SRV.EMPL.ZS","","","","","","","","","","","","","","","","","","","","","","","","","","","","","","","","70.9741417316797","70.3365389252747","72.0148854924747","72.4342519722058","72.331137321574","71.6706187040681","71.8069329679419","70.8009980072258","70.4855212736538","72.2241651317681","73.040888840511","73.9778881390862","74.5511554987806","74.8280615532148","76.2200361492192","75.4098601157511","75.3760533808853","75.8770220933085","75.8261547055538","76.2961922158213","76.7795187257153","77.0698330554696","77.1755589204596","77.4784911668351","77.7495547355843","77.8773811429486","77.5836042731073","78.6662993359047","80.2603861907548","80.6207145434861","80.2746586207969","80.9720021881061","82.3987736995281","82.5047854971287","82.5829576162959",
"Brunei Darussalam","BRN","Employment in services (% of total employment) (modeled ILO estimate)","SL.SRV.EMPL.ZS","","","","","","","","","","","","","","","","","","","","","","","","","","","","","","","","73.3915230280669","73.7496114047164","74.3463589294454","74.9190777351726","74.8275862068966","75.4750331418471","75.8594066233902","76.8749364735948","77.8850409965643","78.4077226065838","78.7572853897066","78.754590492793","78.7432311737629","78.9242670860842","79.0838220569303","79.0835375102088","79.6100511972817","79.7217139069396","80.1784697171065","80.2977525932671","80.1145477838664","80.1688187976291","80.4935413048807","80.7191676909389","81.3408381004964","82.0371735869206","82.5140481404865","79.5353504991201","77.2834440443227","74.948364763826","75.0269799584069","77.0126064485951","78.2786165927859","78.3168444962091","78.4133595005728",
"Bhutan","BTN","Employment in services (% of total employment) (modeled ILO estimate)","SL.SRV.EMPL.ZS","","","","","","","","","","","","","","","","","","","","","","","","","","","","","","","","27.407488146493","27.8519451745335","28.312570781427","28.5662932657527","29.0386310721309","29.3723189191854","29.6218019536521","29.8457439587293","30.1342995129437","30.3317610812013","30.5771386453327","30.8732800710164","31.1889775840021","31.416034688272","31.7688499299209","32.128623129127","32.6683331833897","32.9382619794647","33.2704185628337","33.6171438729411","30.6454795784846","31.7470054066051","32.6974992467611","32.5268112837048","32.3531706731491","32.6472456558005","32.8176918831969","32.9435003176095","33.4270698136487","35.225631270276","34.5323905167321","40.8044243060034","40.9314872628336","41.2757792300332","41.751131926612",
"Botswana","BWA","Employment in services (% of total employment) (modeled ILO estimate)","SL.SRV.EMPL.ZS","","","","","","","","","","","","","","","","","","","","","","","","","","","","","","","","66.150545728265","66.2819583635319","66.382862465073","66.4677246688901","66.6398981678361","66.9788409191987","66.1430524040695","64.5922070241582","65.7288481141692","66.6184477567411","69.3215396958964","67.2016563374317","64.2785561297675","64.4735497844343","64.4168947793032","64.1066170825015","64.7664848250065","65.1993600619959","65.3217939454559","65.7872176423908","66.100778881115","66.2129726736287","66.8901326676419","67.3092462195544","67.2309126554339","67.6788747825923","68.016466203356","68.3031692047968","68.6022957461175","65.5169543548605","66.4550264550265","66.6614241533238","66.2106578590955","66.1442567348372","66.1987613296387",
"Central African Republic","CAF","Employment in services (% of total employment) (modeled ILO estimate)","SL.SRV.EMPL.ZS","","","","","","","","","","","","","","","","","","","","","","","","","","","","","","","","18.5882966492857","17.5133268564854","17.2230333870936","17.5733041377203","18.0777363373787","17.2990420185048","17.6379044390699","17.937050997832","18.4319197874356","17.8767672012477","18.1430566987599","18.417294239638","17.4206527557626","17.9724857962307","17.935145368962","18.3187125705738","18.7103724755882","18.7987935276444","20.0114792559785","20.8796523538243","21.2931193178107","22.0244309257511","19.3856325725825","19.6252378132826","20.3543388568916","20.8239563424142","21.2975119242248","21.5872679761071","21.9631752463416","20.4826074480022","20.1922113475683","20.393364920929","20.6175990511266","20.4990663415875","20.5464005334446",
"Canada","CAN","Employment in services (% of total employment) (modeled ILO estimate)","SL.SRV.EMPL.ZS","","","","","","","","","","","","","","","","","","","","","","","","","","","","","","","","72.6686666043807","73.3670415054475","74.0074542361323","73.982696937349","73.9185180095968","74.1373109934678","73.9356397738828","73.8917462666981","74.0724126142649","74.1903040533109","74.7770242309677","74.6532597411084","74.9195201557099","74.9280471196124","75.1874406360474","75.7118962243516","76.2892891075175","76.5524339598407","77.6690348422886","77.9615959998479","77.7526091165046","77.5997476199315","77.7977383182095","78.0368050611121","78.3133144603838","78.5399933210567","78.7310240516079","78.7757868020961","79.1588096981356","78.9575271510748","79.298968483162","79.3228912549238","79.5145677542417","79.9376491637297","80.1468654728121",
"Central Europe and the Baltics","CEB","Employment in services (% of total employment) (modeled ILO estimate)","SL.SRV.EMPL.ZS","","","","","","","","","","","","","","","","","","","","","","","","","","","","","","","","41.9547307411257","42.8203038770535","43.7185957984259","44.5867848886877","45.667705652638","46.432856102145","47.0883475716537","47.6982470134541","48.6892762883059","49.4482081197655","50.2031835247966","51.1336227644505","51.6860548571329","52.6670333568619","53.1992168616567","54.039515507063","54.2671315250499","54.3978013066686","56.0996649883164","56.8584850529502","57.0608552762527","57.5210539099781","58.0862184263358","58.305651555669","59.0329793760065","59.2680782765984","59.3118536977702","59.5767005413875","59.9457238675866","60.0883936894179","60.8644786608161","61.2005404695716","61.8094023462855","62.955468023037","63.3998239108127",
"Switzerland","CHE","Employment in services (% of total employment) (modeled ILO estimate)","SL.SRV.EMPL.ZS","","","","","","","","","","","","","","","","","","","","","","","","","","","","","","","","67.9922630193712","69.3187527888993","69.7852632165261","69.3964971868964","68.5920127477011","69.2000444243477","70.0555789898154","70.161466274238","70.3757284780784","70.6952641798146","70.9670664112963","72.2438406353855","73.3443153076641","73.7305423470444","73.7691611760446","73.5426839526992","73.4053180057081","73.6425841517895","74.4574110822242","74.3377474062364","74.4470281718481","74.9352892781099","74.7989134026679","75.354148402406","75.8992903921193","76.1612648377604","76.3844891778296","76.5605229370481","77.0475212635368","77.0655294048787","77.470222217738","77.6956653377362","77.8440260748926","77.8521387229358","78.1685429889649",
"Channel Islands","CHI","Employment in services (% of total employment) (modeled ILO estimate)","SL.SRV.EMPL.ZS","","","","","","","","","","","","","","","","","","","","","","","","","","","","","","","","76.4893417515784","76.8588319934937","77.156166114006","77.356080793428","77.6687365432022","77.9904084874092","78.2634502701469","78.5764528053398","78.8783728175886","79.1203389095326","79.4302393795876","79.7415328498354","79.9618944704327","80.1977956677372","80.4219397468921","80.65069440602","80.8680971571724","81.1799338656343","81.695815031394","82.048724700125","82.2465269885414","82.6204352242956","82.8336414543311","82.9799457560089","83.2033514254097","83.4145707415351","83.5972604493375","83.8232883104435","84.0440800229636","84.5120261931747","84.5714214717905","84.6601775118913","84.8845518838865","85.101894799171","85.2925913112242",
"Chile","CHL","Employment in services (% of total employment) (modeled ILO estimate)","SL.SRV.EMPL.ZS","","","","","","","","","","","","","","","","","","","","","","","","","","","","","","","","56.5166515538703","57.5190784287495","58.2239860695799","59.6193967941547","60.1578010756095","59.8169715335203","60.3175080588945","61.989625991333","64.1406781688774","64.2342519088755","64.4465610048792","64.7241997748655","65.0343638999339","65.5676129836472","65.9922459962552","66.4431518194484","66.877218335155","67.1780114212644","67.6914744145076","68.1071485006111","68.1244779335096","67.9049015738483","68.4109590555563","69.0473355832274","68.9807459327921","69.7621136246386","70.2091058767264","70.6993922270154","71.1057760203361","70.8823756313542","70.4492116182373","70.8321861175298","71.6855465108541","72.1008199315877","72.4344092725215",
"China","CHN","Employment in services (% of total employment) (modeled ILO estimate)","SL.SRV.EMPL.ZS","","","","","","","","","","","","","","","","","","","","","","","","","","","","","","","","18.9283179358188","19.7998580513661","21.1995548502311","23.0005184229549","24.7998237633446","25.9999961651242","26.3996895897554","26.6998899630481","26.9000176611232","25.3134188486432","27.7000389321993","28.5998919404385","29.3004810570726","30.6002920912406","31.3997915890731","32.2001132949176","32.4000001442606","33.2001114321863","34.0999915084727","34.5995667971914","35.7000783844491","36.0998140108212","38.4998131034926","40.5990776614307","42.3997107404935","42.9334259446319","43.3458036346466","43.8847198791517","44.5192735154599","45.2678537038915","45.5969845625275","44.9886051327682","45.7723935112505","46.1510599840955","46.5308142926728",
"Cote d'Ivoire","CIV","Employment in services (% of total employment) (modeled ILO estimate)","SL.SRV.EMPL.ZS","","","","","","","","","","","","","","","","","","","","","","","","","","","","","","","","36.1032605999095","36.3570708347992","36.6160952920183","36.9926904284353","37.2321863105003","37.489917006273","37.8654976441354","38.1289413969411","38.4476055726096","38.5911259719968","38.6643940674004","38.7252109986031","38.7822418878686","39.2462430523195","39.5789275208954","39.8148249132764","40.1033535159388","40.3897111763003","40.8158099906984","41.1990861614655","41.3485787408863","42.2155540618304","42.9677946792186","42.0353639238876","40.9006893908487","39.7358564128979","41.1702694397522","42.3286252164879","43.6094921264082","40.9517099605746","39.3822650725461","38.4469601227279","39.1304040051151","39.7449654370679","40.301955185326",
"Cameroon","CMR","Employment in services (% of total employment) (modeled ILO estimate)","SL.SRV.EMPL.ZS","","","","","","","","","","","","","","","","","","","","","","","","","","","","","","","","20.4956204502278","20.5719475305059","20.7074143979215","20.8092389886411","21.0609506593132","21.3211977910447","21.5974890006446","21.9336030548961","22.3237992117874","22.7581562113199","23.2705914187666","24.222104984542","25.3790742962235","26.6968746366006","28.0614711846286","28.52916352155","29.0037514872805","30.2501637658255","31.5241009388467","32.7668629923684","34.1736198723182","35.5282393406984","36.9144662515343","38.3091909184014","39.0855856738243","39.9253164421287","40.7578786402276","41.5741654218695","42.3834220797635","41.44128347734","41.6360032192384","42.0747363830357","42.5256687572639","43.0390465410173","43.5314147377979",
"Congo, Dem. Rep.","COD","Employment in services (% of total employment) (modeled ILO estimate)","SL.SRV.EMPL.ZS","","","","","","","","","","","","","","","","","","","","","","","","","","","","","","","","32.3501660730569","30.3699521020658","28.5269499748674","27.199672102461","26.8086967862726","27.1319011791236","26.1117770754194","25.8253159802076","24.841221345578","24.6498826940137","23.9528604206539","24.388246991704","24.9417563250754","25.5005206430936","26.0922507790786","26.5808246272535","27.0918038078896","27.4131354501398","27.5001532345387","27.9593764048267","28.4610800849007","28.9027782322458","29.6801478127292","30.5801613394941","31.3231534747114","31.3115741626453","31.3904154924109","31.8331477015387","32.3254485638777","30.9139070121373","30.7374927318798","31.5861275252675","32.4982023432569","33.0949645555117","33.4535474279797",
"Congo, Rep.","COG","Employment in services (% of total employment) (modeled ILO estimate)","SL.SRV.EMPL.ZS","","","","","","","","","","","","","","","","","","","","","","","","","","","","","","","","31.007618302491","31.3783202369058","31.859449978324","31.7372156030052","32.021562709197","32.4628729630055","32.7099267647514","33.2183100509218","33.3194787128351","33.6136843283424","34.2185245271124","34.7499357269795","35.2738305960321","35.6860765638177","36.6196006420242","37.4079125553857","38.116992347279","38.3351505468252","39.1569728133422","39.4662135517424","40.0030245807409","40.6099183658791","41.0390157547272","41.7020665014709","42.2744254984407","42.8760373617535","42.877307378474","42.9891705765463","43.5145905716188","42.5044477671263","42.5344544419936","42.7869212041324","43.2654143570793","43.7175483624836","44.1675053748199",
"Colombia","COL","Employment in services (% of total employment) (modeled ILO estimate)","SL.SRV.EMPL.ZS","","","","","","","","","","","","","","","","","","","","","","","","","","","","","","","","56.0166346819047","55.6155442279675","55.576444650873","55.6554455012057","55.8134029223696","57.2771881387026","59.1202680592903","60.0817616182251","61.6140427962249","60.4533061095702","60.54498430529","60.303059631464","60.3062609588638","60.1807466760093","59.9142988102611","60.5700293016635","61.7640301647786","62.1660742523728","61.8400831915881","62.1818262591324","61.9676099164799","62.4296968051682","64.0616670279718","64.4364987701002","64.7711854821781","65.2477738663245","64.4222392466619","63.8669669659889","64.3961978439053","64.3699637015735","64.878264132084","65.0280217235331","65.6109008206861","65.7241823694145","65.8427408631905",
"Comoros","COM","Employment in services (% of total employment) (modeled ILO estimate)","SL.SRV.EMPL.ZS","","","","","","","","","","","","","","","","","","","","","","","","","","","","","","","","27.5821828601198","28.1738261330722","28.3644267342873","27.8443351317042","28.0662129922954","27.907178277406","28.2154621563205","28.2860001111543","28.4173834314169","29.2906380462316","29.4614854385663","29.6523517382413","29.8592617632267","30.0812681366205","31.1624104340046","32.3033520669969","33.4614071038251","34.8826557468946","36.1336424597884","37.4846850488184","38.9152736139911","40.235708003518","41.6516659307815","42.9623455740833","43.9154341467448","45.3000546618772","46.9492173288324","48.5979479194304","49.9802426856776","49.2326728759152","50.0919048971113","50.348731426261","50.633018468913","51.1591217542869","51.6476459333985",
"Cabo Verde","CPV","Employment in services (% of total employment) (modeled ILO estimate)","SL.SRV.EMPL.ZS","","","","","","","","","","","","","","","","","","","","","","","","","","","","","","","","58.2060285466734","58.6044852646128","58.8328075709779","59.105241239812","59.3736483114291","59.6393931250153","59.9630819389174","60.1750238740079","60.1549033577716","60.3149912502431","60.7589572739494","61.0842600513259","61.4035332241542","61.5904877667846","61.8416426178392","62.0343709468223","62.2015974015264","62.3543094548033","62.6074507332652","62.8832154770577","63.0619191700886","63.2714795732946","63.4769188340617","63.7097582726069","63.9890842552476","64.2908861954982","64.5703768182819","66.2812275354","67.5992143568219","67.3290431655961","67.2463083147933","67.198429448886","67.3841957630139","67.5499251504628","67.6890056766895",
"Costa Rica","CRI","Employment in services (% of total employment) (modeled ILO estimate)","SL.SRV.EMPL.ZS","","","","","","","","","","","","","","","","","","","","","","","","","","","","","","","","52.1182393160995","53.6105972457601","55.3486386898152","56.2278594603175","58.1928363305507","58.7831473713813","59.1798549933733","60.1965448951885","60.5157379033784","60.8499719253657","61.319896516989","61.8585831835336","62.8653844049979","63.4199673726668","63.4914380226854","64.6284513341516","64.9488056775981","66.4471512068889","66.9466848929579","66.7062706200481","67.2070159151332","68.8554790323389","70.9553732637655","68.2564210266688","65.7464505083211","66.3131121501664","66.7624976799882","65.2996449042766","66.5996504656771","65.3791822223277","67.2139018940829","67.6246053359613","66.3827288508814","69.6192467571493","70.032117480454",
"Caribbean small states","CSS","Employment in services (% of total employment) (modeled ILO estimate)","SL.SRV.EMPL.ZS","","","","","","","","","","","","","","","","","","","","","","","","","","","","","","","","58.9061680151831","59.7732811275253","60.8489211318761","60.804859098091","61.5789236575346","62.013859727072","62.6287172532745","63.3035017807057","63.8014230898589","64.3258998448147","64.0817726497803","65.0021678668365","65.6313940751223","65.2595532372455","65.2707380516865","65.4860502867425","65.6979271478435","65.767124427705","66.5053397375339","67.1941036450272","68.0097093239212","68.2525931559282","68.4531106544339","68.7738130219027","69.155304386917","69.5192298941602","69.9276426473679","69.9458225398757","70.7521223810337","70.6749933544128","70.4851292884347","70.7987016059043","70.7403430891539","70.7990987470259","70.8769280432021",
"Cuba","CUB","Employment in services (% of total employment) (modeled ILO estimate)","SL.SRV.EMPL.ZS","","","","","","","","","","","","","","","","","","","","","","","","","","","","","","","","53.2297609250511","53.1349840755795","53.910439105593","55.9962875444052","56.3662849392166","56.3662545812003","56.3662463979241","57.011973391639","57.562503168078","57.562519332917","58.1367559467167","58.1367545108137","58.1367655472086","59.4463589319156","60.6373695336996","61.8453634987458","63.2269793781474","63.342212892016","63.7017121800293","64.3168336838309","63.1703890364241","61.5519585989856","64.1803060368762","64.2131538850803","64.5962004764721","64.8844346857518","65.1360073981865","65.4555324987582","65.9474165383222","66.3211077968211","66.4435064508519","66.7936745437058","66.7834604681456","67.1960389295396","67.5630816773266",
"Curacao","CUW","Employment in services (% of total employment) (modeled ILO estimate)","SL.SRV.EMPL.ZS","","","","","","","","","","","","","","","","","","","","","","","","","","","","","","","","","","","","","","","","","","","","","","","","","","","","","","","","","","","","","","","","","","",
"Cayman Islands","CYM","Employment in services (% of total employment) (modeled ILO estimate)","SL.SRV.EMPL.ZS","","","","","","","","","","","","","","","","","","","","","","","","","","","","","","","","","","","","","","","","","","","","","","","","","","","","","","","","","","","","","","","","","","",
"Cyprus","CYP","Employment in services (% of total employment) (modeled ILO estimate)","SL.SRV.EMPL.ZS","","","","","","","","","","","","","","","","","","","","","","","","","","","","","","","","63.5480794731882","64.6784421793552","66.2409699667024","67.7784555715089","68.5864255085954","69.1764663922064","69.8737587944713","70.4184268513897","70.992063298725","70.8258046534918","71.4669093780743","71.5639748807094","71.9382691752055","71.183160329101","71.21440428035","73.0942271243038","73.0954891491303","72.7230256002219","74.2486416967755","75.8020378353597","75.2738615141119","76.9169195087085","79.331990531558","79.0522045971705","79.7796335579961","79.306219888317","80.4250104876378","81.1733098836172","79.1544989721153","77.7572194414896","79.2312542345978","80.4699653664907","81.4093273142822","81.4578073582287","81.5765146373869",
"Czechia","CZE","Employment in services (% of total employment) (modeled ILO estimate)","SL.SRV.EMPL.ZS","","","","","","","","","","","","","","","","","","","","","","","","","","","","","","","","44.4801724758279","45.4949525204028","46.4381932502315","48.3026251214732","49.2047440683998","49.7680917256239","50.6565440959501","51.4595344732306","52.4061727888192","52.9942361296594","53.5480113138986","54.1562479960748","54.6554758035145","54.9835192232101","55.2289746054439","55.5382534866669","55.8696793895606","56.300183765374","58.3117469682179","58.9166519100802","58.5582623455175","58.8258013965952","59.45817945506","59.2119606722908","59.0490200759113","59.0271829127601","59.1392615238038","59.7002457742824","60.0862822506451","60.1444674808924","60.632143678808","60.4286416457804","60.5871625686937","61.8516691946901","62.3966739543494",
"Germany","DEU","Employment in services (% of total employment) (modeled ILO estimate)","SL.SRV.EMPL.ZS","","","","","","","","","","","","","","","","","","","","","","","","","","","","","","","","57.9237598677986","58.4202881261973","59.1545649705816","60.2510353045206","60.825491294381","61.793156945123","62.3841933098285","62.8299090812909","63.3010408447704","63.8313975547448","64.6024582575336","65.1460791136525","66.1976256285298","66.3916331203167","67.834590380863","67.6353506671821","67.3476213975735","69.0449881138914","69.531812060413","69.6245128783923","70.6143963040454","70.228668900092","70.8152094828411","70.4767257159076","70.9759853455225","71.3556858152454","71.3142217227741","71.3851925415178","71.6630846015593","71.6559512297747","71.4070006981136","71.9534438323531","72.3926155732498","72.6164237512878","72.9547886419257",
"Djibouti","DJI","Employment in services (% of total employment) (modeled ILO estimate)","SL.SRV.EMPL.ZS","","","","","","","","","","","","","","","","","","","","","","","","","","","","","","","","92.5979696421413","92.7157466003898","92.9601080290328","93.0711116967541","93.2021952942455","93.3471955415761","93.4590787662916","93.5454991769429","93.569119989687","93.6344349462509","93.6743533117628","93.6864823742465","93.6906278728449","93.678238444753","93.6675667660418","93.6169725995013","93.535090976606","93.4354327403269","93.508965595324","93.5281793855919","93.4995036500294","93.511639098934","93.4867258919246","93.3896968358623","93.2723560939206","93.1564692327645","93.041040472684","92.9160959301651","92.8177550927403","92.8081699740809","92.6275507357945","92.571679830982","92.4285639385519","92.2769407847409","92.1662710237891",
"Dominica","DMA","Employment in services (% of total employment) (modeled ILO estimate)","SL.SRV.EMPL.ZS","","","","","","","","","","","","","","","","","","","","","","","","","","","","","","","","","","","","","","","","","","","","","","","","","","","","","","","","","","","","","","","","","","",
"Denmark","DNK","Employment in services (% of total employment) (modeled ILO estimate)","SL.SRV.EMPL.ZS","","","","","","","","","","","","","","","","","","","","","","","","","","","","","","","","67.7775665929985","68.1289356077873","68.7363991489795","68.4406896832174","68.5282436347004","69.7283928550465","70.0250124283631","69.841625054972","69.7534005524831","70.993775527562","71.0603859068936","73.3007524657711","73.5585898326005","73.0358445328561","72.9252698977169","73.5806817948061","73.529406550233","74.0389756363221","76.6697923761526","77.5903899683364","77.5706471940683","77.5941093768257","77.765156759104","78.1496705722712","78.0839708642778","78.617585859732","78.9511826608385","78.8985827369521","79.2310732242318","79.0113854001453","78.6001557779052","78.8086524498253","78.7221717281139","79.330803465223","79.5748181773447",
"Dominican Republic","DOM","Employment in services (% of total employment) (modeled ILO estimate)","SL.SRV.EMPL.ZS","","","","","","","","","","","","","","","","","","","","","","","","","","","","","","","","53.8820163045654","54.338183513517","54.752935586778","55.1663627226257","55.6218809937614","56.033436438396","56.418079945637","58.5602270341352","59.0850527174583","59.7239154219593","61.8661581459574","63.2314076047695","63.453402920223","62.5413587246926","63.6622285502119","63.9173592668984","64.5221560314344","65.6916671523955","68.607671372439","68.891880322439","69.5538462312631","69.7010195080925","71.6049118668822","70.8017143140267","71.1527249808892","71.2596679288126","70.2184572837292","70.312652999912","71.6539146664975","71.5693231071999","71.7397350648633","72.770944746094","73.4365338131703","73.7499423191835","74.0204119000483",
"Algeria","DZA","Employment in services (% of total employment) (modeled ILO estimate)","SL.SRV.EMPL.ZS","","","","","","","","","","","","","","","","","","","","","","","","","","","","","","","","54.2233076741875","54.269719826933","54.204668943215","54.0837880734175","53.9725484077843","53.894267157947","53.7442047174885","53.841061636582","53.7292593866883","53.3126368420359","53.285965272387","53.4725659428094","53.5971305690277","51.8749861539072","52.7471480126678","53.7389001163239","54.7655015256435","55.7369182407433","56.8663162782856","57.6166272790117","58.3706549813845","59.0534872447277","59.6928527590247","59.5848214456533","60.0078982463763","60.1185685728887","58.8561891418821","58.75502744623","58.777382998983","58.2761950622328","58.2198528489355","58.0537400485733","58.1913415748377","58.2133758619657","58.2543408872525",
"East Asia & Pacific (excluding high income)","EAP","Employment in services (% of total employment) (modeled ILO estimate)","SL.SRV.EMPL.ZS","","","","","","","","","","","","","","","","","","","","","","","","","","","","","","","","21.8888390576561","22.5963599308039","23.8069656286955","25.2637965564229","26.8033138305613","27.8071082262733","28.32632765548","28.7297379916959","28.9527406445297","27.8390217937317","29.713370552202","30.4067125464045","30.9345803950401","32.2709212137079","32.8324587477991","33.7531720683569","34.0775612072058","34.7584500201196","35.5815131917881","36.0863431051804","36.9745145965124","37.3525916734012","39.2475964791959","40.9292596352861","42.4219053395499","43.1177448983783","43.5874574836679","44.1724329882583","44.8425750356599","45.3671710336408","45.7081966356023","45.3431885785627","46.2014177250231","46.6195086807058","47.0076786256634",
"Early-demographic dividend","EAR","Employment in services (% of total employment) (modeled ILO estimate)","SL.SRV.EMPL.ZS","","","","","","","","","","","","","","","","","","","","","","","","","","","","","","","","30.9552465935414","31.1555266397448","31.6028821429396","31.9194406318742","32.318597345019","32.6463470958463","32.9336421296965","33.1806749542392","33.2882010142016","33.4056555152751","33.8203664872541","34.1889282942924","34.5950896258389","35.2701985795278","35.5779310299796","36.1298785956201","36.4997628407401","36.8154070547197","37.3076207905271","37.627883607489","38.2412433265795","38.9100774714198","39.4338660085644","39.9580193903974","40.7108021874196","41.4657338992315","42.1817518377007","43.0006967948639","43.6372378448562","42.0783881531641","42.2103991280772","42.240539023977","42.4868828619351","43.0355884818434","43.3570543531077",
"East Asia & Pacific","EAS","Employment in services (% of total employment) (modeled ILO estimate)","SL.SRV.EMPL.ZS","","","","","","","","","","","","","","","","","","","","","","","","","","","","","","","","25.9027963723182","26.5972898029043","27.775814447564","29.1396332187897","30.577168793349","31.5381021508377","32.0631955095964","32.4739333704024","32.6981693314947","31.7176261018131","33.4729218654086","34.1543371084999","34.6189439495196","35.8908836176745","36.4536890292824","37.2976946635727","37.6163498589815","38.2629998041567","39.0228471020563","39.5045890586897","40.3320959149131","40.6994504223595","42.4468933467233","43.9948280202982","45.3830004047856","46.0692830854019","46.5283433572732","47.0885998929594","47.7586923888732","48.2687163853332","48.554740320802","48.2858143978562","49.0736724935395","49.5137472823256","49.8804456191501",
"Europe & Central Asia (excluding high income)","ECA","Employment in services (% of total employment) (modeled ILO estimate)","SL.SRV.EMPL.ZS","","","","","","","","","","","","","","","","","","","","","","","","","","","","","","","","41.4926314716304","41.7717635892088","42.8604903060476","42.6320444427378","42.8402470152354","43.3362427536584","43.9151825111825","44.1654274693553","44.5730706808206","45.3177474036427","45.5936800683171","46.4101260503695","47.0258295587229","48.0560723434196","48.8099278992836","49.3840344135161","49.7924989941678","50.0148610701717","51.0478228138783","50.8277980340941","50.7550265266265","51.2682790488875","51.7615351044039","52.0904713495558","53.1299554293264","53.7935053641794","54.188247670037","54.7126502627857","55.4525156704777","55.2544805904586","55.2494562901699","54.6742869735513","55.4825110089937","55.8325603969644","56.1394001603636",
"Europe & Central Asia","ECS","Employment in services (% of total employment) (modeled ILO estimate)","SL.SRV.EMPL.ZS","","","","","","","","","","","","","","","","","","","","","","","","","","","","","","","","51.6643104795071","52.1067182809565","52.9299886386978","53.7104710148875","54.587987632003","55.5506630362828","57.0352185977227","57.5313229380716","57.5597414855234","58.1843493109797","58.8512103951134","59.5984059459639","60.2421608032207","61.1725764876525","61.6835786266113","62.1201299762242","62.5512828831111","63.2209792965126","64.4675746716665","64.6911544662801","64.9815882855782","65.2305078847203","65.6760207821895","65.9833090225513","66.4624963673751","66.818454881048","67.0860259743153","67.3571331107608","67.6387913701824","67.7884619127875","67.8804176431195","68.5530514609759","69.1095672744042","69.3731734459095","69.6755164422269",
"Ecuador","ECU","Employment in services (% of total employment) (modeled ILO estimate)","SL.SRV.EMPL.ZS","","","","","","","","","","","","","","","","","","","","","","","","","","","","","","","","50.09414679778","52.4469768373142","50.4058139507182","52.8529985025727","55.3950387362882","54.6615624506858","53.5267218298543","53.4277380902059","51.7304807090219","49.3080295708647","49.8193203460562","50.4633967192326","50.9872064222335","50.9855494371993","51.4430831005581","51.7556122867384","52.8737530919095","53.2794438869723","52.6565234774901","53.6098234032825","54.1171447165174","54.6902189023713","54.4869192548521","55.0206256641921","54.4112830836989","54.65026273824","53.9623760154301","52.8688881404047","53.2033113588467","52.3239345773939","50.9842146147874","51.1282687852885","52.5354896324424","50.7669798794512","50.9282964613367",
"Egypt, Arab Rep.","EGY","Employment in services (% of total employment) (modeled ILO estimate)","SL.SRV.EMPL.ZS","","","","","","","","","","","","","","","","","","","","","","","","","","","","","","","","38.3819163320591","38.7814470276853","41.5658920311342","41.8733499364119","42.6366824414834","43.6325135679232","44.8311087779068","46.4584532213671","47.2439549161213","47.6089811863634","48.7143210047536","50.4288098079887","48.9189375894669","46.7624705762713","46.1186885103671","45.2445881515105","44.6781609659177","45.0167262550183","45.8952676392402","45.9092333154061","46.7731615010139","47.6695219240856","47.5121924238853","47.6205829666049","48.7060699058172","48.9235326517436","48.3810136267644","51.4594343772588","50.2364117679771","51.1244278869218","52.3557441315673","52.4233638964086","52.5125919126401","52.8105546213588","53.1180498028743",
"Euro area","EMU","Employment in services (% of total employment) (modeled ILO estimate)","SL.SRV.EMPL.ZS","","","","","","","","","","","","","","","","","","","","","","","","","","","","","","","","59.4480170187317","60.1973444671599","61.0619657678078","61.8901137666316","62.3959787940212","63.1568653884599","63.5389352114058","63.710310862677","64.3480170331442","64.8525361325008","65.2463878880796","65.7710357049256","66.4811899081955","67.0497959021988","67.6114717287382","67.8278362518708","68.1499387910119","69.3857582432492","70.482898605004","71.0427522893639","71.7941722584276","72.0628035274387","72.6415723899417","72.9503616076239","73.1093705073505","73.380776217786","73.4181848590993","73.5729375578176","73.6546939757842","73.7344271910015","73.7463597420455","74.0038423000259","74.3823733455121","74.5611619211348","74.8970738085859",
"Eritrea","ERI","Employment in services (% of total employment) (modeled ILO estimate)","SL.SRV.EMPL.ZS","","","","","","","","","","","","","","","","","","","","","","","","","","","","","","","","27.7655136780423","27.3097180707146","29.155158614206","31.1811887043517","30.9637488339111","31.7716141387707","32.970050602807","32.8137166670457","32.8088401740724","32.6086608722734","33.3764228592348","33.6702358350594","32.5231081375119","32.1564654948697","31.3905437575211","30.9640815791832","30.9950782395484","29.4724875807263","30.0356989838531","29.6239158388382","30.8402926099545","31.1252464478823","29.3509575790246","32.033265305361","29.7974304030232","30.9015074557143","29.2729192798371","31.0590099021339","31.5372719976368","30.4375988371725","30.0942257010833","30.6262003314242","31.0392414205008","31.3427491891281","31.7822898701048",
"Spain","ESP","Employment in services (% of total employment) (modeled ILO estimate)","SL.SRV.EMPL.ZS","","","","","","","","","","","","","","","","","","","","","","","","","","","","","","","","57.3408528717393","58.5750838125067","59.226209105572","60.2503941218228","60.808780188059","62.1733657086629","62.0433053779701","61.79139354371","62.1144893095672","62.4838984291193","61.9855620176141","62.9570766193983","63.5809735399694","64.3088143825192","65.1301841353961","65.8514009199363","66.5261873994802","68.4673753987186","71.469398607505","72.7066952742291","74.7253735748109","75.1187528613923","75.5474729131241","76.5418960109216","75.7060906775321","76.1281299996035","75.6517057697514","75.6601391330433","75.4222925376582","75.2867523731049","75.2528246563399","75.5247361367108","76.475420743869","76.4350749196344","76.774166700687",
"Estonia","EST","Employment in services (% of total employment) (modeled ILO estimate)","SL.SRV.EMPL.ZS","","","","","","","","","","","","","","","","","","","","","","","","","","","","","","","","43.6739384888853","45.7847851036858","50.6282195715551","53.2481226703661","55.4587303486173","56.528507183268","56.8712040952026","57.748174277999","59.7850502642934","58.6454565888146","59.901991583497","63.6027153160798","63.0648969274279","60.9839149099889","60.732591977727","61.3949650208065","60.0956176991365","60.831103147791","64.5036828593831","65.4654681052685","63.1532586625615","64.4032814805666","65.4644274337664","65.9935205356187","64.7020052102903","65.8840238304643","66.2005612744949","66.4106676304277","67.2841878584407","67.2031106385003","68.2952469530391","68.785368217751","70.0335583785408","70.478745244026","71.0457726757545",
"Ethiopia","ETH","Employment in services (% of total employment) (modeled ILO estimate)","SL.SRV.EMPL.ZS","","","","","","","","","","","","","","","","","","","","","","","","","","","","","","","","16.193504151988","15.3577622243119","16.055746222882","16.2491826323171","16.4804911986501","17.2329775030732","17.2166085147188","16.7836123614139","17.1146255223781","16.7700615429704","16.5556303800332","15.7957745439913","14.6242386712565","14.8535065067694","14.5172703349324","15.1584033557094","15.8939561844975","16.5630090041893","17.1162261495396","18.2258721670096","19.1861755452634","19.6735853568464","20.5578350975924","22.2994356388915","24.1662892255839","25.9400878198106","27.8878646111214","29.4872181948738","31.2993893268397","29.746179087899","30.2266956336875","30.7088048338558","31.4640006362268","32.5755797551025","33.4085850993779",
"European Union","EUU","Employment in services (% of total employment) (modeled ILO estimate)","SL.SRV.EMPL.ZS","","","","","","","","","","","","","","","","","","","","","","","","","","","","","","","","56.0520338445982","56.7548575606351","57.5689439434905","58.3462973877545","58.9738168308356","59.7310851197705","60.1755124199234","60.4399245373105","61.198225436958","61.8588023735844","62.4089813863792","63.1536053106977","63.8388145175193","64.4897012864882","65.0345539755622","65.3711270747709","65.6503536731689","66.5982112202498","67.8257868001718","68.3918648141894","69.0360538685617","69.3070427205237","69.8563093946061","70.1245084783645","70.4092736797605","70.663613899067","70.6898991096232","70.8807894237711","71.0432179650413","71.1332945420988","71.3457100555799","71.6448152075055","72.0756511347745","72.4890327128754","72.8592888602171",
"Fragile and conflict affected situations","FCS","Employment in services (% of total employment) (modeled ILO estimate)","SL.SRV.EMPL.ZS","","","","","","","","","","","","","","","","","","","","","","","","","","","","","","","","32.9530769868345","32.7045780978309","32.7400007431807","32.6102328968397","32.58370608459","33.0083842888974","33.2904398320836","33.3398019662627","33.4545375387973","33.524774077875","33.7381483821835","33.817854694991","33.9855762670825","34.4094581963165","34.7828703429125","35.1742479323989","35.5426872750525","35.9303192824749","36.3171586242474","36.8855728319097","37.3775366744666","37.6962236013836","38.0932597691174","38.7629228722888","39.4938653394789","40.0427770491429","40.4702228020826","40.9747113632631","41.4912932822497","40.1029325486556","40.1012182067414","39.6252076585948","39.8994304346753","40.3162191059388","40.7021976233898",
"Finland","FIN","Employment in services (% of total employment) (modeled ILO estimate)","SL.SRV.EMPL.ZS","","","","","","","","","","","","","","","","","","","","","","","","","","","","","","","","62.3393740252469","63.4913026194764","64.3795755052841","64.9165881393493","64.6450409945233","65.0204168856597","64.8026641060356","64.6300409554819","65.8895032384496","65.8395974147201","67.0842541190968","67.325817763053","68.0258267943562","68.9212593515949","69.190979952716","69.4871584468627","69.2389482910149","70.4704306256229","72.0259997582097","71.3877756595671","72.4666965570832","73.2386447663689","73.5940360920043","72.9109080005503","74.5357147978425","73.8103323870068","74.4117006308902","74.5912921431141","74.6496817273116","75.1611860894489","74.1751964950031","75.2016107061758","75.0161350143499","75.4572536406465","75.6665546218487",
"Fiji","FJI","Employment in services (% of total employment) (modeled ILO estimate)","SL.SRV.EMPL.ZS","","","","","","","","","","","","","","","","","","","","","","","","","","","","","","","","45.6518245242357","46.0307750223519","46.3022934235131","46.5526831359406","46.817101638241","47.1278451570028","45.2747072902958","47.4815617930905","48.1183846252369","48.5398171501649","49.0047939126534","49.4889612489756","49.9161814694426","50.4220577572043","50.9018238928118","50.6231769549281","50.063712630092","49.4919038389799","48.9138172737827","48.325798871301","47.904886333943","47.4600701311043","47.0145804899801","46.4381553788592","47.4455046543771","48.2578904351915","48.9142213896286","49.5275129503195","49.9238479198163","49.0752909414192","49.1878451254561","50.0044550127246","50.6527738417219","51.2828414501781","51.7107898868497",
"France","FRA","Employment in services (% of total employment) (modeled ILO estimate)","SL.SRV.EMPL.ZS","","","","","","","","","","","","","","","","","","","","","","","","","","","","","","","","66.1717143842616","66.6377851339801","67.1773047886735","68.0655981113588","68.260189597267","68.7597968480533","68.8849652033967","69.3650226306825","69.5609751577427","69.6863818634834","69.9744282120942","70.5668579693157","71.7087582510915","71.9446864463875","72.3587950066235","72.2083077311103","73.0427238647503","73.9739571859445","74.3685450121943","74.8050250143304","74.884736451294","75.2867993899041","75.6199828774531","76.6214791222821","76.8790308927203","76.8342900560552","76.9833082622692","77.2706775622299","77.092702342475","77.6851732713273","77.9703526602748","78.1325704924034","78.2487367442902","78.0650150968351","78.3266612562329",
"Faroe Islands","FRO","Employment in services (% of total employment) (modeled ILO estimate)","SL.SRV.EMPL.ZS","","","","","","","","","","","","","","","","","","","","","","","","","","","","","","","","","","","","","","","","","","","","","","","","","","","","","","","","","","","","","","","","","","",
"Micronesia, Fed. Sts.","FSM","Employment in services (% of total employment) (modeled ILO estimate)","SL.SRV.EMPL.ZS","","","","","","","","","","","","","","","","","","","","","","","","","","","","","","","","","","","","","","","","","","","","","","","","","","","","","","","","","","","","","","","","","","",
"Gabon","GAB","Employment in services (% of total employment) (modeled ILO estimate)","SL.SRV.EMPL.ZS","","","","","","","","","","","","","","","","","","","","","","","","","","","","","","","","46.8939721766402","46.6706912670364","46.9375076633833","47.5571057147521","48.4889632984346","49.2212024948524","50.0001821035878","50.5628992585514","49.771031821236","49.6132056191558","49.7725568120939","49.6832604639679","49.7766821170897","49.8084280041311","50.0156742444175","49.7310102482648","50.2402537458281","50.0420720886115","50.0574165738412","50.8908299847056","51.6761449006198","52.271605736389","52.87423962734","53.2916548449755","53.5988635972576","53.7324982736629","53.7101386715588","53.6900013656944","53.7329017971212","52.9789949846865","52.9507599716328","52.6955588311197","52.4057146830885","52.1617227847048","52.2824316264551",
"United Kingdom","GBR","Employment in services (% of total employment) (modeled ILO estimate)","SL.SRV.EMPL.ZS","","","","","","","","","","","","","","","","","","","","","","","","","","","","","","","","66.8136451700557","67.842303653981","68.2573952488583","69.8227548665759","70.2085268079466","70.3287283962269","70.9914988366588","71.3345982654425","72.3661971593714","73.025897424248","73.7031471777082","74.435539279112","75.1519790636712","76.1575090619576","76.455103970323","76.6152388104087","76.4727084252696","77.1735199909998","79.3124373721303","79.597590898558","79.632926632478","79.7733755626054","80.0873898089792","79.7971501548986","80.2128006152245","80.3999966837638","80.6321077679797","80.848389917889","80.6900024754692","81.8308592522647","82.1809081884755","82.5452863132061","83.2062219244254","83.0027962946641","83.2346343545551",
"Georgia","GEO","Employment in services (% of total employment) (modeled ILO estimate)","SL.SRV.EMPL.ZS","","","","","","","","","","","","","","","","","","","","","","","","","","","","","","","","40.1043986926047","39.7969057068626","39.5720210964743","39.6874075006857","39.9898507986023","40.649680344197","41.2654489626945","41.7695415414612","39.0134523033627","38.6948863162216","38.6350095287252","38.736363421138","37.5594917144709","37.9632093333924","37.1497284035358","36.5695464047588","37.1981095668925","37.7859810228217","38.2296745403604","39.0915338322354","38.2736382600997","39.8258290116134","39.5960459866064","40.5939074974354","42.6477716192691","42.0650375510804","41.515487558094","44.5424452064599","45.432591605437","45.5291636397443","46.3969152061248","48.0998346545718","48.2633526600798","48.880696375308","49.4768253255816",
"Ghana","GHA","Employment in services (% of total employment) (modeled ILO estimate)","SL.SRV.EMPL.ZS","","","","","","","","","","","","","","","","","","","","","","","","","","","","","","","","19.2495592579111","19.6417306283315","19.8670680295562","20.2297826208925","20.6601707826735","21.023029166447","21.573428414536","21.977340339603","22.3898650369239","22.8109376605318","23.1927214685089","23.5900222805842","23.9744750700066","24.3625958167959","24.8565811487867","25.288312668557","27.8001838342598","30.3707066336509","33.0893271352197","35.9961542608735","36.7766163934906","37.4947416108468","38.2417948146852","38.6940595630741","39.222717893752","39.847907649739","40.4779009698499","43.3304443727721","46.2626006908497","47.3757103048859","49.650798741002","45.9717484467524","46.3573976923314","46.9338792969459","47.1708185731584",
"Gibraltar","GIB","Employment in services (% of total employment) (modeled ILO estimate)","SL.SRV.EMPL.ZS","","","","","","","","","","","","","","","","","","","","","","","","","","","","","","","","","","","","","","","","","","","","","","","","","","","","","","","","","","","","","","","","","","",
"Guinea","GIN","Employment in services (% of total employment) (modeled ILO estimate)","SL.SRV.EMPL.ZS","","","","","","","","","","","","","","","","","","","","","","","","","","","","","","","","21.9278291373328","22.1556538878163","22.3001212437898","22.2966956561747","22.3555482631818","22.5081607399923","22.7859243713782","23.0505744036006","23.1987425869425","23.3767132405602","23.7294762077328","24.1020323231906","25.146955497551","25.6695335075449","26.3719189184784","26.8651554202943","28.0171061132818","28.8071482307466","29.1907420215084","30.1014559078617","31.3078486570694","32.3091884593265","33.3373765216158","34.1953252141567","34.7260591834215","35.7570844789116","36.5926607332043","37.2402353243893","37.559744591127","36.2099129957581","36.1673715625094","36.6305797488308","37.0171693809915","37.7281150700377","38.4901231323681",
"Gambia, The","GMB","Employment in services (% of total employment) (modeled ILO estimate)","SL.SRV.EMPL.ZS","","","","","","","","","","","","","","","","","","","","","","","","","","","","","","","","51.318730442557","51.4407430634669","51.5112383330105","51.1916363649066","50.9910628735879","51.2137463717279","51.4335545758442","51.6764976408801","51.9005959250541","52.2531474860038","52.6036750677779","52.2204850604084","52.5556107748168","52.9568945112169","52.6119174631022","52.7173710968388","52.9853041530905","53.235913937204","53.7177687147601","54.1395392883354","53.3438713908554","53.5536628026544","53.5430702246149","52.9846547266769","52.9561021477881","52.674540908699","53.0309145342971","53.6492645551985","54.1109680059143","52.6244463491511","52.0082996322025","52.3324948218067","52.3366917563934","53.0004585853733","53.6436689000085",
"Guinea-Bissau","GNB","Employment in services (% of total employment) (modeled ILO estimate)","SL.SRV.EMPL.ZS","","","","","","","","","","","","","","","","","","","","","","","","","","","","","","","","24.444160528638","24.3743673012641","24.1890334266425","24.2219317686727","24.4075648299178","25.0432303353439","25.8228058510638","24.6591835268528","25.5302490413097","25.6591185179561","26.0066599129088","26.0209700569613","25.9233403437682","25.9444685578241","26.2932839696447","26.4522868136397","26.534102760203","26.6182875975769","26.8066320798921","27.0615733230428","27.545238920129","27.1807193951318","27.3750866666779","27.4407090744019","27.5812667985192","27.9553667523261","28.126449126859","28.2848942505895","26.4389055440372","25.6223678053346","26.3433093347714","27.7274781015429","28.1377661043725","28.6152045902427","29.2144614326375",
"Equatorial Guinea","GNQ","Employment in services (% of total employment) (modeled ILO estimate)","SL.SRV.EMPL.ZS","","","","","","","","","","","","","","","","","","","","","","","","","","","","","","","","27.0272784209645","27.2710931086757","27.438816196853","27.8377276964903","28.0679496828298","28.367605597372","29.9252502847253","30.3577402058703","30.909633301207","31.5630665686969","32.7297034020925","33.1039258142755","33.2519831357087","34.1218955219847","34.4631068023334","34.4381186004223","34.7689438720528","35.0525144231699","34.6932450073678","33.572569773828","33.3966470631531","33.4572768338056","33.3781006011193","33.5124530172236","33.4415468588349","33.2554361385846","32.9047541281407","33.9812218540233","33.8998005742912","33.7220632281932","34.1596229434067","34.3496118898717","34.4458158479388","34.7540538502149","34.7479074828001",
"Greece","GRC","Employment in services (% of total employment) (modeled ILO estimate)","SL.SRV.EMPL.ZS","","","","","","","","","","","","","","","","","","","","","","","","","","","","","","","","54.3328486116703","54.9078802880418","55.5517239379257","56.277923611263","57.1388095576302","56.8663027992064","57.6378550057079","58.8547781530484","59.3446502717446","60.0529400907765","61.2212948554723","62.1383486476911","62.6687332715283","65.6513672214308","65.7969789096494","66.4589041799024","66.4322560679937","66.9735722390318","67.5911309792269","68.3765748418971","70.4077134823234","70.9718803083403","71.175547803414","71.8138802616325","72.4496775055742","72.7080289339947","72.8089107521001","72.7433834266205","73.5304317669499","74.693425028396","73.3614429800662","73.2851970485516","72.5713945343447","72.6566767812491","73.0070237583302",
"Grenada","GRD","Employment in services (% of total employment) (modeled ILO estimate)","SL.SRV.EMPL.ZS","","","","","","","","","","","","","","","","","","","","","","","","","","","","","","","","","","","","","","","","","","","","","","","","","","","","","","","","","","","","","","","","","","",
"Greenland","GRL","Employment in services (% of total employment) (modeled ILO estimate)","SL.SRV.EMPL.ZS","","","","","","","","","","","","","","","","","","","","","","","","","","","","","","","","","","","","","","","","","","","","","","","","","","","","","","","","","","","","","","","","","","",
"Guatemala","GTM","Employment in services (% of total employment) (modeled ILO estimate)","SL.SRV.EMPL.ZS","","","","","","","","","","","","","","","","","","","","","","","","","","","","","","","","41.7678153435955","41.9620066193887","42.1736264144846","42.39460438416","42.6191498520356","42.7959335934521","43.0042272220894","43.2354732520435","42.5073944120055","41.7484585180612","42.0463427297064","42.323224094847","42.6521091140739","42.9482144378648","43.1234292248723","43.280731942754","43.5978730887799","43.9380772254129","44.1770232417246","44.4914633937429","42.6905455596618","48.3776101426308","48.6840149016601","49.0079140931657","49.2296584496901","49.6096108368081","49.2176715882893","47.9836100295693","49.8605356630893","49.0529668170514","48.758468133128","50.8457957303719","47.6771712236122","48.0195653646397","48.2345251648488",
"Guam","GUM","Employment in services (% of total employment) (modeled ILO estimate)","SL.SRV.EMPL.ZS","","","","","","","","","","","","","","","","","","","","","","","","","","","","","","","","72.4554307991064","72.696091967387","72.9314368752477","73.07314312943","73.2961788159962","73.5220674064333","73.7230191714707","73.9673251839407","74.2067837917046","74.3718985050404","74.651336931765","74.9238886143743","75.1576548451549","75.2724058580594","75.4481128501947","75.7897679619793","76.0006398976164","76.1828921326076","76.4758644402254","76.6592414474752","76.9066699168165","77.1121006311939","77.3359457333274","77.5297344151876","77.7484509308529","77.9785353359596","78.1885009922576","78.4097610288956","78.5621432204827","78.9568318374563","78.6959974119931","78.7392271337226","78.8651915901362","79.036881330021","79.1832966794277",
"Guyana","GUY","Employment in services (% of total employment) (modeled ILO estimate)","SL.SRV.EMPL.ZS","","","","","","","","","","","","","","","","","","","","","","","","","","","","","","","","41.7080669011673","42.7809554178209","43.5986567828137","44.6182040317654","45.2990641637199","46.4189822537852","47.4106593590962","47.7646244319485","48.7291813705209","49.4844010868498","50.2987256294649","51.025641025641","51.4106028635711","51.8874231578261","51.6377072906476","52.5129074701359","53.4465538440724","53.6163939493614","54.3341676255096","55.0489152543712","56.0182940051649","56.7362331835038","57.3426409063132","57.6728545260683","57.8944907842091","58.3306162373655","58.7442975334416","59.1450397578084","60.2760938068582","59.8918092934509","60.5864163182245","59.3933970705977","58.5115796431402","56.988300107316","56.6920372875109",
"High income","HIC","Employment in services (% of total employment) (modeled ILO estimate)","SL.SRV.EMPL.ZS","","","","","","","","","","","","","","","","","","","","","","","","","","","","","","","","59.980554723242","60.5800942070287","61.4563471416238","62.2883016503981","63.0063737715357","63.760523585418","64.8282363714394","65.4908069601403","65.6952160803919","66.061874506296","66.7516482334889","67.3485722129329","67.789428541234","68.413460663447","68.8198709965947","69.0594142353794","69.3798774761842","69.9769804119895","71.1430752898404","71.4949409286095","71.7893318302046","71.9714026348311","72.2277662753751","72.390840481779","72.6245530449315","72.8554450746567","73.0213226653317","73.1470466515816","73.3713294096081","73.618674997519","73.9094378422194","74.1657834878062","74.327623396542","74.6487612081329","74.9146961480993",
"Hong Kong SAR, China","HKG","Employment in services (% of total employment) (modeled ILO estimate)","SL.SRV.EMPL.ZS","","","","","","","","","","","","","","","","","","","","","","","","","","","","","","","","63.7191880666053","65.6723349834042","69.0761331643335","71.0637080057929","71.9761488879483","73.4387134911641","74.8436881160909","76.4588898260462","77.9397342417857","78.7037054329293","79.835754181407","80.7853687591672","82.031510191875","83.5276997893708","84.0157014626361","84.3772420167857","84.9848987893948","85.6207100285458","85.8569536250019","85.9805557432341","85.9722627563245","85.9125120983399","85.8104501591429","85.7844508812036","86.0907847127284","85.6647697108142","85.7336338316202","85.8406854656978","86.1084819312946","86.3455967103828","86.1550986100745","85.8014893136207","85.7823146393718","85.6979264629397","85.8032590723654",
"Honduras","HND","Employment in services (% of total employment) (modeled ILO estimate)","SL.SRV.EMPL.ZS","","","","","","","","","","","","","","","","","","","","","","","","","","","","","","","","47.0769138640958","47.979673290237","46.334804123428","44.5168229157331","44.2858160526282","45.2685872692583","46.8731183909566","48.1869855047133","48.7701145666416","47.7258117506166","46.7640901856205","45.2132427685955","47.1552703353643","48.563079513121","48.9095176183667","47.9820915708055","49.3573823281256","49.7088183984584","49.85168360026","50.6972236229878","51.1057524187924","49.2678482583046","52.6741838502702","54.7264956135791","55.2237514233147","56.6560388731984","53.4011008952178","53.8674241545705","53.7969359287501","52.8681822483696","52.3453569766565","54.3970858378542","55.2307297546957","55.5887327260996","55.9398845656115",
"Heavily indebted poor countries (HIPC)","HPC","Employment in services (% of total employment) (modeled ILO estimate)","SL.SRV.EMPL.ZS","","","","","","","","","","","","","","","","","","","","","","","","","","","","","","","","22.9073798391326","22.4603325161648","22.5420593112756","22.4852761683891","22.5592782561274","22.9119085997648","22.997604861925","23.1379876275238","23.3286449933255","23.4167466038841","23.3992651454444","23.5255210155926","23.7543473038915","24.0655674122561","24.2967550450461","24.7678231250967","25.3443278387081","26.0024461340564","26.5889689964448","27.6824699010464","28.2130709217464","28.8762698152732","29.0237836615543","29.6909763390541","30.3239994266956","30.9168135966817","31.5966369424296","32.55680090937","33.7580970332618","32.0223789035435","31.7635680287488","32.0203611838559","32.0527773515892","32.6863624916923","33.1237793692356",
"Croatia","HRV","Employment in services (% of total employment) (modeled ILO estimate)","SL.SRV.EMPL.ZS","","","","","","","","","","","","","","","","","","","","","","","","","","","","","","","","47.6008699583966","48.5949250524377","49.2654195963545","49.9233555346451","50.6103290390771","51.0539057622467","52.6897202280061","53.1890805752505","53.9161647327359","54.2913535586619","54.2998276385465","54.6260194336912","52.8830759945369","53.394659306421","54.0716464217486","56.4085234551668","57.0029485614245","56.3295040785797","57.6668250531353","58.2939576533848","57.460357167503","60.6075109159114","62.3243977327961","63.7527041870204","64.2269402681837","65.8494036360584","66.9147628757474","66.5358185140483","66.2816107390838","65.6981809185907","64.7533505336253","66.4527950409127","67.8972188419936","68.8520963984679","69.3106058073125",
"Haiti","HTI","Employment in services (% of total employment) (modeled ILO estimate)","SL.SRV.EMPL.ZS","","","","","","","","","","","","","","","","","","","","","","","","","","","","","","","","34.8957844305731","35.0230844766639","35.2366601659488","35.0967684036004","35.8730623044163","36.3691278939087","36.9734154001629","37.2687628231322","37.662349572788","38.1870541873793","38.5097855868573","38.9417227601598","39.1601343141967","39.4966355926497","39.7930846200523","40.0691742465931","40.5092488146252","40.8861500027428","41.4418741460844","41.6456468205565","42.1101366689403","42.4687000556365","43.0749117365222","43.4888727681183","43.9677215304352","44.4264844063213","44.8570290716919","45.234535794399","45.5271306436053","44.1937610421117","43.923406295934","43.9306089097916","44.2123985347712","44.3827106088033","44.5850424241342",
"Hungary","HUN","Employment in services (% of total employment) (modeled ILO estimate)","SL.SRV.EMPL.ZS","","","","","","","","","","","","","","","","","","","","","","","","","","","","","","","","52.7286309130957","53.6895484235075","56.9327008750161","58.0831554939515","59.2621991319046","58.4547983726836","58.8637022711353","57.7819501597887","58.6698592397231","59.7939880004898","59.4442251370294","59.8113551330241","61.312924942547","61.9011243762617","62.7580502169847","63.0176644779506","63.0260043612585","63.4619121885098","64.2340427632153","64.7554716412838","64.27523119767","65.1444479333131","65.3275705622734","64.8216356072609","64.7707039451397","64.5221482439007","63.4399952715494","62.6263013871514","63.1294647051426","63.3620122874256","64.2341725884873","64.3628015412007","64.5402734165606","64.9441934000781","65.3516602373567",
"IBRD only","IBD","Employment in services (% of total employment) (modeled ILO estimate)","SL.SRV.EMPL.ZS","","","","","","","","","","","","","","","","","","","","","","","","","","","","","","","","29.1741957582165","29.6507650679638","30.5652558792438","31.5361755345087","32.592776180027","33.3196958001154","33.9130878694482","34.332537613419","34.4423458565603","33.9735472109582","35.2144627442556","35.7699363522593","36.2497201834029","37.1839836578489","37.6935041318987","38.4337699342109","38.7904723908988","39.2893938371235","39.9791078029334","40.341359138614","41.1241212725458","41.6188092547211","42.8558299591886","44.0073479396492","45.1139273088314","45.7282236586789","46.21383718336","46.8151968468622","47.4005034604251","46.7782475544879","46.9130529858535","46.6312136764091","47.2395553045146","47.6584595700811","47.9626203296662",
"IDA & IBRD total","IBT","Employment in services (% of total employment) (modeled ILO estimate)","SL.SRV.EMPL.ZS","","","","","","","","","","","","","","","","","","","","","","","","","","","","","","","","28.7123209291167","29.1058541191625","29.917129552505","30.7140563783784","31.6553395005716","32.3464383085582","32.8861955943018","33.2002688751728","33.3046957790525","32.8917571592492","33.9749738788964","34.5116133074682","35.0037404639143","35.8254759364753","36.3044044031978","36.9497295386167","37.3082182168134","37.7777783656593","38.3998546284258","38.8157844675368","39.4859052241366","39.9675927932674","40.9581842400565","41.9695697613906","42.9323736300157","43.487258240236","44.0285554876015","44.6569473084125","45.2307121726638","44.4149102406701","44.5240233421019","44.3696412632604","44.8753945700068","45.3098319449285","45.6002933821045",
"IDA total","IDA","Employment in services (% of total employment) (modeled ILO estimate)","SL.SRV.EMPL.ZS","","","","","","","","","","","","","","","","","","","","","","","","","","","","","","","","26.5187933707721","26.5504774794717","26.9269861461439","26.9871637409356","27.4665002214296","28.061501929564","28.4237593360674","28.3429475970949","28.4737046689544","28.3430313939531","28.8285324537703","29.3569913582244","29.9559771981604","30.3677284891099","30.7732195895451","31.1077701254233","31.5390692484925","31.9787637270801","32.4634647923942","33.1761331131858","33.5128914786478","33.9784482678971","34.2066374882235","34.7772549004469","35.3126787401334","35.7730976131563","36.6044037908908","37.4182200584388","38.0468419968933","36.8685860147652","36.8502444971849","37.2952360286385","37.4313878006631","37.9590889835325","38.3397460309029",
"IDA blend","IDB","Employment in services (% of total employment) (modeled ILO estimate)","SL.SRV.EMPL.ZS","","","","","","","","","","","","","","","","","","","","","","","","","","","","","","","","35.3451962004613","35.2792743986237","35.8570618297774","35.6363825405541","36.3983171201933","36.566605254499","37.4183047325374","37.32343130608","37.5154320826068","37.0181175607374","37.2029016555949","37.3094109370353","37.5252389517933","37.7462556582567","38.0817793502797","38.1849577612214","38.3411362569623","38.5981708358291","39.1760682272756","39.4737004524221","39.69374476909","40.1379907497393","40.4248062610691","40.7850833514006","41.0998964480777","41.0459300660545","41.9438701077397","42.8887519648715","43.1645481106458","42.2723122797502","42.6195827505939","43.3693815982496","43.7932376534752","44.2413696899304","44.6159653186571",
"Indonesia","IDN","Employment in services (% of total employment) (modeled ILO estimate)","SL.SRV.EMPL.ZS","","","","","","","","","","","","","","","","","","","","","","","","","","","","","","","","37.9516608991582","38.1875895302698","38.4740427660865","38.6871647208644","38.7940950398737","38.5206236114548","38.3475024557593","38.3719657711489","38.3384386266954","38.352998056901","38.6122387718338","38.0265807831709","36.9839985386923","39.7886583628212","38.3648350904152","40.5038242639647","41.1092215565331","41.2105251833877","42.0005634480942","42.9720752142772","43.5903168345826","43.7825025272112","44.2424703975957","44.497023084378","45.1010964067699","46.6339424180905","47.3557647336161","48.1687622744529","49.1356329001475","49.0568463452771","49.2513693430476","48.8471685544592","49.2692149419358","49.7537526677536","50.1698745725842",
"IDA only","IDX","Employment in services (% of total employment) (modeled ILO estimate)","SL.SRV.EMPL.ZS","","","","","","","","","","","","","","","","","","","","","","","","","","","","","","","","21.9115023282806","21.9743054871236","22.2619746141809","22.4680694578584","22.8200796348351","23.6129266284181","23.6786710978057","23.6124939061796","23.6883659277759","23.726070419378","24.3477824868912","25.0833064656278","25.8738335681709","26.3703391472986","26.8156239760472","27.2735919779033","27.827806174468","28.3447490559733","28.7517694150434","29.6842152726202","30.0899153892311","30.5529302942114","30.7437388208943","31.4030372811577","32.0409576900659","32.7826055946813","33.6156576003153","34.3888744265324","35.2176746364598","33.8952444383469","33.6215233119535","33.8745950619497","33.7310008060003","34.2578387438345","34.6404426931985",
"Isle of Man","IMN","Employment in services (% of total employment) (modeled ILO estimate)","SL.SRV.EMPL.ZS","","","","","","","","","","","","","","","","","","","","","","","","","","","","","","","","","","","","","","","","","","","","","","","","","","","","","","","","","","","","","","","","","","",
"India","IND","Employment in services (% of total employment) (modeled ILO estimate)","SL.SRV.EMPL.ZS","","","","","","","","","","","","","","","","","","","","","","","","","","","","","","","","22.2867363071309","22.4388544747388","22.5766758080731","22.7774093530333","23.0250885170126","23.2153600889989","23.3687662577929","23.5571330359981","23.8125410413714","24.0513301566929","24.356356017476","24.7354169170179","25.1415353719471","25.5820631919076","25.9783149220993","26.20309067095","26.309209260168","26.3693638512179","26.4920231164018","26.5660351341417","27.3773195279181","28.2198150791246","29.0034439664578","29.8492736825481","30.7722358188634","31.6056633714195","32.4671651415297","33.3391272966505","34.0970739669082","31.6208572724385","31.4503271149612","31.0186666923037","31.4572072768006","32.2743097449178","32.5575625031109",
"Not classified","INX","Employment in services (% of total employment) (modeled ILO estimate)","SL.SRV.EMPL.ZS","","","","","","","","","","","","","","","","","","","","","","","","","","","","","","","","","","","","","","","","","","","","","","","","","","","","","","","","","","","","","","","","","","",
"Ireland","IRL","Employment in services (% of total employment) (modeled ILO estimate)","SL.SRV.EMPL.ZS","","","","","","","","","","","","","","","","","","","","","","","","","","","","","","","","58.6118240346248","59.1371906795372","59.721470511654","59.5831082979824","60.2083857335197","61.4333130604692","60.5374606297846","62.222372943473","63.0540684126282","63.5861832500352","63.9647393362917","65.3447150525713","65.7629493076148","66.030950255595","66.2896033387626","66.7042802697566","68.7900092081239","71.4268913079153","74.5566452888981","76.1651516474016","76.8242375703952","77.231632259694","76.9929188348265","77.2572236431789","76.5641502516577","76.1721873924755","76.1133632727943","76.4211057443353","76.801823592927","76.6973921597929","76.0630774423964","76.776195762458","78.0908405790581","77.5947638686205","77.932823957288",
"Iran, Islamic Rep.","IRN","Employment in services (% of total employment) (modeled ILO estimate)","SL.SRV.EMPL.ZS","","","","","","","","","","","","","","","","","","","","","","","","","","","","","","","","40.5004634185127","40.7191859436139","41.0575069119308","41.263212848297","41.5139451365427","41.6126418288442","41.9506541382239","42.3151766471547","42.5266425776739","42.8201671443427","43.001902567373","43.2657106146744","43.6209089555936","44.0193313320535","44.4228204534828","44.7779720988768","44.7367506941307","45.0565733473302","46.5740135709758","47.0322654494284","49.0339758700425","47.391066769666","47.8673922129726","48.689510703435","49.7102427958867","50.6680482832161","50.7119293382189","50.9920906306507","50.8459690258415","49.8044176390066","50.4237969371411","50.5016773470293","50.9235642909999","51.2854523696268","51.674147005512",
"Iraq","IRQ","Employment in services (% of total employment) (modeled ILO estimate)","SL.SRV.EMPL.ZS","","","","","","","","","","","","","","","","","","","","","","","","","","","","","","","","58.5386285782175","58.8678680992945","59.2109362488899","59.4715010552604","59.9146334532106","60.23958550027","60.5982777703648","60.8608659519588","60.6697076262785","60.5032187727034","61.0988009944332","61.6686493146073","62.3836495513663","63.0927538831533","63.3020084388836","63.5998750179836","64.2780541518814","64.3748579291614","64.8807835976359","64.7879581352703","64.7402592048668","64.3491039405485","64.3025451926869","64.4825074478661","64.743581088631","64.6173724842682","64.765265367694","64.9264494724896","65.1269841378566","65.0585599706015","64.8404047883806","64.5210097530017","65.0181172620081","65.0594602798714","65.2954744662424",
"Iceland","ISL","Employment in services (% of total employment) (modeled ILO estimate)","SL.SRV.EMPL.ZS","","","","","","","","","","","","","","","","","","","","","","","","","","","","","","","","63.9184487502366","64.8649827049967","65.6919593953115","65.0732115063123","65.4864999034722","66.5124226786508","66.2390618692829","64.7190937448695","67.9410447714129","69.18426802622","69.3782910483485","70.0839968926005","71.3603300401694","70.3221372112793","71.7778259367074","72.1382337916052","73.1841466702615","73.392702814414","75.664816857458","75.9715096762306","75.9566165499828","76.2268272224192","76.9190677873116","77.0331217296608","77.9243352205818","78.6450414757955","78.7603425751198","79.1772010796093","78.4906242982259","78.0106683401318","76.9958460207364","77.9519664790404","77.9753224412096","77.885485109651","78.1494643918603",
"Israel","ISR","Employment in services (% of total employment) (modeled ILO estimate)","SL.SRV.EMPL.ZS","","","","","","","","","","","","","","","","","","","","","","","","","","","","","","","","71.4362849058053","71.5550012686675","71.1024618480737","71.6243257693699","71.8869967055988","72.4745926946713","73.3688438969635","75.0321380669335","76.0540714234951","76.884926156281","77.7127357556465","78.4514277684995","78.6407377511524","78.706532469466","79.2304166370549","79.5474758662904","79.3416060737803","79.3744301820786","80.6847382433334","80.8380636224154","81.1691292260373","81.4010037961","81.0221165129789","81.2067854572559","81.4047197250832","81.4837266336144","81.6154692459717","81.9782374511816","82.6819903887717","83.2930944204726","83.2526581611004","83.5037474343924","83.7639192031524","83.9434795008134","84.0935245657305",
"Italy","ITA","Employment in services (% of total employment) (modeled ILO estimate)","SL.SRV.EMPL.ZS","","","","","","","","","","","","","","","","","","","","","","","","","","","","","","","","56.7586857425941","57.4073832473505","58.810214740066","59.3443690587565","59.7553412835831","60.5201732273603","61.4914326497287","61.5048766039765","62.2022934260663","62.9785384229918","63.0516886669367","63.475684310328","63.5253959022529","65.0255208419331","65.117483790243","65.6768696095385","65.9017762963661","66.5003066718546","67.0704802264505","67.6227259610388","68.030685989836","68.725189348861","69.3516758233459","69.4555366858576","69.6483296752598","69.9932195229982","70.2144001191583","70.1698419626902","70.2347505303616","69.5666378030234","69.3103608911394","69.3415735737185","69.7681231887873","69.890477971121","70.2267616989263",
"Jamaica","JAM","Employment in services (% of total employment) (modeled ILO estimate)","SL.SRV.EMPL.ZS","","","","","","","","","","","","","","","","","","","","","","","","","","","","","","","","50.613071145005","50.9954586335713","53.7047494772286","54.6291923658515","54.2125108200893","54.7350596630747","57.9705202637957","58.536833745971","59.1958353566757","60.1367432921872","60.0388284309992","60.6530255114524","60.2592113873461","61.5025876306273","62.3337225542047","62.2203028351245","62.5545539917439","63.0803436872695","63.0604543285426","63.721996516667","66.2865249272265","66.4009969808017","66.5302904642286","66.585990499367","67.3223223535579","67.5705137575303","67.514165040185","67.6150221141509","68.5813862884374","68.2792373817075","67.167306501548","67.6970986282805","68.2061044031337","68.6194013025245","68.9286353113298",
"Jordan","JOR","Employment in services (% of total employment) (modeled ILO estimate)","SL.SRV.EMPL.ZS","","","","","","","","","","","","","","","","","","","","","","","","","","","","","","","","73.6408761993969","73.5936928732393","73.6685601432079","73.769978382192","73.9533276403012","74.2499729340674","74.4899682447332","74.6851927701986","74.8277379640352","74.9185860565417","74.9343895512565","74.8406369092341","72.723803004796","70.0738523211651","70.4198879704424","70.893627883232","71.2388382653217","71.5123297914777","71.9559159094711","72.4844600446282","73.0652267180609","73.5508892965021","74.0904087221227","74.7236049396178","75.4090602023503","76.0157641042139","76.4756704093343","76.6016381987018","78.2054585617772","79.1208996535678","78.3075439873341","78.3730304716286","80.3522103383423","80.5257087286844","80.7571359278194",
"Japan","JPN","Employment in services (% of total employment) (modeled ILO estimate)","SL.SRV.EMPL.ZS","","","","","","","","","","","","","","","","","","","","","","","","","","","","","","","","59.524955218271","59.683449259867","60.4943254360015","60.9262553820898","61.5362783298457","61.9763252725606","62.2947093220944","63.4007504223491","63.841019604507","64.1185656445506","65.1224788102949","66.2197831256945","66.3021200931887","67.2386960180522","67.8416072048561","67.8871466507358","68.1214893867863","68.652490446501","69.3381151442183","70.0547294074661","70.4131193366535","70.6286161291871","70.9247554935138","71.0612932885343","71.3122063874196","71.74478891057","71.8207570774402","72.0388444152747","72.3988075614519","72.8110170425052","73.1363947306635","73.2828315340337","73.2860158386442","73.7727064050579","73.9575933652489",
"Kazakhstan","KAZ","Employment in services (% of total employment) (modeled ILO estimate)","SL.SRV.EMPL.ZS","","","","","","","","","","","","","","","","","","","","","","","","","","","","","","","","43.6973762581397","43.9137929520564","44.0204998848644","44.1821191107556","44.6119942916112","45.1584615829959","45.7413766890057","46.1493623781715","46.7980077531451","47.3328549810769","48.1492050533314","48.2389118246233","47.7846359532502","49.0893650077847","49.589407577147","50.023642985025","49.8544122707745","50.9162443887779","52.3445673477936","53.0015744265775","54.5822576873708","55.078051103185","55.9809098070275","58.0798258854916","61.4255042504877","63.4144839987443","64.7832457072819","65.7738758391874","66.4825761836826","66.843922660303","67.2777229361142","67.7986244203723","68.1669269347162","68.5077877324854","68.7945576301588",
"Kenya","KEN","Employment in services (% of total employment) (modeled ILO estimate)","SL.SRV.EMPL.ZS","","","","","","","","","","","","","","","","","","","","","","","","","","","","","","","","27.8375550094836","27.9347912356064","28.0616521441184","28.3026621180131","28.5624339773222","28.8815928703422","29.1353993249738","29.4384469684717","29.7007856258157","29.9857474934358","30.5533448968915","31.0323233422494","31.4965297071484","31.9908876144992","32.5284303869965","33.0876092065941","33.6422798211421","33.9837011211912","34.2627099256416","34.7173869763658","35.0930699818739","35.6194401325621","36.1026199275683","36.6424106527257","37.0609551388433","37.5166095242734","37.9149339692134","38.4561325394663","38.8931489020253","37.493766717775","37.4165918822409","40.2182050412647","40.6847771202981","41.1825728790071","41.7331004461455",
"Kyrgyz Republic","KGZ","Employment in services (% of total employment) (modeled ILO estimate)","SL.SRV.EMPL.ZS","","","","","","","","","","","","","","","","","","","","","","","","","","","","","","","","41.9069133614135","43.5401403616905","44.0416738187495","43.5279417208481","41.3155799921285","44.1300139112317","44.2865352571571","44.0546281401054","42.235040873428","42.8681556972044","43.2346231501141","45.5665564751102","48.3327813997158","49.9826533633403","50.3642347768599","50.5459654241817","51.4409637094745","51.6056506863122","51.9240070095271","52.1736583181152","52.1598137516509","52.2308076253232","53.3042542036225","52.4700198444848","53.7328357646478","54.5049047408101","54.8680509608922","55.2448016812366","56.438344467347","56.3149037185476","55.9826983329652","56.4512510286438","57.2271667203738","57.5034772397002","57.7310774891991",
"Cambodia","KHM","Employment in services (% of total employment) (modeled ILO estimate)","SL.SRV.EMPL.ZS","","","","","","","","","","","","","","","","","","","","","","","","","","","","","","","","17.271583204346","17.4440481151599","17.3881059781366","17.4151735996762","17.4702302146874","17.737693577332","20.6062563463806","18.2281647200877","17.5958360624229","17.9876466704201","20.0652494311493","21.2895855360489","22.3032894230518","23.6020900627194","24.7014527626642","25.8762051493829","27.1526619169617","28.4051350118975","26.3379421160864","29.2410557377919","26.9805179010436","29.0426647890614","31.1946604215913","30.2358663135732","32.6102017562834","36.696322866151","36.3027275126302","35.9839108164185","35.658762651713","37.9549737883533","36.4540258308825","36.765430397567","37.1323568741375","37.4015058521057","37.7214984459931",
"Kiribati","KIR","Employment in services (% of total employment) (modeled ILO estimate)","SL.SRV.EMPL.ZS","","","","","","","","","","","","","","","","","","","","","","","","","","","","","","","","","","","","","","","","","","","","","","","","","","","","","","","","","","","","","","","","","","",
"St. Kitts and Nevis","KNA","Employment in services (% of total employment) (modeled ILO estimate)","SL.SRV.EMPL.ZS","","","","","","","","","","","","","","","","","","","","","","","","","","","","","","","","","","","","","","","","","","","","","","","","","","","","","","","","","","","","","","","","","","",
"Korea, Rep.","KOR","Employment in services (% of total employment) (modeled ILO estimate)","SL.SRV.EMPL.ZS","","","","","","","","","","","","","","","","","","","","","","","","","","","","","","","","47.359888440688","49.7462179882774","52.0439239131208","53.348750562775","54.304908077057","55.7358465526517","57.3161238793509","59.5526308600388","60.6641147386411","60.4802669728361","61.6927781198304","62.4994398617559","62.8227631160599","64.1636563278537","65.0994911989133","65.8984788987711","66.5675008548912","67.1983963777707","68.1693135482432","68.0550958104192","68.4328760201358","68.8844421970112","68.8260077369321","69.0122724528392","69.465359459589","69.9606553922218","69.9074527909621","69.801462778167","70.2789176664635","69.9825667659051","70.0491246502855","70.1109264373538","70.684251824038","71.1441056814925","71.5133653919359",
"Kuwait","KWT","Employment in services (% of total employment) (modeled ILO estimate)","SL.SRV.EMPL.ZS","","","","","","","","","","","","","","","","","","","","","","","","","","","","","","","","76.3042440213547","75.835159795595","75.278053596293","74.9480851486295","74.8498985069361","75.5595823024474","76.2399399103887","77.0152570807303","77.7310056745623","78.1474065197504","78.8029750731102","79.2384087457011","79.6547875091884","78.3472235437668","76.6028345832604","75.4196469857986","74.1027687608609","72.3454026534677","73.2004875508358","73.4090347125646","73.1758256338504","72.8808216001988","72.8787179200292","73.0057640453209","72.909060302524","72.8095375020939","72.7776426562893","72.9779711278391","72.4294228604942","73.1722488510042","72.686641020989","72.4679238289394","72.8453906954066","73.3523054142385","73.496713591539",
"Latin America & Caribbean (excluding high income)","LAC","Employment in services (% of total employment) (modeled ILO estimate)","SL.SRV.EMPL.ZS","","","","","","","","","","","","","","","","","","","","","","","","","","","","","","","","54.6566536572373","54.8095073998214","55.3236334501081","55.9743340768149","56.6897863591234","57.3203383115447","57.3120267806141","58.1910466369232","58.1719466195021","58.5537444022184","58.9249395988954","58.9346357849312","59.4791627312957","59.519887603808","59.7379712992631","60.4239743527955","60.908926980556","61.3034874453612","61.9773955412221","62.3393132106411","62.6601254725916","62.9350491372933","63.2067166326574","63.394381282797","63.7305678817221","64.1950591919722","64.4104751089657","64.5982713614104","65.1510531388779","64.2565012536813","64.2368756118248","64.9714654381793","65.6221741856653","65.9554938596281","66.1811113670222",
"Lao PDR","LAO","Employment in services (% of total employment) (modeled ILO estimate)","SL.SRV.EMPL.ZS","","","","","","","","","","","","","","","","","","","","","","","","","","","","","","","","7.99165615216898","8.00042505095781","8.11914483238391","8.23222137732668","8.38673547085325","8.73218399047131","8.88419960020646","9.4301247702116","9.80843771899089","10.1923847867239","10.6184103079035","11.059918450091","11.5051346758408","12.123122669603","12.6246298459616","13.1083330673701","13.689545136108","14.3573278967324","15.0122588867428","15.6664041341671","16.5103361009837","17.4536436459561","18.5521530332513","19.6463623546187","20.7592256027653","21.7731758005097","22.9559052518719","23.342344814088","23.6326860001921","23.0695516672768","23.0424322229682","23.2556199789363","23.3633634152757","23.6880438034049","23.9881235384869",
"Lebanon","LBN","Employment in services (% of total employment) (modeled ILO estimate)","SL.SRV.EMPL.ZS","","","","","","","","","","","","","","","","","","","","","","","","","","","","","","","","67.9401993355482","67.6180146394223","67.6182096197657","67.8641380200087","68.0917298905181","68.5656028368794","69.2108861733807","69.4782689606586","70.0375153002476","70.4555840804312","70.7652208518977","71.0996982474371","71.3771461442577","71.5447748471786","71.8653506238166","72.2242987071485","72.2353671111985","72.2964078394202","72.233127718226","72.539798797123","72.7282124061712","72.9080592131484","73.2091004889142","73.7338373480916","74.1922702895506","74.4063753088623","74.7490982816252","75.2192008834658","75.9019558706478","75.681331430119","75.4108516763283","76.8972652016381","76.3636463691127","","",
"Liberia","LBR","Employment in services (% of total employment) (modeled ILO estimate)","SL.SRV.EMPL.ZS","","","","","","","","","","","","","","","","","","","","","","","","","","","","","","","","40.6313149757748","37.2241253117536","33.9891316670904","31.9087761288591","30.0712165269284","31.8352441917195","36.9467854143073","39.2121259208756","41.3318821400154","43.9465303971247","43.5058449245339","43.6050394850824","40.3334776959723","40.9419952911306","41.4214874398691","42.1703063708959","43.176612286791","44.0906720914927","44.8461113562143","45.9590638571658","47.0673123879947","48.4079078364232","49.960223532398","50.1716882858308","50.5216561838615","50.4686199499045","51.1559534434797","51.0446993587661","50.2931750850288","48.5095078540971","48.0941405009292","48.5507855339067","49.2130157347932","49.8454333925667","50.531159632099",
"Libya","LBY","Employment in services (% of total employment) (modeled ILO estimate)","SL.SRV.EMPL.ZS","","","","","","","","","","","","","","","","","","","","","","","","","","","","","","","","60.4832897576444","60.9783935358279","61.1904187848564","61.5891973074208","61.9890121977943","62.4652927502821","62.8458249800729","63.3151987475753","63.5965932959982","63.772671507676","64.1505510951514","64.1451594088141","64.1834105136633","64.3454188691819","64.3634774394462","64.4220269686889","64.8694356221823","65.0037191656257","65.8068937185309","66.1890904953958","67.3370520407752","67.8811445585035","68.5655312242318","69.3402022821929","69.8269235287996","70.1752025633774","70.0667334358079","70.1462746804808","70.5602919999959","70.8522995606084","70.7442987653212","71.0829316779967","71.1197134094979","71.3953153831706","71.3751590394371",
"St. Lucia","LCA","Employment in services (% of total employment) (modeled ILO estimate)","SL.SRV.EMPL.ZS","","","","","","","","","","","","","","","","","","","","","","","","","","","","","","","","56.1838544302405","56.4542852839283","56.9906088424607","54.4050994432832","55.0554624531163","55.7556635572627","62.5082972945791","61.4970297029703","62.6118035190616","61.9744823258732","65.7788384489426","69.1845792359238","70.8149952161433","69.0381331815595","69.5585101307294","68.7429474159332","69.5210741724707","69.7291614795142","70.1377933518547","70.7189031456376","71.10980622431","71.525605745352","72.0432619630047","72.4431282810607","72.6184361294401","72.9270176341872","73.3096175194268","73.8242759032547","75.3390520918196","75.6154546547785","72.865568060375","72.4658984007526","74.9977464280885","76.0980873624982","76.3163034985676",
"Latin America & Caribbean","LCN","Employment in services (% of total employment) (modeled ILO estimate)","SL.SRV.EMPL.ZS","","","","","","","","","","","","","","","","","","","","","","","","","","","","","","","","55.1592956883316","55.3603328025646","55.9183987290761","56.5649028574234","57.2690803429451","57.896354442569","57.9734544051639","58.8388587717947","58.9441348765018","59.2859199593168","59.6989332604511","59.7735257630123","60.2768460462493","60.3359023119776","60.5885082418367","61.20155196408","61.6387944616484","62.0241333729733","62.655146066786","63.0234615513388","63.3760384409961","63.6735064788349","63.9394549133503","64.1440111840172","64.4662492143927","64.9476901051352","65.1072911908032","65.2909570369657","65.8175452960517","64.9420378484855","64.9026756938393","65.6125249285062","66.2305983109629","66.5803713034365","66.8156837769201",
"Least developed countries: UN classification","LDC","Employment in services (% of total employment) (modeled ILO estimate)","SL.SRV.EMPL.ZS","","","","","","","","","","","","","","","","","","","","","","","","","","","","","","","","21.3323210521199","21.2757764698477","21.5052883323452","21.7487012881457","22.2568564410119","22.9277417799206","23.0409194870598","22.9918170825006","23.0498339288253","23.1448963824892","23.7969787756178","24.5517484045924","25.3379264857632","25.8272783506165","26.2225850879163","26.6497982647965","27.0804168395475","27.4897754824621","27.8075113712121","28.609700077655","28.9305260852716","29.4611757004129","29.5645309941618","30.1959452319605","30.8570755929257","31.5787228490771","32.5003345860958","33.2008506184401","33.9743787987095","32.6160519321963","32.2340019264289","32.6666200017208","32.4648997975007","32.9628897309083","33.3567540780648",
"Low income","LIC","Employment in services (% of total employment) (modeled ILO estimate)","SL.SRV.EMPL.ZS","","","","","","","","","","","","","","","","","","","","","","","","","","","","","","","","22.8663624818289","22.3794743519084","22.1617179155483","22.1702393369982","22.0822983840176","22.3333324202891","22.4116011523384","22.6326468739225","22.8649874666347","22.9994999779194","23.2470111327248","23.7633428336134","24.2868148739444","24.6996404439891","25.1090515797629","25.6414077795242","26.1169113094085","26.5538538567747","26.8933055572638","27.9565535767066","28.3036065875618","28.7334538695884","28.2742809398236","28.6564908959899","28.8550927171015","29.2285880539517","29.623086567869","30.3462222784121","31.3542457186521","29.372143271446","28.7985091371367","29.3423294074826","28.9624247919921","29.503013071908","29.8602673682513",
"Liechtenstein","LIE","Employment in services (% of total employment) (modeled ILO estimate)","SL.SRV.EMPL.ZS","","","","","","","","","","","","","","","","","","","","","","","","","","","","","","","","","","","","","","","","","","","","","","","","","","","","","","","","","","","","","","","","","","",
"Sri Lanka","LKA","Employment in services (% of total employment) (modeled ILO estimate)","SL.SRV.EMPL.ZS","","","","","","","","","","","","","","","","","","","","","","","","","","","","","","","","38.3769543665883","42.5777932306336","46.3053405767109","43.6954394714308","43.5145209358057","48.406305230932","45.3416951261978","42.0544919973546","42.2538770504677","42.6256723351692","42.8485739246116","43.1030878266809","42.8332992880381","42.840471559347","42.8182656642934","43.111543798719","43.7212372704187","43.8784241758399","44.1126185794962","44.3020283016122","44.4134148451236","42.9355017095941","44.5379934722695","45.5282659876807","45.5659383623092","46.5079604490188","45.5216696232903","46.5643007672248","47.0660897659976","45.9635610435397","46.7246841886543","47.0188930391918","47.2795375609099","47.6151920138261","47.8392733572592",
"Lower middle income","LMC","Employment in services (% of total employment) (modeled ILO estimate)","SL.SRV.EMPL.ZS","","","","","","","","","","","","","","","","","","","","","","","","","","","","","","","","26.0399358863338","26.2788517487861","26.6991929333079","26.9137788041197","27.3571684332355","27.7783232142325","28.2889211678844","28.5453052245302","28.6877120911447","28.7936509450294","29.2171579240306","29.7628362243092","30.3241388718929","30.7257169816165","31.195537415501","31.5405033331519","31.8327342668405","32.1065610782562","32.4847897109305","32.7372114968745","33.3431515886834","34.0473941837892","34.6688138012783","35.2822712071413","36.0413671390427","36.6150195161158","37.3776001628656","38.2627114917322","38.8093668678702","37.3477897255982","37.4051726790666","37.4328791621291","37.8330036184112","38.3331673220784","38.6670767807303",
"Low & middle income","LMY","Employment in services (% of total employment) (modeled ILO estimate)","SL.SRV.EMPL.ZS","","","","","","","","","","","","","","","","","","","","","","","","","","","","","","","","27.6384721803917","28.0805970544871","28.9345508268545","29.7629431465537","30.68394031815","31.3466195211682","31.7552223725293","32.0726658380488","32.2448961148172","31.7977773442715","32.904745399251","33.4546136536571","33.9998718615529","34.8130282047597","35.3117592919554","35.9615852985788","36.2884068565916","36.7672855761396","37.396642840844","37.8095902245926","38.492176397355","38.987825783696","40.0361573257556","41.0648032429627","42.0462504480958","42.5971208577868","43.1275575733985","43.7687474927005","44.3616774711951","43.5492463032288","43.6589119173971","43.4772811197101","43.9765532658982","44.4031937598839","44.706036581614",
"Lesotho","LSO","Employment in services (% of total employment) (modeled ILO estimate)","SL.SRV.EMPL.ZS","","","","","","","","","","","","","","","","","","","","","","","","","","","","","","","","47.5593650425285","47.5314266531588","47.7791358940296","47.9009058782756","48.0201896639438","48.1876086837337","47.7200164983731","46.9296654740903","46.2323345906319","45.6161580962674","44.9689246712271","44.6549479610406","44.0143786374529","43.4180754648654","42.8523964943923","42.3926799635517","41.8056862056862","41.1606289636","40.8981421625116","40.2315460416833","39.5856562291993","38.8572434027424","38.3950696611509","37.9762944443896","37.3892464840436","36.7973738000092","36.5290008274151","36.202313237509","35.7912215674485","35.2331420212074","34.9426296504865","35.2356389346788","35.4850086719833","35.7676196175503","36.0864752457691",
"Late-demographic dividend","LTE","Employment in services (% of total employment) (modeled ILO estimate)","SL.SRV.EMPL.ZS","","","","","","","","","","","","","","","","","","","","","","","","","","","","","","","","26.6385899805556","27.2803346928737","28.5054213975112","29.841700097074","31.4040646801786","32.4701046664797","33.2874660762628","33.7162958928208","33.8506321104847","32.8830696168134","34.7530927566409","35.5349849529789","36.1628087812761","37.2335168025091","37.9364540015322","38.7563188866447","39.1397963064391","39.8304457312865","40.6835899966936","41.1329096344182","41.9877932894968","42.3521773547358","44.1361648507624","45.8188786019291","47.2119332400691","47.7425684066639","48.2139075852478","48.7460001587518","49.3321657415371","49.7529131088299","50.041832966207","49.9783101640417","50.8864538302989","51.3351730260118","51.6959544549845",
"Lithuania","LTU","Employment in services (% of total employment) (modeled ILO estimate)","SL.SRV.EMPL.ZS","","","","","","","","","","","","","","","","","","","","","","","","","","","","","","","","45.2894032224368","46.7300721998677","47.7248140720419","48.8346774707284","49.6247456346479","50.3303319158845","50.8492825609651","51.374641729579","52.941117064323","53.981691007178","55.7897903203785","53.989511865753","54.0514190873409","55.5121216493467","56.6690288282132","56.5966317406331","58.1260798777246","61.4187431094609","64.167160979587","66.6101136658248","66.9557575244776","66.1199510788003","66.0521797823082","66.1102532755331","65.8583638052665","66.8870970946004","67.0821460387132","67.050085371139","67.8640652931615","68.9456174992853","68.4337463487832","68.817194402231","69.132329866569","69.1655900056089","69.435273271226",
"Luxembourg","LUX","Employment in services (% of total employment) (modeled ILO estimate)","SL.SRV.EMPL.ZS","","","","","","","","","","","","","","","","","","","","","","","","","","","","","","","","69.4637552445411","70.0017945803673","70.3537561409733","69.8693590996273","70.8717400388369","74.4161544157932","74.3348688540002","75.4728046592381","76.0635934696907","76.7634427260699","77.0443765941405","77.9392006691586","77.9914338074138","79.1850666555834","80.9673105721025","81.4783217610857","81.2340085800581","83.0558728345707","85.3816276921145","85.3329997629895","85.3230324934719","86.0250131475151","86.3496296176946","87.3256724688168","86.2567409586303","86.3045343296553","87.9255347906792","86.5356740215816","88.7026624212452","88.979000724113","88.8113745531814","89.7257444704528","90.0506619729089","91.2807977979994","91.4778095399598",
"Latvia","LVA","Employment in services (% of total employment) (modeled ILO estimate)","SL.SRV.EMPL.ZS","","","","","","","","","","","","","","","","","","","","","","","","","","","","","","","","49.5118150303724","51.4723882757465","52.7935038898486","53.3830396511609","54.4465183147375","55.3421013743165","52.587791017712","53.9202172902461","56.7520292224506","58.3162460315939","58.2616956398197","58.2366668918954","58.683390779278","59.7581193433342","61.4726063989466","61.1699073407269","61.1866683378637","62.6439735378614","66.9061828074949","68.3112103563211","68.1963271518682","68.1498168892109","68.0220088284504","68.6487589573859","68.4152182552132","68.1942170700411","70.3536361986171","70.0990670677971","69.2760336752766","69.8453137606231","70.2001670426072","70.2404655637812","70.840232816834","71.0977354404847","71.5002159943841",
"Macao SAR, China","MAC","Employment in services (% of total employment) (modeled ILO estimate)","SL.SRV.EMPL.ZS","","","","","","","","","","","","","","","","","","","","","","","","","","","","","","","","70.7922387674853","71.6961413784903","72.7561363528462","73.7360133203766","74.7408343868521","75.7604068242863","76.5041273941914","77.2698355449358","77.9944303471882","78.8242601884833","79.6547996166538","80.311742229407","80.7291476713228","81.294135642479","80.9472585312412","80.415694325466","80.7294071317998","81.5820243487199","83.3626752334629","84.4047797310652","84.836153720416","85.153049804141","85.4885503097441","85.2484817014579","85.0449171067958","85.7709131034191","86.4158824220433","86.8624396682039","87.0890367634036","87.4826925533274","87.5376046376348","87.9281886169584","88.2796938625325","88.517502628113","88.6334455776545",
"St. Martin (French part)","MAF","Employment in services (% of total employment) (modeled ILO estimate)","SL.SRV.EMPL.ZS","","","","","","","","","","","","","","","","","","","","","","","","","","","","","","","","","","","","","","","","","","","","","","","","","","","","","","","","","","","","","","","","","","",
"Morocco","MAR","Employment in services (% of total employment) (modeled ILO estimate)","SL.SRV.EMPL.ZS","","","","","","","","","","","","","","","","","","","","","","","","","","","","","","","","27.2510495974357","28.051530918345","29.6002298628749","29.5840583567428","29.9273311649103","27.9211301395991","31.4360141325828","32.9076834587186","31.8145847735501","34.2262374313607","35.0617726639001","35.4176855464932","35.7882355208885","34.6260544868431","34.9416435319499","36.1509633031663","36.9822711267659","37.1615298715306","37.5030208727017","37.9163267857543","38.3636987375126","39.397410803266","40.1198492947659","41.2697321255461","41.8404572080572","42.9974743543737","43.7379808679152","44.6127972748406","45.589788090844","45.419794542093","45.8487443301613","47.4721835517324","47.6455722738986","48.0903598495352","48.2745559288651",
"Monaco","MCO","Employment in services (% of total employment) (modeled ILO estimate)","SL.SRV.EMPL.ZS","","","","","","","","","","","","","","","","","","","","","","","","","","","","","","","","","","","","","","","","","","","","","","","","","","","","","","","","","","","","","","","","","","",
"Moldova","MDA","Employment in services (% of total employment) (modeled ILO estimate)","SL.SRV.EMPL.ZS","","","","","","","","","","","","","","","","","","","","","","","","","","","","","","","","40.1355031729208","40.164763372503","42.4130113228297","41.8803536758987","42.0550301418342","42.1084159631032","43.6816425150758","39.7076774151321","37.4581935924167","35.2401681557214","35.0775795613114","35.9160223367698","36.3181265622461","36.3717231039257","36.8095919101593","37.1625488630772","36.0491407269877","35.9086635072979","35.7474475423348","33.7157231748651","33.8138903242335","32.9281815197057","32.8047300098856","30.6270005227269","29.9185985726563","29.3724875919214","30.7521594921729","30.3531706852867","31.3351536989078","31.8976532976173","31.1600606816029","31.9395599104965","35.5602579781805","36.5905409268494","36.9441386019795",
"Madagascar","MDG","Employment in services (% of total employment) (modeled ILO estimate)","SL.SRV.EMPL.ZS","","","","","","","","","","","","","","","","","","","","","","","","","","","","","","","","12.5290802575666","12.5150399345394","12.4948368122492","12.3389688682021","12.4178773807346","12.456013675316","12.6018306077544","12.7472590896318","12.9263713618803","13.0976394901042","13.3565507302053","12.3788992795824","13.1610970481727","13.8804423798255","14.6209563371214","15.9998148034981","17.5876501135045","19.2634524090223","19.5840135049724","20.7108054101064","21.9850632885687","23.4379179525258","20.5779312412493","18.2002792085944","16.1444622241955","16.9446301171359","17.7837549359426","18.472572658311","19.4606238715033","18.9686714622808","19.3402757566352","20.0740968032148","20.2725437631284","20.6172891989493","20.8882641065098",
"Maldives","MDV","Employment in services (% of total employment) (modeled ILO estimate)","SL.SRV.EMPL.ZS","","","","","","","","","","","","","","","","","","","","","","","","","","","","","","","","45.5343612044541","46.0138193948058","46.5723862436292","47.2272546507004","47.9596307970656","49.8444213957623","51.7027744641552","53.5257701747317","55.3245123892058","57.1122687740056","57.3200512064718","57.8412751713065","58.210867203673","60.3047851875601","62.1870856862264","64.3217277761363","66.3076232608835","67.9778047450711","69.6676855486211","70.0155331188284","70.3764853959205","70.7883328130961","71.2572193036839","71.6212225612757","71.7647740440324","72.005584703149","71.4773178416897","70.7971344415227","70.0349122882634","70.0860736739289","70.3097817661953","70.6616285451437","71.0313718893162","71.4367502726281","71.7657917507932",
"Middle East, North Africa, Afghanistan & Pakistan","MEA","Employment in services (% of total employment) (modeled ILO estimate)","SL.SRV.EMPL.ZS","","","","","","","","","","","","","","","","","","","","","","","","","","","","","","","","41.4292831920566","41.3414358848548","42.4479942555044","42.342196943544","43.1782835849728","43.2816425480735","44.537892472874","44.6105914672744","44.8249643744626","44.3731567427114","44.8466713375018","45.507414058801","45.608194302864","45.2529203653868","45.5094450380224","45.480733731228","45.4963312545087","45.7253053461841","46.4518446845299","46.5204591030637","47.0176467949736","47.429927772738","47.7626831758816","48.0893079292416","48.6190887454694","48.6891158279856","49.2272188705323","50.3911534828314","50.4188148995679","50.349939786848","50.551568647749","51.2765983428246","51.2455901002424","51.3861685683904","51.5948725308762",
"Mexico","MEX","Employment in services (% of total employment) (modeled ILO estimate)","SL.SRV.EMPL.ZS","","","","","","","","","","","","","","","","","","","","","","","","","","","","","","","","51.985650071751","52.4385898977405","52.9352868336372","54.5654038517982","56.1940575690069","56.702053794278","55.4652270554875","57.2754311097886","55.6744227073857","57.1263586746752","58.0298138934693","58.524451807075","59.6540288330321","60.4064197810211","60.8725335733574","61.4293226523743","61.8643812974126","62.4657907751448","63.3540591427236","62.7000618091476","63.0754572070183","63.1650072467238","62.9087402606413","62.3588932146471","62.4046930758004","62.3368592638773","61.9539894650594","62.1152945857021","62.8021706856786","62.4738617605553","62.2232668299208","62.3783104933543","63.0041249209599","63.6981717471195","64.0792516022262",
"Marshall Islands","MHL","Employment in services (% of total employment) (modeled ILO estimate)","SL.SRV.EMPL.ZS","","","","","","","","","","","","","","","","","","","","","","","","","","","","","","","","","","","","","","","","","","","","","","","","","","","","","","","","","","","","","","","","","","",
"Middle income","MIC","Employment in services (% of total employment) (modeled ILO estimate)","SL.SRV.EMPL.ZS","","","","","","","","","","","","","","","","","","","","","","","","","","","","","","","","27.9100166182717","28.4072626159455","29.326964402897","30.2065978675548","31.1929269804824","31.8839565182619","32.3141029306192","32.6411330096465","32.8149373243243","32.3356841676372","33.4997726452044","34.0590283891794","34.612127969302","35.4561306061738","35.9674903482839","36.6312322527002","36.9549205174493","37.4446454251433","38.1049158538233","38.480896652557","39.2000352174127","39.696290803597","40.8711337455708","41.9467095780967","42.9871591583024","43.5616188454411","44.1141477740656","44.7689744149373","45.3477464640636","44.6669930838895","44.8234827755519","44.6122157579748","45.1327103368829","45.5470540258416","45.8679126135992",
"North Macedonia","MKD","Employment in services (% of total employment) (modeled ILO estimate)","SL.SRV.EMPL.ZS","","","","","","","","","","","","","","","","","","","","","","","","","","","","","","","","39.7112784859019","39.8948182371135","40.3923027801103","40.7127575743216","40.8713613513586","41.195441236381","41.4987029868469","41.8356486615955","42.2455576422999","42.6207364175968","43.3210425373122","43.8119788606315","44.9706201204347","48.2776561738391","47.4312270499052","47.931243644408","50.6590283450837","49.2658606839492","52.2360235266078","52.5390147086811","51.6816815843305","52.8546067901164","50.8798878070331","51.1774720816468","51.6713711521262","53.2274460559059","53.580484326143","53.5884790497186","55.2972192452715","57.4972502883301","58.0592895584066","60.0539073396916","61.1889090240533","60.5766420099385","60.8712604359926",
"Mali","MLI","Employment in services (% of total employment) (modeled ILO estimate)","SL.SRV.EMPL.ZS","","","","","","","","","","","","","","","","","","","","","","","","","","","","","","","","20.5757090514002","20.4661120605448","20.539187824773","20.7943526274829","20.7735299042557","21.1236264648362","21.3623671388718","21.7381807151728","22.0205292274236","22.0070402777206","22.8265543720136","23.0061524501305","23.7445167209801","23.8429402282567","24.4977869284972","25.0801119695754","25.0414953743597","25.0100556260185","24.7941208047549","25.169181058964","25.3598055656743","24.7724843498688","24.8220002070362","25.3023008611946","29.4735150688959","28.3796825723461","28.6341284896201","29.3397168811053","33.8892453911985","22.6320917233962","24.5797550625369","27.1668551477153","27.5112501936573","27.795932829076","28.3964232086821",
"Malta","MLT","Employment in services (% of total employment) (modeled ILO estimate)","SL.SRV.EMPL.ZS","","","","","","","","","","","","","","","","","","","","","","","","","","","","","","","","62.3555195292564","62.7991679189831","63.1799316049455","63.294513719314","63.5399568959365","64.0037877459404","64.407867494824","64.7174377030683","65.2551129958667","65.1629022318677","66.6492865345777","65.9715466529123","67.4582509446152","68.1435674702225","68.6296159980371","70.068987442378","72.360421146289","72.6487733786738","73.4958180235931","73.1170006923118","74.2907281148413","76.7695644919072","77.1391251061634","78.0194572029367","78.5517303173908","78.9734926495013","79.2078407416724","80.2243012670582","79.6207721894313","80.3129793948253","80.8645927465234","82.0174292554431","80.8697256906481","81.1579153000689","81.3861453233266",
"Myanmar","MMR","Employment in services (% of total employment) (modeled ILO estimate)","SL.SRV.EMPL.ZS","","","","","","","","","","","","","","","","","","","","","","","","","","","","","","","","21.7699760167364","21.9261688789818","21.4888589894749","21.5258344275589","22.7690242390736","23.7392791298453","24.9331972412098","25.1813434810326","25.386307198971","25.6976822332959","25.8320821280552","26.115195494018","26.7222968518334","26.937157894557","27.2675751042913","27.5130574200016","27.7867365201388","28.303417239234","28.6754309015297","28.8975532430104","29.4784965520771","30.0279646890356","30.5883008579725","31.0014014844423","31.5442898647975","32.2443680333365","32.9593197113155","34.0457021052919","33.6028325960284","34.955133291378","34.9598787644986","35.2288458177807","36.0103699401709","36.5135582898552","36.8856128126541",
"Middle East, North Africa, Afghanistan & Pakistan (excluding high income)","MNA","Employment in services (% of total employment) (modeled ILO estimate)","SL.SRV.EMPL.ZS","","","","","","","","","","","","","","","","","","","","","","","","","","","","","","","","39.2865176406154","39.1189227483103","40.2557687917867","40.0753934727355","40.9129115266174","41.0121320429746","42.3743999875871","42.4105276413701","42.6030437486742","42.0322783279632","42.4702637808372","43.1176508990779","43.1936113097437","42.7941567035378","42.9944630760555","42.8788823022528","42.8438598243271","43.0117078361771","43.7399083368833","43.8025048030788","44.1815585870621","44.4145592117773","44.6543150113095","44.936594951275","45.3891793506673","45.4034681361946","46.0500850677563","47.3492550580603","47.1902353496562","46.6489838038718","46.8245942821112","47.3224713585639","47.5704713060073","47.5722514001042","47.7946520801708",
"Montenegro","MNE","Employment in services (% of total employment) (modeled ILO estimate)","SL.SRV.EMPL.ZS","","","","","","","","","","","","","","","","","","","","","","","","","","","","","","","","65.060364293241","65.1594456042543","65.2495323873858","65.334095142869","65.3995179001875","65.4697348079439","65.5454199923983","65.6083181095637","65.9426144908732","66.1606227990625","66.4317108042433","66.8434857615641","67.3988194624086","69.7433061322947","72.1361118624534","73.0090473076085","73.8005770820339","74.4879753461419","75.444399758697","75.8936283051746","75.4666881641332","76.9196811771919","77.7099893428759","76.7632430144335","74.8165428519659","74.7926392603","74.979397696125","73.0824181121756","73.4377772488261","74.0601705368156","76.6885292361259","76.6828019666481","77.1062500712437","77.3622039793651","77.5793384016688",
"Mongolia","MNG","Employment in services (% of total employment) (modeled ILO estimate)","SL.SRV.EMPL.ZS","","","","","","","","","","","","","","","","","","","","","","","","","","","","","","","","34.8217796802478","33.8599751745497","34.0103328241681","33.8355319872152","31.5685858800012","31.5571487034855","29.9814263143295","29.9813562721984","30.3875248823456","31.7289925900799","33.1976616325901","35.5888020794431","36.2170101811983","37.1174809730137","38.0813950554104","39.1236766804755","39.1412638715042","41.0898422221818","42.7190466678978","44.5201689782796","43.9376519340944","44.1858364969487","44.2701161535584","45.8688576469647","45.7805575873209","45.1434650096374","46.3854889180923","47.2278171075309","47.6162468332521","50.6966407450325","48.478286858425","48.2856771354869","48.9751353913113","49.8067541824181","49.9059178481407",
"Northern Mariana Islands","MNP","Employment in services (% of total employment) (modeled ILO estimate)","SL.SRV.EMPL.ZS","","","","","","","","","","","","","","","","","","","","","","","","","","","","","","","","","","","","","","","","","","","","","","","","","","","","","","","","","","","","","","","","","","",
"Mozambique","MOZ","Employment in services (% of total employment) (modeled ILO estimate)","SL.SRV.EMPL.ZS","","","","","","","","","","","","","","","","","","","","","","","","","","","","","","","","12.9554776670211","12.7171439276489","13.0508385461971","13.0582182694515","12.9500391916538","13.1908506314559","13.5512986241239","13.9855216153724","14.5494387483049","14.6070604168505","15.2996332976109","15.8019468836093","16.1502413259245","16.4972519846777","16.7139406593976","17.1513275863959","17.5135895503642","17.7639571205785","17.9489908886249","18.2295590674811","18.5924451715205","19.0151604764464","19.3722493260621","19.7565420401514","20.1379750068162","20.5830894573427","20.610772774074","20.8665970320715","21.1497973081221","20.1078370350452","19.976564566726","20.1442503147539","20.5470822426707","20.4986707202032","20.5539713948222",
"Mauritania","MRT","Employment in services (% of total employment) (modeled ILO estimate)","SL.SRV.EMPL.ZS","","","","","","","","","","","","","","","","","","","","","","","","","","","","","","","","38.5164507608558","38.7930208832164","39.0396126115238","39.2321493194042","39.6011512774895","39.9926142720924","40.3263882131182","40.7276409329668","41.0295718634051","41.4150571279886","41.7719196553969","42.2811394835457","42.8889719298849","43.4714795691676","44.1692986481663","44.8825255038494","45.3722804016416","45.8896282569632","46.4798416644409","47.0670103298342","47.6362969060761","48.2015302752155","48.7061230194214","49.3201826146299","49.8538177774323","50.2063233277106","50.7504469420846","51.2131232065997","51.830604804312","50.5911481716298","50.430449792593","51.0287207608264","51.7680812523643","52.2814991328509","52.8346574833529",
"Mauritius","MUS","Employment in services (% of total employment) (modeled ILO estimate)","SL.SRV.EMPL.ZS","","","","","","","","","","","","","","","","","","","","","","","","","","","","","","","","45.3586388422423","46.1105489940935","46.7945872739481","47.4854824133642","48.4081832152497","49.3578379315576","50.5009129835877","50.7063957165142","51.3300365099875","52.1325663296395","52.7844712741123","53.7601163953806","54.4936578372869","57.6661308660368","58.2571347243398","58.8434313691528","59.4351755134115","59.8380935157236","62.028957749384","63.439313409585","64.8714147902402","65.127526618332","66.579868983752","67.1236121340373","67.8746579586597","67.3648142491728","69.1679329059388","70.4524555072152","71.2307797718222","71.2777463613354","72.5292587153926","71.7376240886509","73.7705081368316","74.1236271519757","74.6679068151951",
"Malawi","MWI","Employment in services (% of total employment) (modeled ILO estimate)","SL.SRV.EMPL.ZS","","","","","","","","","","","","","","","","","","","","","","","","","","","","","","","","19.1672464819873","18.3301884148899","18.9732158554784","19.2750385138175","20.3204521118382","20.7593227684514","21.1678670461304","21.3387007592796","21.4356201632695","21.4011749668042","20.7988833330477","20.8277973660622","21.2841836280796","21.7650849976056","22.0498921901399","22.4653254906571","23.4048692502589","24.0952747038569","24.8993244570365","25.5207992771017","25.9363003665175","26.0044354457914","26.5089912728511","26.9485388518235","27.1956442126505","27.3684598015027","27.7163573137893","28.1348825942979","28.5907896294689","27.6669242466066","27.3953307689957","27.2666676729999","27.3718673513721","27.4345746693621","27.6789722316402",
"Malaysia","MYS","Employment in services (% of total employment) (modeled ILO estimate)","SL.SRV.EMPL.ZS","","","","","","","","","","","","","","","","","","","","","","","","","","","","","","","","48.2821347591531","48.6164997992438","48.7968469101676","49.2052462681324","49.5990035697028","50.3199877420242","50.7874857757242","51.3024792313954","51.764441996395","51.2956789479524","51.7606929446365","53.0892370081835","53.7092977067168","55.3184020509502","55.6334210318058","55.1089503250665","56.8083092336839","57.3675675218795","59.4915032458074","59.0848327109011","59.6770501384891","59.1735461809185","59.3643901433453","59.6833595299149","60.0120876639206","61.1460887965168","60.9886193008338","62.2615155183785","61.8517542998961","63.3629009801003","63.7810123268587","63.9175651142473","64.2536465368875","64.5608215166271","64.8618460303923",
"North America","NAC","Employment in services (% of total employment) (modeled ILO estimate)","SL.SRV.EMPL.ZS","","","","","","","","","","","","","","","","","","","","","","","","","","","","","","","","72.6875932348407","73.2534945973998","73.8506573215366","73.7767033258614","73.7427964123817","73.909316434103","73.9317884138134","74.1830903488959","74.6857011770087","74.8620485923978","75.242244637324","75.4825332867596","75.6973086961422","75.7871484883843","75.9768247818364","75.9658296360877","76.3015697030599","76.8924544700692","78.3047391672776","78.5828722102013","78.4791175594852","78.5076038752056","78.3942488213054","78.356065334582","78.4130340181358","78.5070767430468","78.5799190499961","78.5098508198325","78.5340969898115","78.8483938349729","79.1697881753079","79.12704915074","79.1418470917033","79.4493526131252","79.6285626729315",
"Namibia","NAM","Employment in services (% of total employment) (modeled ILO estimate)","SL.SRV.EMPL.ZS","","","","","","","","","","","","","","","","","","","","","","","","","","","","","","","","38.5230674668181","39.7437630006492","40.5975300513844","41.5531672651294","44.0915530459071","46.6627486142401","49.340847312879","52.4203010170663","55.5049005829511","58.5143063886177","58.1235063161489","57.7989045889912","57.5412245967626","57.2598441521161","57.2761107234241","57.5815396853987","57.8227956501293","57.866849154365","57.7076877110577","57.7650695308695","58.2880018387986","58.747961277029","54.1644823342407","55.8470994530228","58.5881910991294","60.5951765130738","60.9858453851477","61.1888084574523","60.9296471253998","60.3747543097141","60.3476210582005","60.4870135182835","60.6654022907959","60.8871176269295","61.1148788443866",
"New Caledonia","NCL","Employment in services (% of total employment) (modeled ILO estimate)","SL.SRV.EMPL.ZS","","","","","","","","","","","","","","","","","","","","","","","","","","","","","","","","67.8150456677364","68.3162377781777","68.3207160605048","68.6162725225225","68.8013136288998","69.355199894619","69.380865918216","70.0526183913806","70.553352449515","71.0719128386897","71.6177270570261","71.9191759648905","72.0833928316436","72.2861762847628","72.5378748302163","72.3226661231145","72.4789978625044","72.569136872025","72.9229362690945","72.7550602005442","72.5700389813837","72.6289294703583","72.6938013377399","72.9086590369251","72.9986664946015","73.644574415776","73.5855098049397","76.8024278676988","75.8891282951613","76.0809926964863","75.9265661427723","76.0729929534791","76.3090742943844","77.106811437589","77.5702935032022",
"Niger","NER","Employment in services (% of total employment) (modeled ILO estimate)","SL.SRV.EMPL.ZS","","","","","","","","","","","","","","","","","","","","","","","","","","","","","","","","17.055263191427","17.0271529559016","16.9174696965513","16.8420341463089","16.8387223406528","16.6526215011008","16.5949901204487","16.9611305030475","16.796145432717","16.5425451154257","16.7139916635487","16.8116600759362","16.7447753068212","16.6184611092482","16.8654217879788","17.062327725556","17.090437525469","17.3941859753613","17.3709165603613","17.7356304037045","17.6969862889487","18.2834335184308","18.1730657553637","18.2459364505035","17.9998708865909","17.8198792588633","17.6287906145355","17.6543745936872","17.5550402781983","16.3121833312956","16.3363593673253","16.8572334500798","16.5960471185924","17.3308414724063","17.7370462985117",
"Nigeria","NGA","Employment in services (% of total employment) (modeled ILO estimate)","SL.SRV.EMPL.ZS","","","","","","","","","","","","","","","","","","","","","","","","","","","","","","","","36.0806939380388","36.3694640641156","36.4764470899392","36.6091789915728","36.6692668066389","36.8753913218841","37.1219804146217","37.5108745678145","37.8221685660759","38.2800710676377","38.6067333841603","38.6459616094542","39.1353616583394","39.8860541364917","40.41315072213","41.0343705402435","41.5861801179959","42.0692613889046","42.6138375269425","43.3355733743803","43.9910885771799","44.272108769748","44.603659881321","45.3596536026205","45.9875760719237","46.4470868250992","46.8148611869818","47.190165490605","47.6865407239473","46.7004693779891","47.1398608035123","47.9303795434726","48.473302204451","49.0599947613178","49.4564057132697",
"Nicaragua","NIC","Employment in services (% of total employment) (modeled ILO estimate)","SL.SRV.EMPL.ZS","","","","","","","","","","","","","","","","","","","","","","","","","","","","","","","","49.6667742024385","49.5683364993899","49.4981384094307","48.5671091200095","48.2689340247891","47.9580600766613","47.4719402869007","47.1142208052538","46.4007964279026","45.9918687973308","46.3057093398534","47.4583235733214","48.6071801310128","48.6099486994851","48.7555929825129","48.8887144644215","47.4044167369485","49.5857093009913","49.964803256723","50.0793071030342","50.0960227344303","50.2581512218073","50.6334838865945","50.9646644961305","51.2802673206669","51.7232535591953","52.0663182175772","52.2522797223555","52.4540351182576","51.476545444131","51.4648627074062","51.7022348434066","52.0810058950598","52.4180030651609","52.6494477494836",
"Netherlands","NLD","Employment in services (% of total employment) (modeled ILO estimate)","SL.SRV.EMPL.ZS","","","","","","","","","","","","","","","","","","","","","","","","","","","","","","","","70.880472698461","71.3394814196626","71.8318790991483","72.6665863107522","72.8182622830118","73.0591731648675","73.4138627391867","73.7546081751886","74.4611075712308","75.1425144728595","75.3067445533386","76.0845440066841","77.0463318439118","76.6070850763189","75.2592903899244","76.1723182749517","77.0150678307635","77.9600583478316","78.6995334224767","79.526412975662","80.4353094842459","79.8511378015099","81.121661554113","81.6649184641095","81.2899036410405","81.6988780299136","81.192484139684","81.8625434997393","82.0574187059669","82.2729995280748","83.7545060579366","83.8828279289279","83.855356988618","84.2327132404915","84.5396712399754",
"Norway","NOR","Employment in services (% of total employment) (modeled ILO estimate)","SL.SRV.EMPL.ZS","","","","","","","","","","","","","","","","","","","","","","","","","","","","","","","","70.7062225861596","71.1052389253769","71.3562569913915","71.5812878929516","71.4882126829278","71.5903997335572","71.453656419543","72.4568441478373","73.1434558714613","73.9230750964422","74.1628596308355","74.3748581840392","74.5015861225092","75.6259224788514","75.8468335177392","75.6728071250512","75.9656579609227","75.8227500346808","77.0974066903961","77.2924751416956","77.4998377583936","77.4367304579322","77.5329620046384","77.1923064537442","77.9525233057551","78.4335259007897","78.157275877479","78.8800217464505","78.2235069430203","78.2977747682102","78.7453897044978","78.6806534735924","78.8875177207181","79.3762166078181","79.6640127716935",
"Nepal","NPL","Employment in services (% of total employment) (modeled ILO estimate)","SL.SRV.EMPL.ZS","","","","","","","","","","","","","","","","","","","","","","","","","","","","","","","","35.3762176976841","36.2376170206706","36.8050542922277","37.6511660217508","38.2110114193001","38.8154660933809","38.5666544066985","38.3407389053321","38.2144624229361","38.6113356935147","38.9742320078569","38.955506225614","39.3644774126089","39.8195545516232","40.2665588907897","40.6584697808963","41.130580055274","41.5581954604449","41.9962955477937","42.3231316637042","42.5951459241855","43.1778652112746","43.6094057706773","44.2014896453069","44.5956591912392","44.6557475963972","45.031074434089","45.6175621739596","46.0971979934418","44.8089096783177","44.6166030328708","45.0595042833404","45.2005018624282","45.4888949006541","45.8085364628854",
"Nauru","NRU","Employment in services (% of total employment) (modeled ILO estimate)","SL.SRV.EMPL.ZS","","","","","","","","","","","","","","","","","","","","","","","","","","","","","","","","","","","","","","","","","","","","","","","","","","","","","","","","","","","","","","","","","","",
"New Zealand","NZL","Employment in services (% of total employment) (modeled ILO estimate)","SL.SRV.EMPL.ZS","","","","","","","","","","","","","","","","","","","","","","","","","","","","","","","","65.4749496671302","65.9616610658082","65.7365318866234","64.369925426298","64.9851815263028","65.6268331039457","67.3154093325807","67.2244464585117","67.4801493578064","67.9687577633579","67.9891181138064","68.4348791773565","69.411754526952","69.5845824873963","70.65324213041","70.2727835317896","70.7350861496724","71.2775579552322","72.1639185490087","72.1680020741452","72.685694953625","72.9022135250107","73.2886373871321","72.9243135489679","71.8974203305399","73.1232679527807","73.0407293468835","74.1041083112159","74.6598371875968","73.5963179714493","73.9082547107642","73.2032285594959","73.8510179512156","74.414928815076","74.6438838430131",
"OECD members","OED","Employment in services (% of total employment) (modeled ILO estimate)","SL.SRV.EMPL.ZS","","","","","","","","","","","","","","","","","","","","","","","","","","","","","","","","61.0374791724116","61.6827569229387","62.5611435738714","63.0841208743689","63.557584988988","64.0183892769976","64.3487085241402","64.987879668531","65.5737609333745","66.0779491336923","66.5960157863614","67.1953377088533","67.7033123726934","68.3123652037794","68.7476811417929","68.9691119708564","69.2900613170912","69.9139600523101","70.9917753010268","71.1644992544925","71.3158478092609","71.5124414222041","71.7354605602752","71.8201210585583","72.0255377951977","72.2830573552453","72.2852312839313","72.3679568484996","72.6748588779915","72.843959919377","72.9796547074145","73.1508217853275","73.4602939885168","73.7880080006314","74.0371525211173",
"Oman","OMN","Employment in services (% of total employment) (modeled ILO estimate)","SL.SRV.EMPL.ZS","","","","","","","","","","","","","","","","","","","","","","","","","","","","","","","","82.794733385329","82.9093977455308","83.0279596004845","83.7194052849086","84.4004284904115","85.0209298601179","84.3584613354842","83.7855989788139","83.2867702313842","82.4197054784206","80.8812663443813","79.2871280304075","77.5613431684296","75.6268362471262","73.1920073255427","70.6406162977072","67.9511825080809","65.196486065801","62.1848941592167","57.9619600020351","57.7056731740204","56.8454934637674","56.8112142559645","57.0962381668035","57.2585134276416","54.2064018486162","51.9659093714258","49.4144287238635","55.119764608331","61.0474487471315","53.529026241423","53.7639613809296","54.137736798552","54.4433584275524","54.6167366130906",
"Other small states","OSS","Employment in services (% of total employment) (modeled ILO estimate)","SL.SRV.EMPL.ZS","","","","","","","","","","","","","","","","","","","","","","","","","","","","","","","","49.9488938723123","51.0519135566872","52.7014117952127","53.6419493509049","54.4864153990333","55.1175877630278","55.5398547123121","55.8807999098024","56.9243571441612","57.4687823210995","58.0466707487581","58.7371533248339","58.9387465500118","59.1051529391252","59.4940045150491","60.2240336742713","60.5591907359959","60.8961237661368","62.2492394299757","62.9412168446009","62.6150247488973","63.4377650750377","64.287054982628","64.7036577712239","64.817075243308","65.1714151619133","66.0169914592041","66.6143482985679","66.6196901661677","66.4342969415519","67.1577491120985","67.7884536826308","68.1645512099009","68.4996071415499","68.7017188624589",
"Pakistan","PAK","Employment in services (% of total employment) (modeled ILO estimate)","SL.SRV.EMPL.ZS","","","","","","","","","","","","","","","","","","","","","","","","","","","","","","","","35.3542425585516","34.7235691417652","36.3907297899674","35.3178226536532","37.5509211404643","37.5486028910555","39.756660480852","38.6166009299362","38.6186268356842","36.4090290901946","36.4099630936794","36.6443414232724","36.643293363216","36.1478634648913","36.149018978449","35.4163987690254","34.9012387896085","34.7370241074087","35.2829227322641","34.7526528511688","34.3368173296143","34.6069792179666","34.8415644982764","34.8936189029311","34.9703468652902","34.1387689163009","35.8519813928895","37.5947936706277","37.3596010871104","36.9231198071076","37.4739114383926","37.8542469410429","38.073780651385","38.2723455827609","38.514965787622",
"Panama","PAN","Employment in services (% of total employment) (modeled ILO estimate)","SL.SRV.EMPL.ZS","","","","","","","","","","","","","","","","","","","","","","","","","","","","","","","","56.825648188784","56.7904132516532","58.1585900416419","60.6883810529788","60.0676444895451","60.4542202672263","62.036115023485","63.2818443945818","63.5431544189402","64.8266466963838","63.7171464330413","64.7516556680808","64.4323667348423","65.5946865792201","66.3895070436171","65.2747624931979","65.4170944885085","62.2921438274805","62.0605645418751","63.1688871048926","64.0850944794182","64.3999465803048","62.9486210096543","63.7116733161657","66.0704694411739","65.6655773515282","66.4283924978384","66.5181842219433","67.2753143829411","67.2011762748096","67.5131714167982","67.9264436302722","67.8303396018053","66.6197690637056","66.9520127272771",
"Peru","PER","Employment in services (% of total employment) (modeled ILO estimate)","SL.SRV.EMPL.ZS","","","","","","","","","","","","","","","","","","","","","","","","","","","","","","","","50.6287301347355","50.3860650885166","50.6808306234463","51.6097217321867","52.140633725818","52.2814178630458","52.6960280506671","52.5671019170994","52.6276068113842","52.7879784441067","52.7901370576251","53.2558694973036","53.6676156346309","54.1244821968222","54.7837266727135","55.5426689854055","56.455796823934","57.028597934681","57.5918035699888","58.0932349947355","58.060507672073","58.340363062732","58.4252025316731","58.5479318237637","57.850935463329","58.236117099936","59.6203094794637","59.7904043125452","60.3402086081131","52.7833343247688","57.3749269699206","57.6322202860632","59.6750679519879","59.7982208371666","60.0786745440895",
"Philippines","PHL","Employment in services (% of total employment) (modeled ILO estimate)","SL.SRV.EMPL.ZS","","","","","","","","","","","","","","","","","","","","","","","","","","","","","","","","39.3088924971693","39.2066727314376","39.303349840528","40.1498123934699","40.9301962655391","42.2085176882048","43.4922562193602","45.6110769390553","45.496904054282","47.3137195412479","47.954670380761","48.4215999607625","48.9209087008489","49.2298898477891","49.7578358926005","50.2306321766998","50.6123441480884","50.9593888378512","51.6048881399569","52.085087988759","52.6145323962141","53.1341994600021","53.9112672571846","54.1410067239807","55.0699923441241","55.4382082448058","56.1556474029791","56.4921563871369","57.8572001865167","56.779244056703","56.8103235196599","58.7194427198819","59.0189887451559","59.3162032087416","59.5480051595847",
"Palau","PLW","Employment in services (% of total employment) (modeled ILO estimate)","SL.SRV.EMPL.ZS","","","","","","","","","","","","","","","","","","","","","","","","","","","","","","","","","","","","","","","","","","","","","","","","","","","","","","","","","","","","","","","","","","",
"Papua New Guinea","PNG","Employment in services (% of total employment) (modeled ILO estimate)","SL.SRV.EMPL.ZS","","","","","","","","","","","","","","","","","","","","","","","","","","","","","","","","63.1804011742572","63.2532984926806","63.2133618597899","63.2569576702825","63.4574737860644","63.7754446690418","64.009552491851","64.2634979913487","64.1176576287587","63.8736696527117","64.1888494850525","64.2819247658486","64.4563288556822","64.7775227053309","64.9824809242872","65.2946002810746","65.7089683987524","65.9548748340639","66.3699261971545","66.6853198204874","66.0519343053378","65.3874774191798","64.536640355408","63.5480964741303","62.6202081947227","61.7235212572446","60.6779455468911","59.7376518013993","58.8226988766473","56.3877601232141","54.7570550942933","53.7520987276785","54.3911418325475","54.8308392973325","55.2660602935947",
"Poland","POL","Employment in services (% of total employment) (modeled ILO estimate)","SL.SRV.EMPL.ZS","","","","","","","","","","","","","","","","","","","","","","","","","","","","","","","","41.1528213922815","41.9158250267808","42.5791408657955","43.3457827698292","44.6511269342528","45.5142475225084","46.6516078465382","47.6136374123345","48.6749340791242","49.6792654973674","50.4189319401225","51.1609247957378","51.8124679556715","52.4345242676995","52.6494117201935","53.5334765191451","53.8600078009042","53.4885384389398","55.0236661626113","56.0535195022376","55.8337533433676","56.4282397815929","56.8932599901155","57.4073780056998","57.9291786495679","57.9683887923307","58.1114944429889","58.5650167156701","58.7133477770804","58.7428419995216","60.2059416711639","60.4632771401715","61.9770367351684","63.2978087992086","63.7521015412052",
"Pre-demographic dividend","PRE","Employment in services (% of total employment) (modeled ILO estimate)","SL.SRV.EMPL.ZS","","","","","","","","","","","","","","","","","","","","","","","","","","","","","","","","28.8489132194166","28.7162149602607","28.6962979105336","28.6566046188305","28.7246257727112","29.0100374150101","29.2088409600222","29.4826208175696","29.6418947137523","29.8715072229484","30.060160295963","30.3140098366106","30.7108978972552","31.1493675351057","31.5119035471268","31.9397091757975","32.3291755798717","32.696903769754","33.1319167578903","33.9280403132947","34.3126047389851","34.8461839860972","34.7989717100487","35.3072517711922","35.7236314197672","36.0402636507595","36.4093122850014","36.9662566541675","37.701865177868","36.0941134797747","35.8452000580789","36.5997049338797","36.8403076063321","37.2669321158305","37.6368789080897",
"Puerto Rico (US)","PRI","Employment in services (% of total employment) (modeled ILO estimate)","SL.SRV.EMPL.ZS","","","","","","","","","","","","","","","","","","","","","","","","","","","","","","","","72.2976385118074","72.3839284203275","72.5773452194097","73.1900408731643","74.2444947182135","75.4776270814997","75.386156541855","75.5418267532943","75.4836887914424","75.7616074892721","76.216231627389","77.9372603256428","78.2670824661682","78.3221252282271","78.7783152595228","78.9614934140007","79.5601759688547","80.261167943313","80.637189663785","80.9799000474922","81.3209933848272","81.6213277763936","81.9504794538369","82.2763406836491","82.5914980908278","82.6793504629545","82.8619064045073","82.9230011318573","82.9272315275072","82.9096933274728","83.2614273090828","83.4061358263486","83.6275181170291","83.8824106340782","84.1413773187735",
"Korea, Dem. People's Rep.","PRK","Employment in services (% of total employment) (modeled ILO estimate)","SL.SRV.EMPL.ZS","","","","","","","","","","","","","","","","","","","","","","","","","","","","","","","","16.562833819805","16.638884265038","16.7613602920904","16.9338892447069","17.0581337957995","17.2135326428739","17.3164930498674","17.5316528612724","17.8394062701968","18.0792718157495","18.3961020633908","18.6647871353396","18.9598545482906","19.2532656928202","19.5943040208841","19.863586303278","20.1264221174447","20.469574284092","20.7474210019017","21.0234127509705","21.3216464235156","21.6495784542066","21.9801681590134","22.309291052334","22.5803537577097","22.9782139427952","23.1954083352941","23.392292158788","23.7183744545483","22.4457255065336","22.197046579416","22.4978685533794","22.8502652043192","23.1831618122989","23.5148640139739",
"Portugal","PRT","Employment in services (% of total employment) (modeled ILO estimate)","SL.SRV.EMPL.ZS","","","","","","","","","","","","","","","","","","","","","","","","","","","","","","","","58.8893109444359","59.3288048117788","60.0415083223253","60.3160192220094","60.8160483007109","61.1830832648963","60.5815792932872","55.5893977739791","57.3843291309677","57.3154218538425","57.9957719572078","58.5226793718071","58.9421505738704","61.1517096056042","62.0265085282407","62.2265585226258","62.3568137475302","64.0200254109143","65.250006790519","66.0146772123583","67.1899540649217","68.5696688093876","70.5476024395349","71.5809231711292","71.8508726458503","72.1615233581643","72.2017066557815","72.4169836474352","72.9597492961719","72.7052028324968","72.5732847147665","72.0288684542458","71.4163605891885","72.3809878491654","72.6728676887903",
"Paraguay","PRY","Employment in services (% of total employment) (modeled ILO estimate)","SL.SRV.EMPL.ZS","","","","","","","","","","","","","","","","","","","","","","","","","","","","","","","","52.2381138200347","52.1753234829659","52.327695371719","52.5233709061557","52.8282582643768","52.8009951420118","53.0085943269956","52.8395569093927","52.5035071519819","51.5039388095316","51.0883539800022","50.5817493016502","52.6824271386605","50.6060208844525","52.2020256634223","52.8203305303277","53.081294620812","55.6496679532665","54.3592452340199","55.1840447395747","56.6628443904094","56.9805107310529","59.705763431074","58.7833491603129","60.5603053407744","59.2508280567877","59.9403755720118","61.3379293370967","63.1352546059139","59.6391209527275","60.7930679908076","63.8435050279503","64.8187700860833","64.8789534557871","65.0838345545717",
"West Bank and Gaza","PSE","Employment in services (% of total employment) (modeled ILO estimate)","SL.SRV.EMPL.ZS","","","","","","","","","","","","","","","","","","","","","","","","","","","","","","","","57.4912474573619","57.8081658588971","58.0792224183544","58.1759748054261","58.4958028145832","58.8143188175448","59.1365124003918","59.104365396363","59.1326134150124","60.3247773176085","61.2261194907113","62.1071988632918","59.8001358548879","60.574850989917","60.4225317188081","60.8509391243243","61.4071814415328","64.6856626780782","65.4554955533583","65.1962488395205","63.8761772320222","63.6922374330963","63.4468821362025","63.5611976211014","64.620095806528","64.5860629529821","64.7724367784865","64.803216173832","66.0241649529476","65.2296464694621","64.0930600306752","63.7764456981664","","","",
"Pacific island small states","PSS","Employment in services (% of total employment) (modeled ILO estimate)","SL.SRV.EMPL.ZS","","","","","","","","","","","","","","","","","","","","","","","","","","","","","","","","43.1693404980883","43.3484082183619","43.5793776480663","43.794970593143","43.8861297834286","44.2414216386556","43.6510210565841","44.9927427679552","45.5842505801964","46.1932641398967","46.9565125887","47.0490024003694","47.1262897901359","47.4313048484417","47.8768978063415","47.9363811709828","47.8564386165864","47.6984352102236","47.6535203073521","47.0266909782942","47.0171868941479","47.0033623522035","47.0113971238202","47.0653971523947","47.9078341873133","48.5460486307621","49.1702002512278","49.7605946088953","50.3304538960417","48.8513835970345","48.5852579706721","49.2635417507597","49.7681560680006","50.2174304925113","50.5740774786474",
"Post-demographic dividend","PST","Employment in services (% of total employment) (modeled ILO estimate)","SL.SRV.EMPL.ZS","","","","","","","","","","","","","","","","","","","","","","","","","","","","","","","","62.9817988003504","63.6196191021889","64.4980641850931","65.0556099581988","65.5121024517771","66.1081197444334","66.5297989325717","67.0453370194885","67.6518859628746","68.0028541232162","68.5521035993455","69.0538192281292","69.472913363369","69.9812203129024","70.4280039638525","70.6008502567863","70.8876026517835","71.5911456707043","72.6878587411316","73.1025440129139","73.418096963137","73.6081963884378","73.9131874866211","74.0729260438984","74.321691839654","74.5703029266775","74.6570469511643","74.7224559562249","74.8913910928044","75.0854891554084","75.3109025347269","75.974492218329","76.1769995196725","76.4720881671584","76.7307614585124",
"French Polynesia","PYF","Employment in services (% of total employment) (modeled ILO estimate)","SL.SRV.EMPL.ZS","","","","","","","","","","","","","","","","","","","","","","","","","","","","","","","","81.4246821328236","81.6104322709445","81.878173291092","82.143437737076","82.3829877330651","81.7448206295425","80.8946535906359","79.5765585170886","79.0727787593485","78.7623182576394","78.72431705394","79.1090594869929","79.292258590097","79.1633330776059","79.2252989979528","79.3837155088374","79.4580483475174","79.5461795729354","81.1362315293542","81.3761866728675","81.3994286000702","81.6910482080558","81.9334576504073","82.1064387685734","82.4041141978275","82.6345253056095","82.7561177934467","82.9771451107063","83.0267801147586","83.3099686977896","83.3049338879951","83.3673421411444","83.4550358529044","83.630194283351","83.7482756355515",
"Qatar","QAT","Employment in services (% of total employment) (modeled ILO estimate)","SL.SRV.EMPL.ZS","","","","","","","","","","","","","","","","","","","","","","","","","","","","","","","","65.1543115124153","64.7834004552618","65.0793382564172","64.5475078365295","64.4244313955145","64.3171914394426","63.0828127550339","62.104314583724","61.5187500492282","60.5107403880638","59.3142694617479","58.421685816143","57.5946838572573","56.240891067343","56.1014335746508","55.462611096462","45.7842530532042","38.8510704188196","39.982290015039","42.1516001148008","44.5365266700889","46.8661095845598","46.9045659051131","45.8313690399791","44.6258107909099","44.22933327617","44.2512686809688","43.330745812695","43.7834809135447","56.2354490032249","57.7719479470575","59.2147049838272","59.3480505682091","60.111192700906","60.35965499607",
"Romania","ROU","Employment in services (% of total employment) (modeled ILO estimate)","SL.SRV.EMPL.ZS","","","","","","","","","","","","","","","","","","","","","","","","","","","","","","","","30.3399691969337","30.87310001915","31.2551498949158","31.5750099572222","32.2491786846353","34.2019222250335","34.9492226210567","35.5479457614697","35.3297970659722","35.5301938426347","36.3227482677631","39.097264198458","39.6391029636765","42.6527589307689","43.6140154731923","44.9802666440679","45.2498691532089","45.8164990592202","47.2115930732059","47.2877958359094","48.678282200899","48.6526181716507","49.0013846043585","49.130750518601","52.1602996402572","52.7980540761085","52.8232353493552","53.3271716779318","54.1922969065312","55.1736442890612","55.305223900281","55.9176637423891","54.9205809741838","56.0827196502939","56.4832124177493",
"Russian Federation","RUS","Employment in services (% of total employment) (modeled ILO estimate)","SL.SRV.EMPL.ZS","","","","","","","","","","","","","","","","","","","","","","","","","","","","","","","","45.8910334770365","45.7816406518752","46.3871715379587","47.9922773522865","50.2928994673083","52.3539593207101","58.0324403837841","59.387604923614","56.2175558802343","56.4864599366535","57.9626905226947","58.6595766766714","59.129698637604","60.518275269397","60.7553843010055","61.3710880237593","62.4693739008214","62.9629059239111","64.4244893221926","64.6388663218428","64.9548434515649","65.0270732273247","65.4083161128575","65.8864500978263","66.1581540212958","66.4184591186721","67.1980201854901","67.3755659321416","67.4269857068326","67.5269422185816","67.5794740493014","67.9036201655644","68.5981232867327","68.7960939427504","69.0585484649102",
"Rwanda","RWA","Employment in services (% of total employment) (modeled ILO estimate)","SL.SRV.EMPL.ZS","","","","","","","","","","","","","","","","","","","","","","","","","","","","","","","","15.6061558234146","15.9091630672304","15.0325868725869","14.7152754704765","14.9215986480866","14.3718752133251","14.203914935557","14.5817629481985","15.1075042185415","15.8690872391296","16.6404457938825","17.9309525182362","18.2431779933867","19.2011811329552","20.4806986381836","21.9128493037802","23.1765107549867","24.8863101048271","25.9653570489438","27.2593647847371","28.5566381311975","29.9015214307618","30.402411721881","31.0236119730963","32.1711062681191","32.8526743157878","33.576042721679","34.3995732955276","37.020089760098","32.6476623206304","29.407974730058","30.242077682153","33.8998187109295","45.3766008356205","46.5412225721368",
"South Asia","SAS","Employment in services (% of total employment) (modeled ILO estimate)","SL.SRV.EMPL.ZS","","","","","","","","","","","","","","","","","","","","","","","","","","","","","","","","21.7169257140608","22.0445205535849","22.3858320242919","22.692978698584","23.0771083066195","23.530699159096","23.5644157447889","23.6604729239506","23.8418008833294","24.0333096122993","24.5856181805119","25.2253737314628","25.9173064399385","26.4222720592912","26.89895733349","27.1610363484295","27.328868071987","27.4462069733369","27.6151806577203","27.7571162991198","28.5052577930905","29.2638040278419","30.0010338167602","30.8496605611148","31.755690114787","32.5855376821147","33.5731313376892","34.3621703973984","35.0418112438588","32.7945874662368","32.6087101712526","32.2446800837938","32.4374515485147","33.1635272458682","33.4493244173949",
"Saudi Arabia","SAU","Employment in services (% of total employment) (modeled ILO estimate)","SL.SRV.EMPL.ZS","","","","","","","","","","","","","","","","","","","","","","","","","","","","","","","","66.7013723626937","66.4012785557961","66.3955979190987","66.519777921104","66.8475159545624","67.0491754988234","67.4154326654426","67.4488295151777","67.876143043519","68.0910390674841","68.3343820419183","68.588899129393","68.484638384856","68.3430088581379","68.5033042780348","68.7421383268187","68.7965969980621","68.8862141530876","69.3168869244772","69.1349090411974","68.9434835676789","69.0641856169192","69.3340284426764","69.3908252150139","69.4869635868621","69.6270993969951","69.7450173283121","71.292228576443","72.5570122624337","73.931802697562","77.7956233384625","80.2327149876477","74.2019143925251","74.3640725725168","74.4304575440061",
"Sudan","SDN","Employment in services (% of total employment) (modeled ILO estimate)","SL.SRV.EMPL.ZS","","","","","","","","","","","","","","","","","","","","","","","","","","","","","","","","37.6592761319336","38.1895787832941","39.0060313523586","39.8033897402844","39.8964565293487","39.6351025509761","39.7399910459925","40.0692174333958","40.4270584431459","40.8153203507229","40.7996549036228","40.6235940350123","40.972293743574","41.4121929984131","41.5968595282216","42.1419797289853","41.23293373226","42.0773103540002","43.0098727269314","43.2384103380012","43.9341232594351","44.3342815393475","44.9196868439373","45.2195329392217","45.6367446136642","46.7681126252235","47.4160456013977","48.0616147851908","48.2703207911558","46.4143328320322","45.7434215487083","46.2442434159355","","","",
"Senegal","SEN","Employment in services (% of total employment) (modeled ILO estimate)","SL.SRV.EMPL.ZS","","","","","","","","","","","","","","","","","","","","","","","","","","","","","","","","35.9922872183119","36.0257217144629","36.0349697233852","35.8711550203352","36.1738253088023","36.2824112075481","36.5202673155775","37.0100963222991","37.6287745326573","38.013144863731","38.3848491521065","39.0011283239815","39.9491143907955","41.0035210688795","41.8183519003449","42.6248354906594","43.4281011964833","44.1409031336579","44.9029271833884","46.0641393377126","47.2488759516398","48.5962440101291","49.8425142846604","51.9146130762935","53.6750087741823","51.0101518970215","53.1371514188897","54.7593556383935","55.8657560901886","52.0478600355862","48.7128689921073","45.8637444448216","46.2822899759848","47.0917586065975","47.9248738621857",
"Singapore","SGP","Employment in services (% of total employment) (modeled ILO estimate)","SL.SRV.EMPL.ZS","","","","","","","","","","","","","","","","","","","","","","","","","","","","","","","","64.5753827361017","65.0529528392547","65.875255412477","66.9597739974949","68.291043677338","69.5589785945351","70.1216030124559","71.1690935513774","71.9544918537771","72.5293999586961","73.6683171036157","74.4406627759344","75.0500491992614","75.4297174926108","75.9618789556125","76.5515238251608","76.2634779120522","76.1280157844467","77.2677900003458","78.1407627632661","79.1263279724991","79.496505082304","80.1876788946683","82.2871590690726","82.5880760696893","83.7242174321277","83.9999197887359","83.8460645620865","84.9214552678997","85.0622965416227","85.447258585431","85.3444494774124","86.0771205942299","85.7394584559933","85.906755500253",
"Solomon Islands","SLB","Employment in services (% of total employment) (modeled ILO estimate)","SL.SRV.EMPL.ZS","","","","","","","","","","","","","","","","","","","","","","","","","","","","","","","","45.2763426530733","45.0869915962116","45.3531165278408","45.4995042656898","45.2456203980357","45.8202629646933","46.4577041710103","47.2433534216944","47.938823103677","49.0483190932953","50.5975100605992","49.8332821178446","48.9888975231562","48.9272969978275","49.3665426937841","49.4631487737188","49.401722742751","49.3172304947506","49.4361430522295","49.2237096329009","49.0478904311058","49.0519292219766","49.0377189876406","49.2771450953987","49.8635620559551","50.1197248570327","50.5120483658703","50.8462915685819","51.3371733384748","49.0720443479544","48.4432819818007","48.8780475724669","49.1991302989898","49.6160778616948","49.9547595242512",
"Sierra Leone","SLE","Employment in services (% of total employment) (modeled ILO estimate)","SL.SRV.EMPL.ZS","","","","","","","","","","","","","","","","","","","","","","","","","","","","","","","","27.5618966114146","26.4624289334886","26.7078140639953","26.6052975143847","25.9553732253049","26.1968565136959","25.5870959993469","25.7825485134651","25.6914440212035","26.3118939112838","25.1030452810231","26.6451765257451","27.2003857408885","25.0313305899635","25.5722436153361","26.2299001733517","27.3255919992705","28.2511570051769","28.8684664099746","29.9922730714103","31.0138302014681","32.9011681123816","34.9802473296449","36.2801291517533","36.5967684237259","39.2645747272795","41.6754090680477","43.2268690252873","43.8896891475923","42.3103901332073","42.1525066801564","42.5927181426358","43.2335681141984","43.5734747491183","44.0369486705191",
"El Salvador","SLV","Employment in services (% of total employment) (modeled ILO estimate)","SL.SRV.EMPL.ZS","","","","","","","","","","","","","","","","","","","","","","","","","","","","","","","","39.5749295520083","40.1372487122496","42.3085896550842","44.5358325164318","45.2060942659862","45.4209359890203","48.7303997369139","49.3802624449313","51.9325692471683","53.2059322417911","53.6139394842025","54.9403151994945","56.2500847580981","56.2214171797932","56.8830033930859","57.1995461561921","57.5994528967321","56.8506737688221","57.5362376701544","57.8719328612105","57.1368989359361","58.0504645046776","60.0597146276923","60.3462783093348","59.7121787529889","60.2223474401178","59.5395240180015","61.0879459244147","61.1974225717454","60.8504151462481","61.2282297567166","61.5965308075951","62.4677128891176","62.6593656340507","63.0108282742462",
"San Marino","SMR","Employment in services (% of total employment) (modeled ILO estimate)","SL.SRV.EMPL.ZS","","","","","","","","","","","","","","","","","","","","","","","","","","","","","","","","","","","","","","","","","","","","","","","","","","","","","","","","","","","","","","","","","","",
"Somalia, Fed. Rep.","SOM","Employment in services (% of total employment) (modeled ILO estimate)","SL.SRV.EMPL.ZS","","","","","","","","","","","","","","","","","","","","","","","","","","","","","","","","36.3649705916945","35.7486018327427","36.1893172859137","32.2678789414398","32.4945007097839","33.6280203138166","33.1851320559975","33.854757890636","34.7284241063028","35.5730048564464","36.4251453423338","37.5489884469961","38.5730930519981","39.4676692414732","40.4274412916424","41.3476277950212","42.7131827358038","43.6165035904305","44.6319537088002","45.6478323794637","47.0313131766926","48.5416356174994","50.3712405210634","51.6246103021907","53.2458559762701","54.0365863455352","56.3204843270363","56.101907757315","56.0059106886234","52.0672575621346","51.3752408322648","51.4211908190057","51.7786545102134","51.988528307298","52.2194392045983",
"Serbia","SRB","Employment in services (% of total employment) (modeled ILO estimate)","SL.SRV.EMPL.ZS","","","","","","","","","","","","","","","","","","","","","","","","","","","","","","","","38.7144828821765","38.9877917935512","39.2721321049032","39.5630140050399","39.7551816404369","40.036867999687","40.2425972287578","40.5140279485797","41.1528700945018","41.4857388634676","41.8961817686586","42.2024385127763","42.6330125662827","42.9804176703753","43.1679060800744","44.6588525135106","44.268338095545","44.7955873414602","46.7361990162493","48.0786218907237","48.1491332975646","48.6589155873606","49.2702789239348","49.8466162593739","50.5868736976842","51.3938380146133","52.0454685423574","51.9625270627687","51.8191786748944","52.4757229064994","52.9757725399648","53.254231677538","53.922998197676","54.3442615705547","54.9047279856067",
"Sub-Saharan Africa (excluding high income)","SSA","Employment in services (% of total employment) (modeled ILO estimate)","SL.SRV.EMPL.ZS","","","","","","","","","","","","","","","","","","","","","","","","","","","","","","","","30.7031996439268","30.5561355853708","30.5131600575765","30.5076699777454","30.5766802626314","30.8114129536509","30.9557544788481","31.184628636328","31.3335480346977","31.5163307278306","31.6009311706794","31.6334234412263","31.9788015244174","32.3004786965294","32.6996132790011","33.0915789658864","33.515893122552","33.9279223858258","34.3631136405989","35.148029946314","35.564168000129","36.1108157166772","36.0632429815333","36.5514585468876","36.8937882707897","37.1531625579318","37.5251541463718","38.159062768849","38.9576973575941","37.394339553416","37.3023095787797","37.9054775331667","38.2328673870056","38.7785917602443","39.1258044491768",
"South Sudan","SSD","Employment in services (% of total employment) (modeled ILO estimate)","SL.SRV.EMPL.ZS","","","","","","","","","","","","","","","","","","","","","","","","","","","","","","","","31.6127321541028","31.842878385878","32.0775709343466","32.1911867339453","32.3608956605781","32.5565580567811","32.8438882711405","33.0739996807892","33.2358630792938","33.3633932588985","33.5102601814697","33.6473570313472","33.7613041681968","33.8679276220757","33.9663322214731","34.0702074932722","34.1683154592039","34.2416890259282","34.3598190573403","34.2954103004165","34.1810455480027","34.2884474843576","34.5241497913384","35.0376461549543","35.6502069840536","35.7580078060355","36.1598784024346","36.2557999728935","36.0882834863291","34.9922859852069","34.2131531711209","34.2572226973317","34.5674763692935","","",
"Sub-Saharan Africa","SSF","Employment in services (% of total employment) (modeled ILO estimate)","SL.SRV.EMPL.ZS","","","","","","","","","","","","","","","","","","","","","","","","","","","","","","","","29.1718547600203","28.933932079955","28.9623419600701","28.9746378059876","29.0587379410895","29.3468710182102","29.4725750414659","29.6343960362107","29.8061870063356","29.9283881635406","29.9743385838029","29.9161954841806","30.090097127367","30.3917593131174","30.696816759144","31.1028160215091","31.5474187366934","31.9710977512744","32.3979464069186","33.1927221713067","33.6585037171054","34.1703979042875","34.232141812707","34.8748650360341","35.4087713924884","35.8576327351913","36.4193936906947","37.177626531105","38.1026374080218","36.5544543508218","36.5369275022843","37.130505760738","37.494032509861","38.0949514679411","38.4951015257407",
"Small states","SST","Employment in services (% of total employment) (modeled ILO estimate)","SL.SRV.EMPL.ZS","","","","","","","","","","","","","","","","","","","","","","","","","","","","","","","","51.199617932325","52.1400730292599","53.5029109713298","54.1457900639686","54.9217011216897","55.4822963688891","55.8340446992571","56.3823839238698","57.2385046668187","57.7937360790986","58.188619493344","58.8545950248844","59.1533137068971","59.2316342176772","59.5252497631285","60.0444427382339","60.2906283815147","60.4945390315066","61.4751011725217","61.9857313185664","61.9573204962929","62.5444201378357","63.1380948438103","63.5029147058449","63.7785895057927","64.1648607212247","64.8759459533139","65.3397459305546","65.6081297862219","65.1997655749919","65.6027702974684","66.1922181709939","66.5048063368306","66.7649392217329","66.935223624279",
"Sao Tome and Principe","STP","Employment in services (% of total employment) (modeled ILO estimate)","SL.SRV.EMPL.ZS","","","","","","","","","","","","","","","","","","","","","","","","","","","","","","","","54.4748952537949","54.7389042761602","54.8703017469561","55.1600961226213","55.284967486931","55.5618188650883","55.8752849836712","56.1954941860465","56.5160445317616","56.7333059740869","56.8999766300538","57.2436308517461","57.5852431525992","57.3709940249864","60.594617593873","60.9068691175706","61.2392947103274","62.2642431349555","62.5255842734066","62.8875520592318","63.2814965066486","63.6192230114882","63.8657604078165","64.0667490729295","64.3403709787268","64.5907127009459","64.8972797094321","65.1211098334508","65.309618398513","64.5805836632937","64.3783478996335","64.6417970858068","64.9304070283966","65.2113896825142","65.4241967871486",
"Suriname","SUR","Employment in services (% of total employment) (modeled ILO estimate)","SL.SRV.EMPL.ZS","","","","","","","","","","","","","","","","","","","","","","","","","","","","","","","","76.5915674593627","76.4226165436537","76.0493919761478","73.9586135169545","70.4674007631033","69.148159032705","71.2944152082569","75.296588928938","78.5506293066797","76.7866660575327","74.6147114765717","72.5396159165503","69.959325592075","67.4623947526095","67.3142681426814","67.1546373204594","67.1487808729523","66.8156042515601","67.1603334055231","67.1713944969759","66.9494749459312","67.1726125095152","67.2340425531915","67.1538192732443","66.8808665272965","66.7564986639977","66.6865431613565","66.5374997783177","66.681211846176","66.3445507297672","66.3005987318307","66.3003971117535","66.6417751689945","66.7848724954074","66.9213955372514",
"Slovak Republic","SVK","Employment in services (% of total employment) (modeled ILO estimate)","SL.SRV.EMPL.ZS","","","","","","","","","","","","","","","","","","","","","","","","","","","","","","","","45.5709684573084","47.4762513095485","48.3032978015409","48.5211786024387","50.2741564176585","49.9098380046838","49.8142138059925","50.3248703496977","52.2541658727425","54.2852271336359","54.5054765670115","53.7487963223269","54.2555856126641","54.3636003916615","54.9887349479084","55.3978602794133","55.0589551136045","55.0623276601162","57.6353383810734","58.8851257767952","58.4165560337428","58.4356550104698","60.0596143113873","59.9554904768836","59.9768851811218","59.9959170403687","59.4528109746634","60.5803935652357","60.4327664951465","60.2161063586162","60.3038458734282","61.6179851891134","62.193028044146","62.8083952551293","63.3086886994208",
"Slovenia","SVN","Employment in services (% of total employment) (modeled ILO estimate)","SL.SRV.EMPL.ZS","","","","","","","","","","","","","","","","","","","","","","","","","","","","","","","","49.2079936843226","50.2046025679544","50.9205539384234","51.7753145407548","52.1324003304034","52.671832430124","52.2699435776961","53.4112755127364","56.3971804429295","57.6465670253813","56.3644605621033","56.5951371733755","59.3610405365322","58.7887994371619","58.7508593724502","59.8079388596019","59.7659100142087","60.2164213189052","61.5514414558363","62.426801528052","63.524075031583","64.3983759935489","64.2259915311407","63.1825147189289","64.753833728111","65.7392032464127","65.1224149060758","65.0971383458402","65.597404663862","65.8574159887203","65.9329142563724","65.5267428427728","63.860271833642","64.1713918522529","64.3742586208093",
"Sweden","SWE","Employment in services (% of total employment) (modeled ILO estimate)","SL.SRV.EMPL.ZS","","","","","","","","","","","","","","","","","","","","","","","","","","","","","","","","69.224548308142","69.7576548853821","70.3620560710575","70.530454636182","71.0429007350838","70.8767300730329","71.2019226009564","71.0606833937563","72.0047689277607","72.7221755240575","73.6114466453701","74.5107978804076","74.8607647839213","75.1495465467541","75.7703735837478","75.8597693224454","76.1029410146762","76.552697629705","77.6640167679084","77.9968222573927","78.0854480121376","78.2957856001292","78.8056515071975","79.4223115286017","79.6754460967861","79.9141239175796","80.0051514044413","80.0884618679843","79.8913961484272","79.959106529964","79.9154694526928","80.92506828558","80.9494472010676","81.166618722452","81.4112121058729",
"Eswatini","SWZ","Employment in services (% of total employment) (modeled ILO estimate)","SL.SRV.EMPL.ZS","","","","","","","","","","","","","","","","","","","","","","","","","","","","","","","","56.9660414533794","57.3776960716043","57.8329663344759","57.8519396916822","57.9460898073452","58.1160275496736","58.2793991132288","58.4264241813076","58.6092019568414","58.5230427540255","58.7232683523346","58.8314260104642","59.0036218371085","59.2815655732295","59.2787980790993","59.3526391456151","59.4838466455769","59.7512211425787","60.0387573905994","60.149862968031","60.4402198060937","60.5591701676767","60.84776830052","61.3241042929384","61.7896645128523","62.3506169080554","63.8706365864034","65.3576277241872","66.6958957319526","67.5575059595678","68.7066569524272","63.7535811064892","58.6570538144149","59.0104082111225","58.7199520290647",
"Sint Maarten (Dutch part)","SXM","Employment in services (% of total employment) (modeled ILO estimate)","SL.SRV.EMPL.ZS","","","","","","","","","","","","","","","","","","","","","","","","","","","","","","","","","","","","","","","","","","","","","","","","","","","","","","","","","","","","","","","","","","",
"Seychelles","SYC","Employment in services (% of total employment) (modeled ILO estimate)","SL.SRV.EMPL.ZS","","","","","","","","","","","","","","","","","","","","","","","","","","","","","","","","","","","","","","","","","","","","","","","","","","","","","","","","","","","","","","","","","","",
"Syrian Arab Republic","SYR","Employment in services (% of total employment) (modeled ILO estimate)","SL.SRV.EMPL.ZS","","","","","","","","","","","","","","","","","","","","","","","","","","","","","","","","46.6946824666949","44.6261600043497","42.2781013526429","45.3284535743161","41.1113129867749","41.6512982656167","42.6245704799331","43.0907233564918","43.8730072707131","41.0122655284735","43.1881432062077","45.2945979583891","47.4205589171781","48.8080096553918","50.0963584237635","50.7423998630372","51.8025730955711","52.5773359529074","51.4687470112074","53.5604568959839","55.3343482681877","56.6788249019505","57.4890802923476","57.836455582599","57.7499354517999","58.2098494025213","57.9840518197579","58.4185870580212","58.9105779859731","56.9933473899456","56.5831531151572","57.1652015914187","57.6776017086609","58.1204009460911","58.5022194902612",
"Turks and Caicos Islands","TCA","Employment in services (% of total employment) (modeled ILO estimate)","SL.SRV.EMPL.ZS","","","","","","","","","","","","","","","","","","","","","","","","","","","","","","","","","","","","","","","","","","","","","","","","","","","","","","","","","","","","","","","","","","",
"Chad","TCD","Employment in services (% of total employment) (modeled ILO estimate)","SL.SRV.EMPL.ZS","","","","","","","","","","","","","","","","","","","","","","","","","","","","","","","","14.301961730291","14.409044184872","14.5784740288867","14.8301415337774","15.01858744584","15.225089947867","15.4520863545394","15.7131533842952","15.9639199370792","16.2245536740441","16.4737278720337","16.7470489114102","16.9319977746159","16.9877171363835","17.2331958967404","17.4045074873435","17.6459893403515","17.8542978340091","18.2892167070967","18.2848554090033","18.5799581091985","18.7482121173459","19.2096769756929","19.4327806634488","19.6862877764215","20.097177873994","20.4398616878438","20.6894179915525","20.9056761837965","19.5413823141309","19.2995280500331","19.1207990278327","19.4424454927835","19.5723064383895","19.7618957733346",
"East Asia & Pacific (IDA & IBRD countries)","TEA","Employment in services (% of total employment) (modeled ILO estimate)","SL.SRV.EMPL.ZS","","","","","","","","","","","","","","","","","","","","","","","","","","","","","","","","21.9698496537465","22.6872194570897","23.9150174092832","25.3917927337735","26.9531298267205","27.9697209671339","28.4951361516172","28.9007748714896","29.1217568428573","27.9870154201257","29.8847361023269","30.584491358699","31.115632035103","32.467216543824","33.0319717373172","33.9622545256888","34.2871360742399","34.973746867469","35.8056970813264","36.3142100570233","37.2107062318778","37.5902341818534","39.5106187325529","41.2139428202321","42.7268947347517","43.4282684169194","43.9039980303822","44.4959724245056","45.1724581980778","45.7266670017552","46.0710506636433","45.7045601961562","46.5678497582572","46.9889034401673","47.3778957359867",
"Europe & Central Asia (IDA & IBRD countries)","TEC","Employment in services (% of total employment) (modeled ILO estimate)","SL.SRV.EMPL.ZS","","","","","","","","","","","","","","","","","","","","","","","","","","","","","","","","42.8332056688758","43.0072910598056","43.804121716148","44.3490047454377","45.4581992656885","46.6197637403464","48.9900141011224","49.6456506552649","49.0054496401638","49.6384116850503","50.4664329527651","51.358880270911","51.8518536112505","53.1141199512451","53.6396738201843","54.3030288455872","54.9882641534131","55.2370048287413","56.4791648575903","56.5449576532799","56.6695888512246","57.0157691831183","57.4336347032993","57.8217732383247","58.5300096349332","58.9587157084458","59.420589570774","59.7625099989341","60.1788566182809","60.1542828715066","60.3051209178536","60.6717671177677","61.4247451371898","61.8422559144201","62.1101308380838",
"Togo","TGO","Employment in services (% of total employment) (modeled ILO estimate)","SL.SRV.EMPL.ZS","","","","","","","","","","","","","","","","","","","","","","","","","","","","","","","","36.7351050926996","36.016757776566","34.7613810735857","36.1984423706484","36.3457549147114","36.7920046886085","37.7555679368361","37.6765739504377","37.6412337985546","37.3001906260401","37.231684674354","37.2998803070499","37.9773814315161","37.6744291740859","36.8742022931764","37.2249576030208","37.7103004419253","39.1012784770042","40.0754008006772","42.1859805401688","44.2692987305349","44.7892942955589","45.3564383275644","45.6989508969242","46.2078169326623","46.4824376845583","46.875599770897","43.5470834582556","40.8561441611217","40.2253369204971","40.7479987652152","42.0941124935767","43.0110972437097","43.6019626304146","44.2472358206748",
"Thailand","THA","Employment in services (% of total employment) (modeled ILO estimate)","SL.SRV.EMPL.ZS","","","","","","","","","","","","","","","","","","","","","","","","","","","","","","","","29.032216525082","27.8674746501042","30.4313160599033","30.4672056461824","33.0832397769483","34.1311444130409","34.9465266425948","35.8707779025488","37.99293581524","37.1013034870525","38.3675814708452","38.1577217954719","38.8834481756195","39.1671591507344","39.3855306647318","39.6202892619507","39.8817795670065","40.2904802023655","40.6654511036242","41.1111094017186","39.5508996331619","38.0345908143519","39.4398179617955","42.9532784417028","43.94552128009","45.0450446122349","45.5701188910502","44.9530256388553","45.6200634452476","46.0077764439411","45.8301350402289","47.3414812840193","47.8554430043835","48.7593092354398","49.2059648636357",
"Tajikistan","TJK","Employment in services (% of total employment) (modeled ILO estimate)","SL.SRV.EMPL.ZS","","","","","","","","","","","","","","","","","","","","","","","","","","","","","","","","26.198346417337","26.1041244688443","25.9730252297875","25.7118018330142","25.3847236544654","25.0844338228187","24.9745053369568","24.9805198938526","24.89546502194","24.9198846129316","25.2012382653","25.5119753309648","25.805839987593","26.3561857002901","27.3778756429994","28.2173826251649","29.1603228257376","30.1913887127262","31.1814952039938","31.8648633510769","32.7582065881943","33.5386521999622","34.4341377214302","35.2620514542783","36.0190776504613","36.9561631486579","37.8614619928","38.7409242570097","39.1331880709209","37.5497817908059","37.2634510192095","37.6679897786625","38.1241398794172","38.6065449782327","39.071884534804",
"Turkmenistan","TKM","Employment in services (% of total employment) (modeled ILO estimate)","SL.SRV.EMPL.ZS","","","","","","","","","","","","","","","","","","","","","","","","","","","","","","","","32.918109079636","32.2437533320874","32.5322750647851","32.7219309831257","32.6727514108167","33.1202528149922","33.3816429496644","34.0342729721523","35.0122187991891","35.8432962316552","36.3637853747532","36.719627548004","37.3786919727576","38.0431942485464","38.9845079026927","39.7963051183177","40.5040100249107","40.7906282563716","41.4369366790106","42.1619026571396","42.7661799369817","43.4125828259491","44.1282124154776","44.821859962191","45.5695363512862","46.1691249216455","46.8249725669417","47.4094986710467","47.9731469760554","47.5891954705378","47.8011879435923","48.1369792486735","48.6618024058371","49.08990355134","49.5001690684825",
"Latin America & the Caribbean (IDA & IBRD countries)","TLA","Employment in services (% of total employment) (modeled ILO estimate)","SL.SRV.EMPL.ZS","","","","","","","","","","","","","","","","","","","","","","","","","","","","","","","","55.0772303551625","55.288536675872","55.838643404022","56.4520738785434","57.1624224334002","57.7997501500273","57.8788544548509","58.7555272830035","58.8520682389607","59.2048420161547","59.6175243294392","59.6853792227499","60.2012091653604","60.2343635765463","60.4678779262024","61.0740391809202","61.4950321066309","61.8895799393413","62.5357263918015","62.9042099855364","63.2900835132146","63.6264326462762","63.8483644603867","64.0581027592664","64.3789132671506","64.8660412070137","65.0243226875271","65.2074225989946","65.7366157137365","64.8273236572688","64.7859987756352","65.5067727298809","66.1386450797342","66.4885962365825","66.7232033023266",
"Timor-Leste","TLS","Employment in services (% of total employment) (modeled ILO estimate)","SL.SRV.EMPL.ZS","","","","","","","","","","","","","","","","","","","","","","","","","","","","","","","","33.7870752814274","34.0606457627332","34.2765960065982","34.7192098100829","34.9935368137811","35.2849780962164","35.3892739347477","35.4701732572911","35.319426102649","36.6223981522707","37.4269642416927","37.4394506280715","37.6501410947607","37.6723822815937","38.1088817425863","38.1934898300031","38.6811054103996","38.9248951582158","39.5948938772893","39.9003967249093","40.403502864503","40.5272971086373","40.7721234288576","41.3672720941115","42.2032926460289","42.7484513311079","44.4724447244472","46.0375502647033","47.3812350538391","48.7874724801775","50.6345377267626","47.5863212903049","48.5113233909527","49.832710225301","50.1772559153265",
"Middle East, North Africa, Afghanistan & Pakistan (IDA & IBRD)","TMN","Employment in services (% of total employment) (modeled ILO estimate)","SL.SRV.EMPL.ZS","","","","","","","","","","","","","","","","","","","","","","","","","","","","","","","","39.2114417406229","39.0405756391251","40.1791342415508","39.9962594395877","40.8335998161421","40.9312846969341","42.2973503353993","42.3336875179961","42.5274195645987","41.9479961561016","42.4007872054169","43.053211104183","43.1291184066286","42.7268830857194","42.9246309895436","42.8056427927585","42.7646041455425","42.9239367727448","43.6481803040718","43.7115282396021","44.088397411593","44.3221872594396","44.564109941601","44.8460846649168","45.2928985234487","45.3084162415896","45.9573994884524","47.2631446141172","47.0937115506067","46.5577848827411","46.735747823308","47.2323449022067","47.5704713060073","47.5722514001041","47.7946520801708",
"Tonga","TON","Employment in services (% of total employment) (modeled ILO estimate)","SL.SRV.EMPL.ZS","","","","","","","","","","","","","","","","","","","","","","","","","","","","","","","","37.7308468653029","37.9134635209567","38.0269523151348","38.4656743448978","38.4916692685419","38.8227909498131","39.2978353249865","39.5140483683479","39.6672306824591","40.0730131985397","40.544709974195","40.6869479882237","41.0482805162669","41.2945933968535","41.7936117936118","42.3133826496301","42.4626965990052","42.4721089894872","42.9463639531455","42.8108079129363","42.2163730124624","42.2164086520309","42.4765784114053","42.3789173789174","42.2608359346943","42.2871154703522","42.4884999439022","42.8020818680546","44.0377603798649","44.5539404097911","45.8330918574326","49.1935246937157","52.181438376604","52.4747093462177","53.0482808848967",
"South Asia (IDA & IBRD)","TSA","Employment in services (% of total employment) (modeled ILO estimate)","SL.SRV.EMPL.ZS","","","","","","","","","","","","","","","","","","","","","","","","","","","","","","","","21.7169257140608","22.0445205535849","22.3858320242919","22.692978698584","23.0771083066195","23.530699159096","23.5644157447889","23.6604729239506","23.8418008833294","24.0333096122993","24.5856181805119","25.2253737314628","25.9173064399385","26.4222720592912","26.89895733349","27.1610363484295","27.328868071987","27.4462069733369","27.6151806577203","27.7571162991198","28.5052577930905","29.2638040278419","30.0010338167602","30.8496605611148","31.755690114787","32.5855376821147","33.5731313376892","34.3621703973984","35.0418112438588","32.7945874662368","32.6087101712526","32.2446800837938","32.4374515485147","33.1635272458682","33.4493244173949",
"Sub-Saharan Africa (IDA & IBRD countries)","TSS","Employment in services (% of total employment) (modeled ILO estimate)","SL.SRV.EMPL.ZS","","","","","","","","","","","","","","","","","","","","","","","","","","","","","","","","29.1718547600203","28.933932079955","28.9623419600701","28.9746378059876","29.0587379410895","29.3468710182102","29.4725750414659","29.6343960362107","29.8061870063356","29.9283881635406","29.9743385838029","29.9161954841806","30.090097127367","30.3917593131174","30.696816759144","31.1028160215091","31.5474187366934","31.9710977512744","32.3979464069186","33.1927221713067","33.6585037171054","34.1703979042875","34.232141812707","34.8748650360341","35.4087713924884","35.8576327351913","36.4193936906947","37.177626531105","38.1026374080218","36.5544543508218","36.5369275022843","37.130505760738","37.494032509861","38.0949514679411","38.4951015257407",
"Trinidad and Tobago","TTO","Employment in services (% of total employment) (modeled ILO estimate)","SL.SRV.EMPL.ZS","","","","","","","","","","","","","","","","","","","","","","","","","","","","","","","","56.9629443673273","58.9216561678185","59.7927705963752","59.4428421874893","61.3190547851556","62.4827130247028","61.9509960424693","61.9024967014725","62.5486239124286","63.2717377056444","61.8638620464918","63.3150288409647","64.5125385998846","64.3476390164334","64.1212027158099","64.2959936654935","64.0831884844383","63.7563037902662","65.2598862093777","66.107818408302","67.3344118696224","67.3005885344765","67.3681629767315","67.7620048331603","68.1744034203851","69.0147715907701","69.5661578929152","69.7920062408093","70.1639339615555","70.5232464387317","70.3037713682898","71.2899441258854","70.5762815625611","71.1301596317669","71.3244357607712",
"Tunisia","TUN","Employment in services (% of total employment) (modeled ILO estimate)","SL.SRV.EMPL.ZS","","","","","","","","","","","","","","","","","","","","","","","","","","","","","","","","45.9348543251347","46.1156044797851","46.4823100032699","46.8414783938764","47.1579655790661","47.1423075413183","47.3145982267678","47.5461266329706","47.6962726192203","47.9246746822319","48.1859060546742","48.5884117047099","48.6880352558072","48.764247138427","49.0909544567822","48.3361240179611","48.5209926495507","48.5340858221377","49.2802674878886","48.706335325918","49.9851018167066","49.8774515346372","51.3515046707682","51.6865279625141","52.1444504729137","51.8814728403907","51.897944819299","51.7580786978565","51.6911609821987","52.3499098791437","53.1810296325456","54.4020945060499","53.8354109813461","54.0394899080975","54.2620289656687",
"Turkiye","TUR","Employment in services (% of total employment) (modeled ILO estimate)","SL.SRV.EMPL.ZS","","","","","","","","","","","","","","","","","","","","","","","","","","","","","","","","31.1289492992795","32.5286323333657","34.657438615151","34.2768289161471","34.5396764798313","34.3266766457704","35.046111110129","36.0659131001166","37.6368622052173","39.1691210135787","38.8956330228732","41.1581862598618","42.4507173635158","44.9654919129034","46.8205265806255","47.9971667964894","48.5615921023594","48.2922734358337","50.4980929308769","48.8084234551382","48.113242934227","49.1484126619667","49.4079602306569","49.8563381497761","51.1649146782078","52.5147859531733","52.8757257995552","53.6652229439553","55.3302838988809","54.9412870858126","55.2686306061318","56.6236043226678","57.7639762862523","58.0799462166807","58.4894545483468",
"Tuvalu","TUV","Employment in services (% of total employment) (modeled ILO estimate)","SL.SRV.EMPL.ZS","","","","","","","","","","","","","","","","","","","","","","","","","","","","","","","","","","","","","","","","","","","","","","","","","","","","","","","","","","","","","","","","","","",
"Tanzania","TZA","Employment in services (% of total employment) (modeled ILO estimate)","SL.SRV.EMPL.ZS","","","","","","","","","","","","","","","","","","","","","","","","","","","","","","","","18.6465464180535","18.5634214177942","18.4808212645953","18.3687856560717","18.353056267739","18.5595174065319","18.6891590904301","18.8422703122059","19.0440909780957","19.2282592740555","19.5355521195354","19.9321413736606","20.3088948178026","20.762643991286","21.2852945364371","21.7787865639182","22.3199100756048","22.5601796475837","22.960035699913","23.382619470679","23.9544312674525","24.2406769255426","24.7864900149072","25.3290007832003","25.701666312269","26.1048423584264","26.4880374864395","26.8580913328661","27.275619823813","26.2239695903453","26.1363296109795","26.402286761983","26.7938240159534","26.8590825384721","27.3246630727964",
"Uganda","UGA","Employment in services (% of total employment) (modeled ILO estimate)","SL.SRV.EMPL.ZS","","","","","","","","","","","","","","","","","","","","","","","","","","","","","","","","18.2748158198227","18.3015255691178","18.7486712810582","18.9340864313553","19.5869447138829","20.1471937533549","20.3842107138162","20.6213846330589","21.0942582861166","21.2047749588215","21.5167738488265","22.1529469422044","22.4098981148347","21.7250601428571","20.9590983524254","20.7592706629462","20.2596208297104","19.7212605775205","19.140321590148","25.2486594684072","23.6964655798047","23.9931620962764","19.5492558333028","21.2769958088453","21.430293399778","21.5728757769581","21.6916191237897","26.0039954848086","30.8909811725393","27.8803190915849","26.1975081257831","26.4977054608869","26.9232663241872","27.3611464419171","27.8501794525323",
"Ukraine","UKR","Employment in services (% of total employment) (modeled ILO estimate)","SL.SRV.EMPL.ZS","","","","","","","","","","","","","","","","","","","","","","","","","","","","","","","","52.1345678180166","52.0755641316583","52.7685545422722","52.2759434047091","53.079243597883","54.6202342044145","55.5948460930548","55.5706493232267","55.5606667688802","56.0215903821478","56.2574079695254","56.3747590063433","56.6055618921264","56.6857762871947","56.8593650204589","57.0675365007567","57.2634662175775","57.4769375647815","57.8369298346387","57.9365839950932","57.9411994174618","58.086907693182","59.1131641267273","59.2777078638239","60.223778079053","60.3379793925637","60.4750218111947","60.7838620142784","61.1148627352899","61.1408093685508","60.6651539753775","","","","",
"Upper middle income","UMC","Employment in services (% of total employment) (modeled ILO estimate)","SL.SRV.EMPL.ZS","","","","","","","","","","","","","","","","","","","","","","","","","","","","","","","","29.0222693520539","29.6894058728596","30.9361196926048","32.2564371880211","33.624784665496","34.5394998651252","34.9531629713033","35.3732511167781","35.6199493768178","34.7762542948009","36.486716912038","37.0875395673442","37.661802237617","38.8454561964207","39.4156673667594","40.3155821447841","40.6772954067962","41.34543376965","42.2524506466293","42.7554786344476","43.5724127601728","43.926640522792","45.586031900433","47.0805815711318","48.3992540133857","49.0575625827323","49.4943309560822","50.0175921406053","50.7130658478683","50.822227228111","51.1157876763424","51.0300696253211","51.7734810864802","52.2441413036467","52.6399892432513",
"Uruguay","URY","Employment in services (% of total employment) (modeled ILO estimate)","SL.SRV.EMPL.ZS","","","","","","","","","","","","","","","","","","","","","","","","","","","","","","","","62.4764283228593","62.9316305760262","64.2704853781578","64.830209367382","64.968985548469","65.4865988247098","65.9438910285369","66.2710693480004","66.503301496121","66.9789149621991","67.6215149272144","68.7806807529477","69.0159219712793","68.066414537689","68.4239123826662","68.8383220645994","68.4243821778975","68.6524904965526","68.8254832988761","67.7524061732133","70.2498032493303","71.1873964286365","70.042614804736","70.7376772866409","71.5880286722176","72.61074753248","72.3688708531956","73.2888990452976","73.6265591464296","73.497070175709","73.1547890638217","73.3299693990494","72.6403679570717","72.9175447010323","73.1514842368313",
"United States","USA","Employment in services (% of total employment) (modeled ILO estimate)","SL.SRV.EMPL.ZS","","","","","","","","","","","","","","","","","","","","","","","","","","","","","","","","72.6896761917364","73.2412565660658","73.8339825426755","73.7549165240116","73.724263953029","73.885491655808","73.9313866892598","74.2136867716116","74.7506529023359","74.9337628689955","75.2925454391064","75.5747928988054","75.785718093051","75.8851332377365","76.066494367741","75.9946618722503","76.3029810018474","76.9321577342298","78.3806586965558","78.6583650732479","78.5679642618167","78.6183249587623","78.4672386465152","78.3945970965234","78.4249562193854","78.5031793161537","78.5619258229225","78.4780350193183","78.4587894445038","78.8351929532077","79.1539306226998","79.1026785021045","79.0947316958393","79.3873005029237","79.5627787515985",
"Uzbekistan","UZB","Employment in services (% of total employment) (modeled ILO estimate)","SL.SRV.EMPL.ZS","","","","","","","","","","","","","","","","","","","","","","","","","","","","","","","","41.8319510786276","41.993594614122","42.1633713050046","42.0781110008574","42.4016146371995","42.724648987777","42.9025646620584","43.495612387546","43.9661450470982","44.4552625271739","45.0346599760646","45.5807611980474","46.137955338692","46.7401931970193","47.3414436569819","47.9202209184004","48.559982663252","49.2064774543675","49.7275239932175","50.218148399184","49.9163008256639","50.4348867373135","49.8547557204896","49.4610032686896","49.5141016394757","49.5224994841197","49.7932678560571","50.6852179650404","50.5896924101986","49.3795091794828","49.3126019234068","49.5401658544276","49.7378951792477","49.97147756218","50.1906943451481",
"St. Vincent and the Grenadines","VCT","Employment in services (% of total employment) (modeled ILO estimate)","SL.SRV.EMPL.ZS","","","","","","","","","","","","","","","","","","","","","","","","","","","","","","","","54.0166671343191","54.8318176837953","55.8191452163856","56.9526391325147","57.7628377848118","58.8488462535649","59.6246169560776","60.3187089243574","61.4353272626654","62.5090863516731","63.3944839635592","63.8057414625775","64.0842702027481","64.3722206452834","64.7570176671822","64.8757462168541","64.9742238515294","65.5884627632956","66.0398886404089","66.5435525681907","67.0177612556795","67.4454793015858","67.7014681150857","68.2018240392032","68.3886309591213","68.7013926569","68.9544405736778","69.2231098237118","69.6339245111414","69.5308456072655","69.4369469805431","69.3183910162003","69.372584678336","69.5889603915526","69.7907911773391",
"Venezuela, RB","VEN","Employment in services (% of total employment) (modeled ILO estimate)","SL.SRV.EMPL.ZS","","","","","","","","","","","","","","","","","","","","","","","","","","","","","","","","60.7619781388363","61.0327234738127","61.9176402890238","61.903778606246","62.3621437621163","63.5299466330253","64.7890157831321","65.0127437474018","66.5979204501762","66.0720423678793","67.7934321836923","68.8897000702921","68.9105698764474","68.7148248136968","69.0652598914242","68.3986234666937","68.0340559924878","68.6092481293891","68.9061370100757","69.4872292678741","70.1503155774881","70.9948787727543","71.228365334472","71.8162963128606","72.2380544625395","72.8077900344325","71.8492557571158","72.5351339268112","73.2528900861266","72.6917446352879","72.6070280562921","73.0584823640864","73.4913759782388","73.8841898793772","74.3732817797608",
"British Virgin Islands","VGB","Employment in services (% of total employment) (modeled ILO estimate)","SL.SRV.EMPL.ZS","","","","","","","","","","","","","","","","","","","","","","","","","","","","","","","","","","","","","","","","","","","","","","","","","","","","","","","","","","","","","","","","","","",
"Virgin Islands (U.S.)","VIR","Employment in services (% of total employment) (modeled ILO estimate)","SL.SRV.EMPL.ZS","","","","","","","","","","","","","","","","","","","","","","","","","","","","","","","","71.1682579912168","71.4115848479701","71.6538905806994","71.79540363395","72.0146311547223","72.2422159790104","72.4265561711439","72.6893011317233","72.958060008999","73.1439638476436","73.4758721122658","73.7996244635193","74.0958481070571","74.2665844418994","74.4198585231194","74.6450777751841","74.8214956783164","75.148015648863","75.8319555725126","76.1841095890411","76.8466872279458","77.6491740645016","78.2389421104703","78.6405132000987","79.0171308259164","79.3458539694993","79.8372624695789","80.2066428648707","80.5546644892246","81.0063504603324","80.5571195732701","80.9116644520192","81.2212813917868","81.5627923292797","81.8619772425004",
"Viet Nam","VNM","Employment in services (% of total employment) (modeled ILO estimate)","SL.SRV.EMPL.ZS","","","","","","","","","","","","","","","","","","","","","","","","","","","","","","","","18.7156598542175","19.1866453038022","19.6469107427047","20.1580775336605","20.5181531676961","20.7721845119533","23.4589894008192","25.1225987543557","24.4673290727892","23.7270313848897","23.5421050952189","24.7479271755786","25.4465878579192","26.3436096365078","28.0646122914701","29.900225117951","30.3283222550968","30.4091345807313","30.5994639675695","29.6140897652962","30.4100306100531","31.4432598551777","32.0033506681625","32.2181324550806","33.2378777281005","33.37288761068","34.0677198752187","35.5711648258268","35.8756556249091","36.3177224262355","37.8460942595862","35.8550348764279","39.5494160842561","39.8063485099891","40.1305077279733",
"Vanuatu","VUT","Employment in services (% of total employment) (modeled ILO estimate)","SL.SRV.EMPL.ZS","","","","","","","","","","","","","","","","","","","","","","","","","","","","","","","","35.1152119535508","35.2312936211654","35.2286992628834","35.3319938616336","35.352492487865","35.4809219794383","35.5976753015391","35.8015234690838","35.960258512588","36.1457526637648","36.2245226830306","36.3090866084878","36.5235927451405","36.6633749636945","36.8410435718128","37.0026036016489","37.0175740868367","37.035803675973","37.3005168488406","33.1860514047152","34.5751955796269","35.9650547237829","37.4006926054186","38.641218291374","40.1514433456552","41.8081042149433","43.2939059947476","44.7680966519914","46.2935376321203","44.6590752378888","44.0855441569596","44.5808887926245","44.8018917209712","45.1059463799795","45.4272811284895",
"World","WLD","Employment in services (% of total employment) (modeled ILO estimate)","SL.SRV.EMPL.ZS","","","","","","","","","","","","","","","","","","","","","","","","","","","","","","","","35.3755311440451","35.7318190103166","36.4691900178638","37.1927988297344","38.0071475464572","38.6291054459314","39.1098767209122","39.4110994599419","39.5797824823606","39.2905926271197","40.2213066569007","40.697169959798","41.1221404401066","41.8364385830437","42.2879448484971","42.8508372354868","43.18605484073","43.6703243584101","44.2314146020037","44.5742888484513","45.1444636337172","45.5657996489521","46.4098826739325","47.2783498467633","48.125121347975","48.6442332390675","49.1188095647999","49.6621538952115","50.1728871460119","49.5116784467691","49.5753092725663","49.5169892035325","49.9293077708594","50.3230584091749","50.5581384091108",
"Samoa","WSM","Employment in services (% of total employment) (modeled ILO estimate)","SL.SRV.EMPL.ZS","","","","","","","","","","","","","","","","","","","","","","","","","","","","","","","","37.0876368471866","37.3954125793422","37.561279971477","37.78137025778","38.1426898131152","38.2549867485005","38.5489964990121","39.1971521885638","39.8606584234397","40.2510517966756","40.816608518429","41.9896241324813","43.3605537276028","44.5167191787783","45.7276345972204","47.0583303992086","48.9420759577828","50.1219994724347","51.3197870046715","52.6781510285594","53.8580720130405","54.2981358276793","54.5232512700274","55.2618421689273","55.5853454919086","55.7015154913332","56.0561760053684","56.7062513272023","56.872967445603","56.0999877808229","55.969868173258","56.3763295442085","56.6316480630335","56.8615328666242","57.1816359992713",
"Kosovo","XKX","Employment in services (% of total employment) (modeled ILO estimate)","SL.SRV.EMPL.ZS","","","","","","","","","","","","","","","","","","","","","","","","","","","","","","","","","","","","","","","","","","","","","","","","","","","","","","","","","","","","","","","","","","",
"Yemen, Rep.","YEM","Employment in services (% of total employment) (modeled ILO estimate)","SL.SRV.EMPL.ZS","","","","","","","","","","","","","","","","","","","","","","","","","","","","","","","","30.6270088289423","30.736054203381","31.1251986036007","31.310211403011","30.9127355853001","30.5101503833153","30.1982351194758","29.8902773796148","31.8492558321233","35.1478505047938","38.7816345026044","42.5178942056138","46.2024680388638","49.9543541630426","50.9513112928618","52.0056297467155","52.8210133477998","53.5016120541507","54.0574373992386","54.8315014571272","55.0468072389964","55.4873424096099","55.8602416724648","56.2754408619039","56.5542935353311","56.8001617442093","57.106147579879","57.5227839931956","57.8540684015137","56.1106637573326","55.5721628008722","55.997466048887","56.4243401985256","56.8251366111918","57.254720049211",
"South Africa","ZAF","Employment in services (% of total employment) (modeled ILO estimate)","SL.SRV.EMPL.ZS","","","","","","","","","","","","","","","","","","","","","","","","","","","","","","","","65.9274652554134","65.9478760042999","66.0019742207642","66.0949474404707","66.2513087546134","66.4133318314822","66.5473739827197","66.5606406366268","66.7383913502074","67.0136395447262","66.2889436713683","64.6960579860158","66.1927282134068","65.9162253141724","67.909944704153","68.1108001320362","68.3677128311575","68.6026576247753","69.6903429676421","70.4787916010321","71.2438218454142","71.7307142611379","71.5191764067506","71.9567581627402","70.5797708652084","71.1148721557361","71.4106089371004","71.7162137083785","72.4507876278403","73.3396584260292","73.6668582690362","73.3598392337261","73.9253046339629","73.7530079450078","73.833224386876",
"Zambia","ZMB","Employment in services (% of total employment) (modeled ILO estimate)","SL.SRV.EMPL.ZS","","","","","","","","","","","","","","","","","","","","","","","","","","","","","","","","18.1564812786894","17.9976857555693","17.8974565976153","18.5502518758914","18.6266229145357","18.8578143061127","18.9862266351927","18.911369051061","18.7804103922295","19.1226068824007","18.3759174844102","17.7792110298584","17.3303685274665","17.0145419850632","16.8128699907176","16.9311532809297","17.0711270366107","17.2194005212422","19.6348185546417","22.3693705000313","25.2239151069681","28.5558493942458","28.4955315757188","28.6495600942243","28.9466592252126","29.1606506427495","29.3803928466249","30.2807191314516","33.542399392437","32.2171216027503","32.0141703515057","34.211708332653","34.107528168994","34.6642767109741","35.1915560379026",
"Zimbabwe","ZWE","Employment in services (% of total employment) (modeled ILO estimate)","SL.SRV.EMPL.ZS","","","","","","","","","","","","","","","","","","","","","","","","","","","","","","","","38.0879027727236","37.3033777959101","37.048193347403","37.9924324377083","38.2911928431498","39.0871121266327","39.257954836956","39.4908569872681","38.9490424541797","36.6593116612279","34.7049370783036","31.4209309813038","27.8979692214285","25.2876064941968","23.8442438639279","22.6456627734779","21.9479529009096","20.9800544388592","22.7021303418261","24.7348497471355","24.9156544332238","25.7991120510776","25.3930190098255","25.3633085196221","25.6437906908085","25.6716624872077","25.850144774956","26.4468898243409","26.4060826336986","29.0651452872709","32.8902432559003","34.3678189751918","33.1583806866399","33.394772809592","34.1608804151819",
